0,为什么绑卡绑不了呢？,1.0
1,销户后为何还能解绑银行卡,0.9052212031657974
2,为何提示还款卡不存在,0.9050546334631341
3,为什么没有扣款,0.9032316275224481
4,为何之前绑定的银行卡不支持扣款了,0.9024197730486684
5,存管密码被锁定怎么办,0.9023077539937546
6,为何无法申请好人贷,0.9018645765440402
7,系统升级会影响扣款吗,0.9012587346974336
8,银行渠道维护无法操作怎么办,0.8975317395115645
9,为什么提示用户不存在,0.8960774569286979
10,密码被锁定怎么办,0.895914653698317
11,实名认证为什么不符,0.8951878773446398
12,自动扣款失败怎么办,0.8942938461286329
13,好人贷为什么无法登录,0.893332923861974
14,实名认证失败的原因是什么,0.8930849323470239
15,为什么无法注册,0.8930047940795842
16,如何换绑银行卡,0.8923948689298501
17,为何提示用户未实名认证,0.8916268588601095
18,为何无法登录存管查询,0.8908945896008144
19,通过本人微信找回密码是指什么,0.8901603792615179
20,进入随心存为何提示手机号码不一致,0.8896822348290429
21,为什么拍照认证时总是不成功或显示系统崩溃,0.8894299006758976
22,手机号无法使用为什么,0.8888581833971831
23,为何存管查询提示没有密码,0.8883279301771847
24,好人贷为什么无法借款,0.8882238538032383
25,如何解绑银行卡,0.888164909343108
26,为何提示支付平台其他错误,0.8880315195721347
27,为何提示支付平台渠道不支持的银行,0.8874551617289568
28,为何提示支付平台持卡人信息有误,0.8869175063273906
29,京东存款为什么显示当日额度为什么已售罄？,0.885241496890304
30,为何提示系统异常,0.885034681553653
31,视频认证录制失败的原因是什么,0.8844906186238298
32,为何提示支付平台签约关系不存在,0.8841348787792509
33,为何提示支付平台暂不支持的银行或限额,0.8839422497389852
34,为何提示支付平台该客户无默认扣款卡，交易没有发给统一支付,0.88331596586566
35,好人卡绑定云闪付/微信等失败怎么办,0.8829898903217334
36,人脸识别失败怎么办,0.8826403663637058
37,合同为何无法打开,0.8825160078553987
38,白骑士认证失败是什么意思,0.8819403915461242
39,为什么收到提额短信但额度未提升,0.8815379171303936
40,页面为何提示“开户失败”、“账户存在异常操作/账户异常”,0.8812380617016694
41,为什么收到美利车金融的短信,0.8808156667182573
42,如何更换微信号,0.8807737182739896
43,好人贷为什么提示“账户存在异常操作”,0.8798512924707261
44,为什么点击拍照没有反应,0.87985019546974
45,怎样用其他手机登录好人贷,0.8797484872118031
46,为何收到新网银行还款短信,0.8796736173963877
47,优信扣款成功后为何显示待还款,0.8794490652128208
48,活体检测失败怎么办,0.8783217135063277
49,绑卡时页面上的银行卡预留手机号码可以修改吗,0.8778063839066926
50,购买存款页面为何提示“额度不足，无法购买”,0.8774461698255749
51,注销注册用户后是否可恢复？,0.8773938904821829
52,为何还款后额度恢复减少了,0.877085997627722
53,好人贷为何无法还款,0.8766689289477212
54,为何同时收到了还款成功和失败的短信,0.8766608249962577
55,如何激活新网二类户,0.8763087764444026
56,新网银行能否绑定云闪付,0.8762298872411539
57,如何解约快捷支付？,0.876101711755349
58,车贷合同为何无法查看,0.8756202161192235
59,为何销户后还能看到好人贷信息,0.8755378881734797
60,为何无法销户,0.8749866985212182
61,为何提示支付平台账户状态异常,0.8748877427082563
62,为何提示支付平台不允许持卡人进行的交易,0.8746901717460764
63,页面为什么异常跳转,0.8746342614150663
64,为什么取消了提前部分还款,0.8745821629324775
65,新网银行视频认证的QQ号码是多少,0.8734774629044987
66,如何设置存管支付密码,0.8734588101495138
67,页面为何无法打开,0.8733221001209461
68,为何提示支付平台发卡行拒绝,0.8732422889254289
69,微信号更换成功后何时可以正常使用,0.8728602435971677
70,如何查询新网账户,0.8726805438243619
71,银行卡挂失会影响自动扣款吗,0.8723874645382417
72,更换银行卡会影响自动扣款吗,0.8721240832317405
73,如何查看手机号是否实名制,0.8718829306938153
74,如何增加银行卡,0.871858459394993
75,银行渠道维护是指什么,0.8715878408511216
76,为何提示支付平台当日交易次数超限,0.871505953553086
77,好人贷手动还款时为何提示批次执行中,0.871410303706525
78,为何提示支付平台账户余额不足,0.8713834807228293
79,如何邀请好友申请好人贷,0.8712918842984361
80,绑定银行卡产生费用吗,0.8711842183426194
81,转账时为何提示未面核,0.8710120232292818
82,新网银行扣款通道是什么,0.8707835014366112
83,为何好人贷还款时提示“交易处理中”,0.870767052667742
84,是否需要使用本人手机操作好人贷,0.8707662224218414
85,如何查看随心存购买情况,0.8706959156893082
86,为何提示还款存在差错,0.8706365457413585
87,优信客服电话是多少,0.8702091379362157
88,扣款结果会有短信提示吗,0.8700992984243392
89,好人贷交易密码如何设置,0.8698702053839494
90,为何页面出现多个新网银行账户,0.8696979881901572
91,随心存支持提前支取吗,0.868882315370168
92,额度冻结怎么办,0.8686951243088721
93,如何绑定银行卡,0.8685999724654073
94,系统繁忙是什么原因,0.868460155457824
95,什么是银行卡预留手机号？,0.8684471543053027
96,如何修改新网随心存注册号码,0.8678891667672194
97,京东存款如何修改注册手机号码,0.8676807806251574
98,为何申请好人贷后显示未获取额度,0.8676578290770346
99,如何办理好人卡？,0.8672273059626534
100,能否让客服回电,0.8671524156615917
101,修改手机号码/微信号是否会影响自动扣款,0.8669588568317801
102,随心存如何登录,0.8669051708134763
103,新网二类户为何无法转入/转出,0.866890493758421
104,什么是注册号码？,0.8667325712729876
105,忘记密码怎么办,0.8667162679278059
106,新网银行人工客服电话打不通,0.8662418847234263
107,车贷如何解绑银行卡,0.866238731550291
108,修改手机号码的处理时间是多久,0.8659595208962455
109,为什么银行还款存在限额？,0.865929597747177
110,登录密码为何无法重置,0.8651168108936026
111,为何提示支付平台交易金额超限,0.8650369807283658
112,新网银行账户的交易记录如何查看,0.8647225878225504
113,为何提示交易密码验证失败,0.8646587321526272
114,如何更改其他平台的注册手机号码,0.86435121990816
115,注册手机号及微信号需要实名制吗,0.8643335364918078
116,开据证明时为何提示账户存在异常,0.8641885725734969
117,如何查询转账到新网银行的记录,0.863859796609821
118,存款产品如何修改手机号,0.8634494641767816
119,随心存操作渠道有哪些,0.8632056936930057
120,随心存如何修改交易密码,0.862575745113346
121,获取验证码次数超限怎么办,0.8622456330773933
122,交易密码无法设置,0.8622168834030968
123,为什么提前还款显示联合贷批次执行中？,0.8620018160706078
124,企业邮箱为何验证不了,0.8619134049434757
125,存管查询为何提示用户不存在或者信息有误,0.861910971799728
126,新网银行账户可以在哪些地方使用,0.8618547491524093
127,好人贷被拒后为何没有下次开放时间,0.861793021287767
128,新网银行账户是什么,0.8615347774546621
129,客服能否查看聊天记录,0.8613538457907717
130,收款卡发卡行拒绝放款失败什么意思？,0.8612937281830765
131,修改手机号后是否需要重置登录密码,0.8612907478598727
132,为何收到新网银行逾期提醒短信,0.8606038099030258
133,平台还款信息为何与新网银行不一致,0.8605721763061862
134,为什么好人贷第一期还款金额与之后不一致,0.860452511734583
135,联系新网银行客服有哪几种方式,0.8603277398270806
136,为何提示支付平台银行卡未开通银联无卡认证支付,0.8602296676873278
137,新网账户绑定微信/支付宝后支持提现或充值吗,0.8600513841174854
138,更改银行卡预留手机号的方法,0.859913919406457
139,注册手机号更换成功后何时可以正常使用,0.8598898069347339
140,新网账户之间能否互相转账,0.8595778638721807
141,为何提示支付平台受发卡行资金用途限制拒绝交易,0.8594434417204215
142,如何冻结新网银行账户,0.859368289280956
143,开具结清证明时为何无法登录,0.8591715964828083
144,申请被拒怎么办,0.8588573966462731
145,查询车贷的注册手机号码是什么,0.8586570642645863
146,借款成功会有短信等提醒吗,0.858500494572187
147,存在迁户问题怎么处理,0.8581639746464595
148,如何注销新网二类户,0.8579559099557145
149,如何查询账户是否冻结,0.857830872507491
150,为何图文验证码输入正确却提示错误,0.8576857303114312
151,新网银行如何联系客户,0.8576804899721376
152,提前支取时为何显示存入,0.8575136934657587
153,如何查询其他平台扣款银行卡,0.8574634517214769
154,借款失败怎么办,0.8573394840964336
155,可以查询注册手机号码吗,0.8571868809166251
156,如何查询是否已申请好人贷,0.8570751392047693
157,身份证上传失败怎么办,0.8569287000528816
158,美团客服热线是多少,0.8567431242199501
159,为何征信上的放款日期与实际借款日期不一致,0.8564981519812822
160,合作平台如何取消贷款,0.8562671673921958
161,如何更换好人贷默认还款账户,0.8562667655329581
162,为何无法提交好人贷申请资料,0.8562393230082574
163,申请好人贷后有没有回复,0.8560184112474646
164,为何征信上有新网上报的贷款记录,0.8558481377046954
165,有额度不使用有什么影响吗,0.8555606772107754
166,车贷如何修改注册手机号码,0.8553621148448763
167,结清贷款后征信上是否会显示结清,0.8553309414422923
168,如何修改实名认证手机号码,0.8552727410614055
169,令牌无效是什么,0.8550488263885486
170,新网银行公众号如何取消关注,0.8549215627894419
171,银联在线支付是什么,0.8548964655735671
172,银行卡是二类户影响扣款吗,0.8546871410686737
173,转账到新网银行如何操作,0.8545886254397601
174,如何取消征信查询及使用授权书,0.8545744314990112
175,新网银行人工客服电话是多少,0.8545218879304936
176,车贷能否绑定他人银行卡,0.8544325085238774
177,好人贷额度为什么变低了,0.8544037508605996
178,公众号是否有还款提示,0.8539115544474247
179,还款后页面显示等待中,0.8536681043050559
180,好人贷账户如何注销,0.853609536085717
181,手机号归属地与定位地不一致是否有影响,0.8533110942028957
182,为何征信上有新网银行上报的逾期,0.8532036284048394
183,银行卡开通银联在线支付后是否可正常还款,0.852971730349788
184,微信/支付宝等可否与新网银行账户互相绑定,0.8528549680417898
185,绑定银行卡失败,0.8527472410869537
186,如何注销新网注册用户,0.8527137808430949
187,视频认证的步骤是什么,0.8525908692172015
188,为何重置密码后仍提示密码错误,0.8525434802318
189,好人贷-云闪付是什么,0.8523504979734506
190,为何征信上有新网银行的贷款审批记录,0.8523303737217849
191,可以重新注册吗,0.8522497432824171
192,为何申请好人贷页面显示暂无资格,0.8522375985489284
193,银行渠道维护时间一般是多久,0.8521440850789304
194,如何查询申请相关的协议书,0.8518679969366121
195,自助提额什么时候上线,0.8517814891842016
196,为何结清证明显示日期与平台不符,0.8516129490714212
197,如何修改存管账户预留手机号码,0.8515601501290669
198,客服是否是随机分配,0.8515408413151495
199,58车金融客服电话是多少,0.8513396907008427
200,电脑端可以登录好人贷吗,0.8513349897652271
201,如何获取线上核身链接,0.8512656851007759
202,新网银行账户可以设置为好人贷借/还款账户吗,0.851036643191917
203,新网银行的官网地址是什么,0.8508952989274157
204,线上转入新网银行账户到账时间是多久,0.8508426387607558
205,好人贷能否绑定他人银行卡,0.850550577559875
206,借款时选错收款账户怎么办？,0.8503064249469754
207,名下所有卡被冻结后如何还款,0.8502788702724784
208,自动扣款如何操作,0.8502062754334344
209,好人贷账户如何挂失,0.8495992317831911
210,额度冻结是什么意思？,0.8495725052527263
211,新网银行发送的短信验证码的有效时长？,0.8494605045748782
212,好人贷审核时是否给填写的联系人去电,0.8494362883740759
213,好人贷还款后额度何时恢复,0.8493253574085383
214,还款金额超银行卡限额怎么办,0.8492378962676549
215,再次申请好人贷会查询征信吗,0.8491240687885541
216,客服能否看到客户申请好人贷的信息,0.8491231365717979
217,关闭其他平台额度后，能否恢复好人贷额度,0.8489508028909236
218,新网银行三类户是什么,0.8488523536124313
219,转入新网银行使用的密码是交易密码还是银行卡密码,0.8488199288280275
220,还款后为何未更新还款状态,0.8488198480194322
221,支持绑定的银行卡类型有哪些,0.8482956307433108
222,如何查询好人贷申请的授信结果,0.8481865797886091
223,公众号如何注册,0.8479768232835436
224,任性还款是什么,0.8478281540896844
225,可以通过他人银行卡转入到新网银行账户吗,0.8477004155809731
226,好人贷如何查看所支持的还款方式,0.8475721230764064
227,好人贷账户如何更换手机号码,0.8473945141866521
228,如何确保还款日当天会扣款成功,0.8469956689168876
229,好人贷扣款账户如何查看,0.8466074703927855
230,好人贷申请能否撤销,0.8465672501520336
231,好人贷只能使用微信登录吗？,0.8465052306354888
232,随心存可以在我行公众号查询/操作吗,0.8464803398920123
233,自动扣款时间段是多久,0.8463242825768288
234,好人贷借款后能否修改贷款信息,0.8457548675056306
235,好人贷注册手机号无法使用,0.8457149484625315
236,好人贷借款时还会审核吗,0.8456535423421925
237,公众号页面的“我的排号”是什么意思,0.8455411713583703
238,如何在新网银行开户,0.8454881478015953
239,如何修改征信上的个人信息,0.8454166794510342
240,实名认证是否查询征信,0.84536320119702
241,新网银行开户支持的证件有哪些,0.8453300359424744
242,如何登录微信公众号,0.8452818963438613
243,好人贷个人资料如何修改,0.8452195028639469
244,好人贷注册手机号与银行卡预留手机号是否需要一致？,0.8449741546437188
245,申请好人贷后为何页面显示仍可提交申请,0.844847921623821
246,好人贷-云闪付如何更换收/还款银行卡,0.8447801896450795
247,好人贷额度是否会发生变化,0.8443728768285634
248,如何查看银行卡管理列表,0.844253942972434
249,可以查询个人信息资料吗？,0.8441622006058179
250,新网银行有哪些活动,0.8441538503310915
251,如何删除身份证信息,0.8441113174745414
252,当期账单支持再分期吗,0.8440257031329415
253,为何人脸识别提示光线太足,0.8438127973942237
254,开据证明时为何需要实名认证,0.843803110092676
255,贷款结清之后能否删除贷款记录,0.8437060651227061
256,线下转账如何填写新网银行开户信息,0.8437038972546901
257,获取额度后多久可发起借款,0.843515161493759
258,好人贷申请是否支持人工受理,0.8433408345442823
259,怎样才能成功申请到额度,0.8431762082127693
260,平台方手机号变更导致我行无法直接开据结清证明问题,0.8431732696139486
261,如何进入好人贷页面,0.8431340538218011
262,新网二类户可以升级为一类户吗？,0.8430841062872964
263,为何存管信息与平台显示不一致,0.843063642265415
264,新网银行行号是多少,0.8428212483732044
265,新网银行存款产品为何暂停交易,0.8427699932430878
266,银行转账未到账怎么办,0.8426028979448293
267,是否可以取消自动扣款,0.8425414893371137
268,扣款失败的原因,0.8425088927754636
269,线上开据证明有次数限制吗,0.8422635420277182
270,非绑定银行卡可否与新网二类户转账,0.8420873615436324
271,随心存如何查看收益情况,0.8417601291340345
272,如何退出微信公众号,0.8416672314465438
273,如何更换借款收款银行卡,0.8416060252911092
274,银联在线支付如何开通,0.8415818083038815
275,如何把注册用户与结算用户都注销,0.841443004582736
276,如何查询是否开通银联在线支付,0.8414196183620442
277,是否会发生重复扣款情况,0.8411061795211264
278,好人贷账户如何查询,0.840861507127954
279,合作平台如何还款,0.8406168488153544
280,如何查看委托支付协议,0.8404956170012415
281,如何查询合作平台贷款是否结清,0.8404289662090905
282,为何提示支付平台支取金额超过可用余额,0.8402724675155003
283,我行对客邮箱是多少,0.8402029625051497
284,为何申请好人贷无结果,0.8400184806302571
285,哪些渠道可以购买京东存款产品？,0.8399933140091577
286,新网银行二类户与好人贷是否为同一个手机号码,0.8399060308820696
287,销户后可以再开户吗,0.8398080924577304
288,登录时的图文验证码是否区分大小写,0.8397556909955718
289,还款记录如何查看,0.8396342906050523
290,新网银行以什么名义放款,0.8395534678498207
291,存管账户如何注销,0.8392580867031684
292,新网银行二类户如何转入/转出,0.8391920545052968
293,销户后是否上征信,0.8391485808940103
294,如何查询还款日,0.8389967093474816
295,好人贷申请是否查询芝麻信用,0.8386455870442336
296,密码如何修改,0.8385912487880897
297,如何查询征信报告,0.8385226266029355
298,好人贷如何主动还款,0.8382657620393401
299,车辆信息如何查询,0.8382283317676155
300,身份证更换期间会影响好人贷贷款吗,0.8381812054255527
301,好人贷账户是否为新网银行二类户？,0.838131764304756
302,能否删除个人信息,0.8380965772743004
303,提额会有通知吗,0.8380470744192968
304,如何查看优惠券的使用情况,0.8380273909476129
305,线上开据证明为何和征信金额不符,0.8380017430165817
306,京东存款是否支持提前支取/提前部分支取？,0.8379677387566259
307,提前结清贷款后还会扣款吗,0.8378586917800834
308,新网二类户转入/转出有时间限制吗,0.8378295357449652
309,随心存停售后有影响吗,0.8375345729815752
310,黑户/白户是否可以申请好人贷,0.8374307648002599
311,车贷还款只扣除部分是什么原因,0.8373744206300929
312,好人贷-云闪付如何提前还款,0.8373130962314072
313,存款产品如何重置交易密码,0.8372840681649417
314,可以让别人代还款吗？,0.8372788094611716
315,好人贷利率为什么调高了,0.8372637574580519
316,补扣会影响信用吗,0.8370629437541909
317,贷款证明开据失败怎么办,0.8368060109551088
318,在线客服是否是人工客服,0.8366996574071249
319,他行渠道汇入新网账户的到账时间是多久,0.8365214313817005
320,新网银行地址在哪里,0.8364890722106039
321,注册规则是什么,0.8364764170820114
322,好人贷借款超时未到账如何处理,0.836446572683997
323,好人贷申请身份证可否添加水印,0.8361677779326261
324,新网诺诺发票贷如何申请,0.8357796401495704
325,滴水贷客服电话是多少,0.8357713347395143
326,可否按照征信订单号开据证明,0.8355632456408842
327,如何查看开户结果,0.8355097543666125
328,为何提示缺少必要参数,0.8354469752721596
329,好人贷为什么额度低,0.8349138390290877
330,新网银行二类户限额是多少,0.8349116993179625
331,如何查看好人贷还款计划,0.8348195545941609
332,好人贷借款记录如何查询,0.8347693923053119
333,好人贷申请是否可以使用临时身份证,0.8346270774646244
334,还款日当天是否自动扣款,0.8338194098728136
335,好人贷支持随时借款吗,0.8338014972790019
336,如何降低/关闭额度,0.8335747116338659
337,好人贷审核不通过对个人有什么影响,0.833567119712629
338,借款到账后页面未更新借款状态,0.8335353231093096
339,好人贷定位如何开启,0.8335034534932504
340,新网银行自动扣款时间,0.8334745103687471
341,好人贷是否有临时额度,0.8332999591792163
342,好人贷只能通过绑定的银行卡还款吗,0.8332956623492054
343,新网银行存款是否受保障,0.8332726951304902
344,新网银行好事贷如何申请,0.8330008955943501
345,新网银行有招聘吗,0.8329741223838031
346,在哪个平台操作提现,0.8326318251029686
347,身份证信息变更后如何更新,0.8325727679347639
348,申请好人贷有区域或者号段等限制吗,0.8324485003766956
349,如何查询好人贷借据收款银行卡,0.8323358817373063
350,好人贷借款如何上报征信,0.8322914407680954
351,如何注销公众号,0.8321749840978682
352,在线咨询是否支持客户发送语音,0.832133070084643
353,电话客服是否可以受理结清证明,0.8321167533955802
354,提前支取有限制吗,0.8320456701981398
355,好人贷还款记录如何查询,0.8319994187084001
356,我们是四川新网银行吗,0.8314864203189039
357,接收短信的手机号是否为注册手机号,0.8314675842412453
358,如何知晓已注销成功,0.8310067660879771
359,如何录制活体检测,0.8309423124658202
360,审核电话内容是什么,0.8309296903037275
361,新网银行APP下载,0.830882000109295
362,新网二类户转入/转出收取手续费吗,0.830877414503292
363,随心存T+1是什么,0.830837024385585
364,好人贷可以重新申请吗,0.8308234889979935
365,无法提供消费凭证可以取消贷款吗,0.8307823478402915
366,好人贷授信首页显示利率是否为固定利率,0.830645897369431
367,车贷如何更换还款银行卡,0.8306137835819508
368,好人贷提额会查询征信吗,0.8305404697877493
369,如何查询车贷还款日,0.8305164081329586
370,新网银行是否上市,0.8304806248259822
371,借款后如何判定下次还款日期,0.8304433406426738
372,新网银行有实体卡片吗,0.8302432041281791
373,新网银行有哪些产品可以提额,0.8299125109419665
374,车贷平台如何查询,0.8296461984437895
375,好人贷能否人工操作提额,0.82961993867242
376,银行卡还款限额是多少,0.8295843737528907
377,转账到新网银行账户是否还款成功,0.829274844749805
378,上传身份证时需填写的内容是什么,0.8292465050673332
379,好人贷必须绑定银行卡使用吗,0.8291026182347713
380,挖财还款是否为新网银行代扣,0.8289749651991128
381,使用优惠券后提前还款利息如何计算,0.8289686213547451
382,好人贷如何审核,0.8289012992917631
383,征信报告是什么样的,0.8288543504771371
384,如何购买新网银行存款产品,0.8281435192872257
385,好人贷是否支持提前还当期账单,0.8280436030461592
386,申请好人贷没有公司邮箱怎么办,0.8280295041351191
387,实名认证审核时间,0.8279141578250037
388,如何通过线下方式转入新网二类户,0.8278895246038745
389,还款银行卡是否需要开通银联在线支付业务,0.8277836590403964
390,新网银行合作平台有哪些,0.8277385706293127
391,存管账户如何查询,0.8276588729966204
392,我行放款的其他平台借款会上报征信吗,0.8274745363571667
393,申请好人贷必须填写联系人信息吗,0.8274306380757158
394,车贷支持手动还款吗,0.8274161552391551
395,什么是我的额度和可借额度,0.8273155477271111
396,好人贷额度必须一次性借完吗,0.8269691276086957
397,好人贷是否支持提前还款,0.8268576939492952
398,申请好人贷后，可否更改授信结果,0.8265373955038103
399,如何查看好人贷相关协议/合同？,0.8264528958020896
400,操作好人贷是否需要开启定位,0.8263257556929372
401,其他贷款怎么办理,0.8263179654024584
402,好人贷支持在国外发起借款吗,0.8262238211517607
403,好人贷如何实名认证,0.8261279355144234
404,好人贷是否支持归还逾期部分账单,0.8260327925369902
405,好人贷如何提前还款,0.8258462699606451
406,新办的手机号可以申请好人贷吗,0.8257976617450064
407,新网银行以何名义查询征信,0.8257477731764449
408,按期还款和任性还款的区别是什么,0.8256674721708503
409,消费凭证有效期是多久,0.8252584894946097
410,下一次开放时间是什么意思,0.8251882305180931
411,车贷如何办理解押手续,0.8248241318064419
412,好人贷如何提高额度,0.8247871887898859
413,好人贷有回访电话吗,0.8247640318078983
414,车贷如何申请,0.8245640793808103
415,好人贷额度他人能否使用,0.8245354577023233
416,申请好人贷需要开个人账户吗？,0.8245213746927164
417,可否补充企业邮箱,0.8243878484177453
418,为何提示不具备开具资格,0.8241661913754825
419,未正常还款我行会进行催收吗,0.824124002523861
420,申请好人贷是否都有额度,0.8240002365853163
421,"好人贷有回访电话吗""",0.823754469873569
422,好人贷自动扣款规则,0.8236506912238021
423,征信是什么,0.8233146795856056
424,销户与否会产生什么影响,0.8232623501627695
425,逾期造成的影响是什么,0.8231669300510825
426,好人贷放款至什么账户,0.823053994691339
427,存款需要先开立银行账户吗,0.823052167163441
428,如何查询存管账户流水,0.822914529775469
429,车贷可以修改还款日吗,0.8228699998706418
430,好人贷申请成功会有短信通知吗,0.8226474785309859
431,好事贷如何还款,0.8223514145936058
432,申请好人贷需要下载APP吗？,0.8223409823571656
433,输入身份证号码时，为何无法输入字母,0.8223164376671963
434,提前还款有次数限制吗,0.8222450073812564
435,如何进入个人中心,0.8221875831301833
436,客户催促需要加急办理,0.8219744088835373
437,新网银行有信用卡吗,0.821950212982188
438,未接到好人贷回访电话会被拒吗,0.8218115480516853
439,客户表示没有问题了,0.8216458590998201
440,额度占用问题,0.8212989583427761
441,审核电话可更改接听电话吗,0.821263430219632
442,工新借是什么,0.8209603979159256
443,新网二类户上的资金是否计息,0.8203865634001056
444,好人贷支持微信/支付宝扣款吗,0.8203090173009484
445,好人贷如何自助提额,0.8202710529418227
446,线上是否可开据征信版结清证明,0.8200406392485438
447,客户咨询其他平台催收问题,0.8199054085588074
448,企业邮箱填写错误怎么办,0.8195907592419255
449,存管是什么,0.8195300056311422
450,存款页面是否会显示每日收益,0.8192831563964703
451,平台方提供的客户审批资料能否提供给客户,0.819061050630839
452,还款日当天支持手动还款吗,0.8190457726433068
453,车贷扣款支持的银行卡有哪些,0.8188679538884754
454,什么是分批次扣款,0.8188492015901069
455,好人贷如何申请,0.8188490216222102
456,好人贷的办理时间,0.8188147734163783
457,什么是登录密码,0.8186213110593354
458,车贷还款记录如何查询,0.8185070527568704
459,批扣时间段是多久,0.8183767316027055
460,居住信息如何填写,0.8183386838619279
461,车贷如何还款？,0.8181306166840303
462,好人贷不借款会产生利息或费用吗,0.8181081750693879
463,新网有哪些产品,0.8180569654702069
464,如何查看贷款合同,0.817615365722451
465,为何按期还款只能选择部分贷款期限,0.8173101660825651
466,存管查询的余额如何提现,0.8172496943652888
467,好人贷审核电话是多少,0.8172208739659642
468,新网银行的活期利率是多少,0.8170423888818281
469,提前还款会影响个人征信吗,0.8169726140586209
470,好人贷借款合同有效期是多久,0.8169656673915311
471,随心存利率为何会发生变化,0.8169358757329312
472,好人贷申请需要填写哪些个人信息,0.816886374538017
473,车贷如何提前还款,0.8168252426578275
474,个人可以在新网开立几个账户,0.8166298144154794
475,好人贷支持周末借款吗？,0.8164910953325256
476,好人贷借款金额与到账金额是否一致,0.8163259707664741
477,还款日可以修改吗,0.8162952578763787
478,客户发送截图以及个人信息等,0.8162819022826877
479,可否取消银行卡限额,0.8162370302405738
480,借款合同是否有展示提前还款会收取违约金的情况,0.8158724676741635
481,新网银行有几个网点,0.8157728813194232
482,开据证明为何显示没有符合要求的订单,0.8156952562953753
483,好人贷还款后多久到账,0.8156056902974512
484,好人贷有额度后如何进行贷款,0.8154979621402192
485,好人贷支持扣款的银行有哪些,0.8153790874087882
486,新网银行业务办理时间,0.815337632663676
487,好人贷如何还款,0.8150525002455532
488,创客贷额度是多少,0.8148411907893215
489,客户表示知道了,0.8147622975295071
490,好人贷如何试算利息,0.8145886671516049
491,车贷合同如何查看,0.8145527175978576
492,好人贷利率为什么高,0.8145248050107133
493,实际申请金额与放款金额不一致可否取消车贷,0.8144725295989672
494,新网银行存款属于理财产品吗,0.8138439825871232
495,注销账户的处理时间,0.8136739999698844
496,征信上显示的贷款金额是否包含利息,0.8136692810716719
497,诺诺发票贷的利率是多少,0.8134733445154211
498,好人贷以什么贷款类型上报人行征信？,0.8132465276848253
499,开户失败原因,0.8129929446161764
500,有多少人获得好人贷额度,0.8126486503428205
501,退汇是什么意思,0.8125249808553123
502,企业邮箱格式是什么,0.812140948710503
503,关于客户个人信息安全问题,0.8119917101450358
504,车贷申请多久可以放款,0.8119808675674647
505,新网银行存款类产品有哪些,0.8119748026714979
506,结清证明印章无法查看,0.8118791560053655
507,存管提现到账时间是多久,0.8116712349680004
508,开通什么业务,0.8115778673651162
509,好人贷贷款期限是多久,0.8113876582140135
510,季得利是什么,0.8113028242872042
511,可绑定银行卡数量上限,0.8112237487768232
512,贷款证明如何开据,0.8110356498174605
513,随心存产品停售原因,0.810799126797675
514,选择任性还款/按期还款利息如何计算,0.8107424892074995
515,目前支持的银行有哪些,0.8100946695773337
516,新网银行有企业贷款吗？,0.810016468392317
517,申请诺诺发票贷需要什么条件,0.809574387294852
518,好人贷额度是否循环使用,0.809341903759899
519,新网银行自动扣款次数,0.8092306962862033
520,好人贷申请的渠道有哪些,0.8088485881350309
521,什么是一、二、三类户,0.8087245734391642
522,好人贷申请必须使用身份证原件吗,0.8084905169326259
523,存款产品是否存满五年才能支取,0.8084138624054474
524,随心存提前支取到账时间,0.8083919539099442
525,半年得利提前支取影响已发放利息吗,0.8082625487585046
526,好人贷需要面签吗,0.8082598415813826
527,好人贷如何降低利率,0.8081333712169011
528,什么情况算逾期,0.8081187840435212
529,拨打我行人工客服电话是否收费,0.8080434289185852
530,随心存到期后何时到账,0.807679066164375
531,车贷合同里的金额是否包含利息,0.8076781016550709
532,人工是否可操作扣款,0.8076260742910512
533,逾期后还款金额是否会增加,0.8075406504064696
534,工新借如何申请,0.80746432167755
535,好人贷借款多久到账,0.8067816577433278
536,好人贷电话回访时间,0.8066022272246464
537,能否人工开据贷款证明,0.8064981055280309
538,节假日可以操作各类存款吗,0.8062452403916237
539,好人贷额度是多少,0.8062208171680382
540,季得利提前支取影响已发放利息吗,0.805827200347042
541,好人贷贷款利息如何计算,0.8056057116210135
542,好人贷借款规则,0.8054899531251913
543,存款产品支取通用路径,0.8054601490873551
544,如何查询当期车贷还款金额,0.8054373067943772
545,查询结清证明申请是否已提交,0.8054303301096783
546,好人贷提额周期是多久,0.8050167883111652
547,什么是无卡支付及免密支付,0.8049341468813185
548,如何关注新网银行公众号,0.8047938229676922
549,如何操作随心存大额存款,0.804517348468813
550,好人贷审核时间是多久,0.8042367499441007
551,结清贷款后什么时候可以开据结清证明,0.8039978092198208
552,五年定期存款支持提前支取吗,0.8039788356340378
553,选择任何还款方式都可以提前还款吗,0.8038198446637979
554,好人贷与其他平台类似产品的区别是什么,0.8037714611244652
555,什么是风控审核中,0.8033444548430806
556,申请好人贷使用的邮箱是公司邮箱还是个人邮箱,0.8031786897119603
557,车贷逾期如何还款,0.8030295610719754
558,节假日可以借/还款吗,0.8028571336492432
559,好人贷部分提前还款规则,0.8026515662009642
560,申请好人贷工作信息如何填写,0.8022728062236413
561,什么情况算违约,0.8022124860739004
562,好人贷是什么,0.8021728921129961
563,开户是什么意思,0.8021199500994792
564,如何选择按期还款/任性还款,0.8019288294141065
565,什么平台的贷款,0.8018702718712885
566,好人贷还款方式有哪些,0.8018501320055665
567,什么是单笔借据和多笔借据,0.8011992143969322
568,结清证明会展示哪些信息,0.8010287365584277
569,好人贷上征信吗,0.8008143031972056
570,周得利提前支取如何计息,0.8006211667712391
571,随心存存入限额,0.8003733664519807
572,一个身份证可以申请好人贷两次吗？,0.8002833406900991
573,京东存款的计息规则及计息公式,0.8002329825022991
574,结清证明的发送方式有哪些,0.8001129905326242
575,提前还款手续费是多少,0.7996330016103443
576,查询各类工单办理进度,0.7995318910437145
577,各还款方式如何进行还款,0.7994024732032498
578,逾期未还款如何处理,0.799204617010226
579,季得利的操作渠道有哪些,0.7989848511915474
580,新网银行合作的存管平台有哪些,0.7986643757265534
581,迁户是什么意思,0.798663460501582
582,新网银行人工客服服务时间,0.7986374264992788
583,房产保证金是什么,0.7985953922514212
584,手持身份证拍照的注意事项,0.7979303640339658
585,好事贷收取哪些费用,0.7976349068751548
586,可否延期还款,0.7974207940958061
587,随心存是什么,0.7972067139683582
588,客户表示还款成功,0.7966725742898999
589,能否开具非恶意逾期证明,0.7959110493495267
590,征信上报周期及更新时间,0.7955077638986123
591,贷款证明的电子章是否具有法律效应,0.7953055544555867
592,关于消费凭证,0.7952751750382069
593,如何获得优惠券,0.7949539324553978
594,可否对公还款,0.7943543813978309
595,好人贷当期能否最低还款,0.7942657286698714
596,如何开据存款证明,0.7939777620197728
597,好人贷通过率多少,0.7938721770071288
598,好人贷额度有效期是多久,0.7938560070818427
599,客户表示需要考虑,0.7937737063354456
600,新网银行简介,0.7937211217808122
601,人脸识别使用的是照片还是视频,0.7932408621925414
602,如何开立存管账户,0.7927276175940502
603,好人贷是邀请制吗,0.79263584500896
604,企业邮箱验证码可否重新获取,0.7926163160399916
605,存管账户充值限额,0.7925525740979349
606,他人可以使用本人信息申请好人贷吗,0.791707961257662
607,好人贷消费用途,0.7912031662384986
608,可以咨询吗,0.7911748302289794
609,按期还款是什么,0.7911671865111025
610,结清证明开据时间是多久,0.7904693225222154
611,好人贷收取哪些费用,0.7900271084952802
612,验证码发送至什么手机号,0.7898338121700383
613,五年定期存款是什么,0.789631691498175
614,优惠券如何使用,0.7893795296306447
615,好人贷提前还款最低还多少,0.7890317007072596
616,如何办理对公业务,0.7879599779133396
617,季得利如何支取,0.7879207545936727
618,申请创客贷需要什么条件,0.7876240671728795
619,如何签署借款合同,0.7872803025149819
620,存款产品的资金可以用于好人贷还款吗,0.7866125060683854
621,定期存款操作的渠道有哪些,0.7862893942097353
622,随心存如何计息,0.785449497368341
623,抵押类贷款如何办理,0.7848916301889011
624,随心存利率是多少,0.784734478454108
625,随心存存款期限有哪些,0.7841909492954826
626,车贷收取哪些费用,0.7827465435613058
627,申请好人贷需要什么条件,0.7824031247322529
628,申请好人贷需要哪些资料,0.7823390450113232
629,定期存款到期如何支取,0.7822634124697279
630,咨询可以发送图片吗？,0.782057317180928
631,什么是还款日,0.7804879074935008
632,车贷利息是多少,0.7790626051426025
633,客户要求发送相关模板,0.7789155606444865
634,客户表示不满,0.7779549537005668
635,月得利提前支取如何计息,0.7773157709908848
636,定期存款是否有存单,0.7768713265786513
637,客户提到投诉,0.7766250219607826
638,好人贷支持随借随还吗,0.7762952658770018
639,什么是活体检测,0.7757861056530396
640,什么是当期账单,0.774952990700688
641,结清证明的印章是否可以用公章,0.7748832655211412
642,罚息能否减免,0.7748550106750202
643,身份证过期可以申请好人贷吗,0.7744811640883726
644,好人贷月利率是多少,0.7718791245700133
645,好人贷利率是多少,0.7714288471309356
646,美利车联系电话,0.7706750968701792
647,季得利如何计息,0.7699841157572925
648,存款产品是否保本保息,0.769340419172317
649,客户表示稍等,0.7689526932211633
650,结清证明是否是还款记录证明,0.767344196731103
651,为何提示该证件已被使用,0.7670015366182595
652,什么是综合评估,0.7648773590863132
653,存款利率是多少,0.7648158919433125
654,定期存款的利率是多少,0.7644502084041145
655,五年定期存款的利率是多少,0.7642579386530954
656,经侦是指什么,0.7621094611353718
657,罚息介绍,0.7548633682859618
658,客户表示有合作意向,0.7538327697161235
659,人脸拍摄规范,0.744340020161212
660,申请好人贷需要公积金、社保吗？,0.7407919163082948
661,周得利计息规则,0.7403278378481142
662,好人贷年化利率是多少,0.7398852285016543
663,核身链接失效的原因,0.7371550600519344
664,客户称赞服务好,0.7305632882105174
665,客户提出建议,0.7260176382649106
666,手机获取验证码失败,0.7013933078783646
