0,今天扣会有影响吗,1.0
1,随心存停售后有影响吗,0.9209648097027741
2,有额度不使用有什么影响吗,0.8855343876096872
3,提额会有通知吗,0.8831462987753249
4,补扣会影响信用吗,0.8823368858320855
5,系统升级会影响扣款吗,0.8735303915777543
6,银行卡是二类户影响扣款吗,0.864526621505373
7,为何征信上有新网上报的贷款记录,0.8610859909631083
8,能否让客服回电,0.8598990900948293
9,身份证更换期间会影响好人贷贷款吗,0.8593157659696933
10,可以咨询吗,0.8593051527260188
11,线上开据证明有次数限制吗,0.8581690938842215
12,好人贷有回访电话吗,0.8574751160697923
13,银行卡挂失会影响自动扣款吗,0.8562630485601952
14,我们是四川新网银行吗,0.8549830407752879
15,更换银行卡会影响自动扣款吗,0.8534877588746758
16,新网银行有招聘吗,0.8529722223094642
17,销户与否会产生什么影响,0.8528851366632242
18,提前支取有限制吗,0.8527261153400438
19,为什么提前还款显示联合贷批次执行中？,0.852127511685291
20,客户表示没有问题了,0.851464176498326
21,自助提额什么时候上线,0.8509367836835435
22,我行放款的其他平台借款会上报征信吗,0.8506797890125345
23,半年得利提前支取影响已发放利息吗,0.850537526050529
24,好人贷审核时是否给填写的联系人去电,0.8485708880407734
25,批扣时间段是多久,0.8479591486693605
26,"好人贷有回访电话吗""",0.8470011971372702
27,为何征信上有新网银行上报的逾期,0.8466759490087452
28,销户后可以再开户吗,0.8461092562038363
29,好人贷审核不通过对个人有什么影响,0.8460974612278631
30,为何征信上有新网银行的贷款审批记录,0.8458003281813334
31,销户后是否上征信,0.8456809998992454
32,季得利提前支取影响已发放利息吗,0.8454669400747669
33,新网二类户转入/转出有时间限制吗,0.845250220482847
34,可否按照征信订单号开据证明,0.8447620264398973
35,申请好人贷后有没有回复,0.8447234096515599
36,扣款结果会有短信提示吗,0.8445541918355839
37,好人贷借款时还会审核吗,0.8445397485625985
38,好人贷申请能否撤销,0.8440354172040391
39,借款成功会有短信等提醒吗,0.8435898441189882
40,银行渠道维护时间一般是多久,0.8434829307076674
41,随心存支持提前支取吗,0.842951698268871
42,客服是否是随机分配,0.8427799981786604
43,修改手机号码的处理时间是多久,0.8427608356641669
44,提前还款会影响个人征信吗,0.8420271448028326
45,为什么收到美利车金融的短信,0.8417817926095579
46,车贷可以修改还款日吗,0.8416277193311342
47,未正常还款我行会进行催收吗,0.8415091683757999
48,新网二类户可以升级为一类户吗？,0.8414730539261149
49,自动扣款时间段是多久,0.8414151243887641
50,再次申请好人贷会查询征信吗,0.8411301590131165
51,节假日可以借/还款吗,0.8410134777946648
52,结清贷款后征信上是否会显示结清,0.840970971930277
53,银行渠道维护是指什么,0.8405180444019215
54,下一次开放时间是什么意思,0.8404459275146405
55,是否会发生重复扣款情况,0.8401678324355188
56,为何还款后额度恢复减少了,0.8393645361212633
57,提前结清贷款后还会扣款吗,0.8390779705330926
58,存在迁户问题怎么处理,0.8389723731853563
59,逾期造成的影响是什么,0.8383415274483743
60,客服能否看到客户申请好人贷的信息,0.8381473351547623
61,好人贷额度是否会发生变化,0.8376532099392417
62,手机号归属地与定位地不一致是否有影响,0.836917242311708
63,为什么没有扣款,0.8365176023013147
64,平台方手机号变更导致我行无法直接开据结清证明问题,0.8363934762863194
65,绑定银行卡产生费用吗,0.836379798861819
66,随心存可以在我行公众号查询/操作吗,0.8362141331175893
67,可以让别人代还款吗？,0.8357480078794235
68,节假日可以操作各类存款吗,0.8356925973390713
69,好人贷手动还款时为何提示批次执行中,0.8351279303237463
70,新网银行扣款通道是什么,0.8349220785703894
71,黑户/白户是否可以申请好人贷,0.834791234533142
72,客户表示知道了,0.834591246966899
73,好人贷提额会查询征信吗,0.834320889051976
74,为什么取消了提前部分还款,0.8342020939351185
75,新网银行三类户是什么,0.8337705386337773
76,新网银行以什么名义放款,0.8335851920804602
77,好人贷申请是否查询芝麻信用,0.8335744694391344
78,为何无法申请好人贷,0.8333835331621311
79,联系新网银行客服有哪几种方式,0.8333678841545058
80,为何好人贷还款时提示“交易处理中”,0.832844341475803
81,为何收到新网银行还款短信,0.8325618443192895
82,新网二类户上的资金是否计息,0.8322028446442535
83,新网银行视频认证的QQ号码是多少,0.8321274668861603
84,为何征信上的放款日期与实际借款日期不一致,0.8319038571754085
85,好人贷账户是否为新网银行二类户？,0.8318156245621614
86,如何录制活体检测,0.8310412896219931
87,如何确保还款日当天会扣款成功,0.8309239412148076
88,为什么银行还款存在限额？,0.8308176096656563
89,线上是否可开据征信版结清证明,0.8304860698984576
90,如何查询转账到新网银行的记录,0.8298871842119552
91,好人贷是否有临时额度,0.8298606977864608
92,好人贷申请是否支持人工受理,0.8295539151540101
93,为何提示支付平台该客户无默认扣款卡，交易没有发给统一支付,0.8294093641552308
94,如何查询合作平台贷款是否结清,0.8293562442734511
95,好人贷被拒后为何没有下次开放时间,0.8293530543289587
96,新网银行存款是否受保障,0.8293514458061867
97,获取额度后多久可发起借款,0.8292589835055206
98,合作平台如何取消贷款,0.829093927754362
99,好人贷还款后额度何时恢复,0.8290032606990773
100,线上转入新网银行账户到账时间是多久,0.8289284723189683
101,为何提示支付平台签约关系不存在,0.828850421771132
102,能否人工开据贷款证明,0.8287721787685505
103,线上开据证明为何和征信金额不符,0.8284573692371983
104,微信号更换成功后何时可以正常使用,0.828419958277591
105,为什么好人贷第一期还款金额与之后不一致,0.8282398513666662
106,新网银行是否上市,0.8281962735268539
107,电话客服是否可以受理结清证明,0.8280636915612524
108,为何无法销户,0.8279422762445866
109,新网银行二类户限额是多少,0.8279384544433965
110,新网银行账户可以设置为好人贷借/还款账户吗,0.8276647720452367
111,提前支取时为何显示存入,0.8274033526711355
112,如何查看随心存购买情况,0.8272868385870545
113,如何查询申请相关的协议书,0.8271609562312664
114,如何查询好人贷申请的授信结果,0.827106662512904
115,如何查询其他平台扣款银行卡,0.8270679106618362
116,为何销户后还能看到好人贷信息,0.8270330182028272
117,好人贷电话回访时间,0.8269863278186091
118,可以查询注册手机号码吗,0.8269484347882579
119,如何注销新网二类户,0.8268872734870574
120,客户催促需要加急办理,0.8268338931167817
121,可否对公还款,0.8267387613419452
122,车贷支持手动还款吗,0.8265996938535258
123,车贷还款只扣除部分是什么原因,0.8265849617205812
124,好人贷支持随时借款吗,0.8264781152332328
125,借款合同是否有展示提前还款会收取违约金的情况,0.8262646793524374
126,58车金融客服电话是多少,0.826164363236695
127,随心存T+1是什么,0.8260571271555982
128,工新借是什么,0.8257557297723972
129,无法提供消费凭证可以取消贷款吗,0.8257341754446066
130,平台还款信息为何与新网银行不一致,0.8256550438654201
131,新网银行人工客服电话是多少,0.825586021213502
132,贷款结清之后能否删除贷款记录,0.8255787223834999
133,还款日当天是否自动扣款,0.8253898654362992
134,好人贷不借款会产生利息或费用吗,0.8253882580915449
135,好人贷以什么贷款类型上报人行征信？,0.8253002944194822
136,新网银行有实体卡片吗,0.8252052033672796
137,我行对客邮箱是多少,0.8251803021045955
138,新网银行有哪些活动,0.8249385145559659
139,新网银行有企业贷款吗？,0.8248533825393225
140,通过本人微信找回密码是指什么,0.8247936110281021
141,开据证明时为何提示账户存在异常,0.8246864290724808
142,审核电话可更改接听电话吗,0.8246706644136472
143,新网二类户转入/转出收取手续费吗,0.8246349063873899
144,京东存款为什么显示当日额度为什么已售罄？,0.8244942927404135
145,收款卡发卡行拒绝放款失败什么意思？,0.8243729455816025
146,申请好人贷有区域或者号段等限制吗,0.8241047366180515
147,借款后如何判定下次还款日期,0.8240842047474964
148,为何结清证明显示日期与平台不符,0.8240166384446135
149,新网银行以何名义查询征信,0.8238878457444725
150,绑卡时页面上的银行卡预留手机号码可以修改吗,0.823607108259323
151,为何提示还款存在差错,0.823445203469012
152,如何办理好人卡？,0.8234417910377825
153,提前还款有次数限制吗,0.8233611129121244
154,任性还款是什么,0.8232403526514015
155,好人贷为什么提示“账户存在异常操作”,0.8231868839749739
156,诺诺发票贷的利率是多少,0.823150550102921
157,挖财还款是否为新网银行代扣,0.8229924256181722
158,关闭其他平台额度后，能否恢复好人贷额度,0.8227001946427087
159,客户表示需要考虑,0.8226779177918467
160,可以重新注册吗,0.8225981080534215
161,好人贷授信首页显示利率是否为固定利率,0.822504351646391
162,为何提示支付平台其他错误,0.8222859620620625
163,是否可以取消自动扣款,0.822283815169229
164,新网诺诺发票贷如何申请,0.822279429502927
165,好人贷额度必须一次性借完吗,0.8220915749671072
166,注销注册用户后是否可恢复？,0.8220332666052792
167,为何收到新网银行逾期提醒短信,0.822007971954621
168,如何查询车贷还款日,0.8218719787734413
169,客户咨询其他平台催收问题,0.8217482654552921
170,为何提示支付平台不允许持卡人进行的交易,0.8214232902091432
171,好人贷借款合同有效期是多久,0.8213655935255828
172,好人贷借款如何上报征信,0.8213117445366234
173,新网银行能否绑定云闪付,0.8212008798556909
174,好人贷支持在国外发起借款吗,0.8211686723802284
175,公众号是否有还款提示,0.8210503874386507
176,他行渠道汇入新网账户的到账时间是多久,0.8207177970205355
177,申请好人贷是否都有额度,0.8205015706246054
178,好人贷支持周末借款吗？,0.8203969517458269
179,开据证明为何显示没有符合要求的订单,0.8201918759375948
180,为何提示支付平台当日交易次数超限,0.8200073587744336
181,如何取消征信查询及使用授权书,0.8198585344773701
182,为何同时收到了还款成功和失败的短信,0.819847358996802
183,修改手机号码/微信号是否会影响自动扣款,0.8195445093176795
184,能否开具非恶意逾期证明,0.819329287732691
185,当期账单支持再分期吗,0.8193074641815595
186,可以查询个人信息资料吗？,0.8190615201943807
187,新网二类户为何无法转入/转出,0.818823995017951
188,名下所有卡被冻结后如何还款,0.8187706699154211
189,好人贷可以重新申请吗,0.8186955119947716
190,如何换绑银行卡,0.8184220392136998
191,优信客服电话是多少,0.8182365782697542
192,新网银行账户的交易记录如何查看,0.8178735876223605
193,如何激活新网二类户,0.8176988844008909
194,新网银行自动扣款时间,0.8176547223196171
195,周得利提前支取如何计息,0.8175337516416199
196,美团客服热线是多少,0.8174574942913534
197,还款日可以修改吗,0.8174453705104519
198,如何查看好人贷还款计划,0.8173581614169785
199,新网银行行号是多少,0.8172161452982303
200,活体检测失败怎么办,0.8170565544347433
201,新网银行二类户与好人贷是否为同一个手机号码,0.8169006156071679
202,转账时为何提示未面核,0.8167720395057714
203,好人贷需要面签吗,0.8167704114465237
204,为何页面出现多个新网银行账户,0.8166428415278534
205,好人贷上征信吗,0.8165990121397253
206,好人贷借款后能否修改贷款信息,0.8165030144824454
207,是否需要使用本人手机操作好人贷,0.8164463345717918
208,注册手机号及微信号需要实名制吗,0.8164198126271597
209,好人贷贷款期限是多久,0.8163821789388986
210,为何提示支付平台发卡行拒绝,0.8163725162176579
211,征信报告是什么样的,0.8163601866085314
212,新网银行有几个网点,0.8163299402269301
213,为什么收到提额短信但额度未提升,0.8163074408153475
214,好人贷申请身份证可否添加水印,0.8162685869078723
215,随心存产品停售原因,0.8161326636118639
216,查询车贷的注册手机号码是什么,0.8160705760256837
217,新网银行账户是什么,0.8160347476335131
218,新网银行存款属于理财产品吗,0.8160290561147754
219,人工是否可操作扣款,0.8159388250175561
220,白骑士认证失败是什么意思,0.8158935718809117
221,审核电话内容是什么,0.8158786156755701
222,车贷合同为何无法查看,0.815706642173556
223,新网银行有信用卡吗,0.8156903652388121
224,好人贷是否支持归还逾期部分账单,0.8154979719849305
225,优信扣款成功后为何显示待还款,0.8154565683049723
226,滴水贷客服电话是多少,0.8152135935673763
227,新网银行存款产品为何暂停交易,0.8151836243819915
228,好人贷放款至什么账户,0.8150323280046122
229,如何查询好人贷借据收款银行卡,0.8148598072675912
230,车贷如何解绑银行卡,0.8147696746427461
231,销户后为何还能解绑银行卡,0.81476231344897
232,查询各类工单办理进度,0.8145883957751813
233,征信上报周期及更新时间,0.814582870997699
234,如何查询是否已申请好人贷,0.8143630718394334
235,好人贷的办理时间,0.8140623148422167
236,合作平台如何还款,0.813987693247505
237,拨打我行人工客服电话是否收费,0.8139666293178066
238,平台方提供的客户审批资料能否提供给客户,0.8139415282112927
239,其他贷款怎么办理,0.8138743763029502
240,新网银行的活期利率是多少,0.8138623035701742
241,结清贷款后什么时候可以开据结清证明,0.8138593979736487
242,新网银行如何联系客户,0.8137853993451643
243,五年定期存款支持提前支取吗,0.8137362917776981
244,新网银行发送的短信验证码的有效时长？,0.8136206879575951
245,注销账户的处理时间,0.8134921062491484
246,车贷平台如何查询,0.8133427719053129
247,新网银行账户可以在哪些地方使用,0.8132940055331336
248,为何提示还款卡不存在,0.8131008691775699
249,系统繁忙是什么原因,0.8130421990318367
250,如何增加银行卡,0.8129841815769719
251,银行卡还款限额是多少,0.8129324530929438
252,还款后页面显示等待中,0.8128489261390054
253,可以通过他人银行卡转入到新网银行账户吗,0.8128156476571085
254,车贷申请多久可以放款,0.8127753723530436
255,新网银行的官网地址是什么,0.8127753062591414
256,操作好人贷是否需要开启定位,0.812642697677126
257,为何提示支付平台受发卡行资金用途限制拒绝交易,0.8126405958740651
258,好人贷如何试算利息,0.8124472215390324
259,征信上显示的贷款金额是否包含利息,0.8124334612116386
260,如何修改新网随心存注册号码,0.8123207291920369
261,视频认证录制失败的原因是什么,0.8122516759177707
262,银行卡开通银联在线支付后是否可正常还款,0.8122215311139865
263,好人贷如何主动还款,0.812203432775572
264,客服能否查看聊天记录,0.8120565237669742
265,好人贷扣款账户如何查看,0.8119283101423411
266,申请被拒怎么办,0.8119001996342478
267,存款产品是否存满五年才能支取,0.8116237769192822
268,页面为何提示“开户失败”、“账户存在异常操作/账户异常”,0.8115776379978703
269,在线客服是否是人工客服,0.8114907814235254
270,存款页面是否会显示每日收益,0.8114847935213908
271,消费凭证有效期是多久,0.8113717704178546
272,好人贷-云闪付是什么,0.811275856366039
273,如何查询新网账户,0.8111942103908807
274,车贷能否绑定他人银行卡,0.8111674369942985
275,车辆信息如何查询,0.811158249882433
276,新网银行有哪些产品可以提额,0.8111188823428253
277,可否延期还款,0.8109929855782989
278,新网有哪些产品,0.810970458643269
279,车贷如何提前还款,0.8107498946587631
280,扣款失败的原因,0.8107010546402994
281,新办的手机号可以申请好人贷吗,0.8106622773290334
282,好人贷审核电话是多少,0.8106545546577886
283,未接到好人贷回访电话会被拒吗,0.8106401941331547
284,新网银行二类户如何转入/转出,0.8105738315493284
285,好人贷账户如何挂失,0.810455257425657
286,在线咨询是否支持客户发送语音,0.8103962180355653
287,如何更换微信号,0.8101484325347972
288,为何提示支付平台持卡人信息有误,0.8100061258176701
289,为何之前绑定的银行卡不支持扣款了,0.8099193262785563
290,好人贷借款记录如何查询,0.8099129361613754
291,为何提示支付平台暂不支持的银行或限额,0.8099053225495826
292,好人贷能否人工操作提额,0.8098651192243224
293,如何更换好人贷默认还款账户,0.8098294714235726
294,可否取消银行卡限额,0.8097796077419414
295,新网银行好事贷如何申请,0.8097571058367992
296,车贷如何办理解押手续,0.8097091949481232
297,随心存如何查看收益情况,0.8095590138056956
298,如何邀请好友申请好人贷,0.8094611855645639
299,还款日当天支持手动还款吗,0.809442642963982
300,存款产品如何修改手机号,0.8094219418080743
301,好人贷申请是否可以使用临时身份证,0.809389098287848
302,好人贷部分提前还款规则,0.8093843505167219
303,好人贷额度是否循环使用,0.8092669777172513
304,为何按期还款只能选择部分贷款期限,0.8091669046491402
305,车贷合同里的金额是否包含利息,0.8091401907917951
306,如何解约快捷支付？,0.8091382457441295
307,好人贷还款记录如何查询,0.808959072570911
308,如何查询征信报告,0.8088766719228724
309,好人贷为何无法还款,0.8088412323935689
310,好人贷定位如何开启,0.8087511633885253
311,按期还款和任性还款的区别是什么,0.8086328337183177
312,好人贷额度为什么变低了,0.808488163265222
313,存款需要先开立银行账户吗,0.808463865001463
314,新网银行人工客服电话打不通,0.8084388258035978
315,好人贷申请成功会有短信通知吗,0.8082628196552633
316,京东存款是否支持提前支取/提前部分支取？,0.8082454243425419
317,好人贷自动扣款规则,0.8082348064111807
318,好事贷如何还款,0.8082284738667811
319,银行渠道维护无法操作怎么办,0.8079838142882292
320,什么情况算逾期,0.8078162567473062
321,什么是银行卡预留手机号？,0.8076568606674036
322,可否补充企业邮箱,0.8075871707298342
323,为何申请好人贷页面显示暂无资格,0.8075207347766917
324,非绑定银行卡可否与新网二类户转账,0.8075100287483872
325,好人贷如何查看所支持的还款方式,0.8074097723452265
326,随心存操作渠道有哪些,0.8070553130966828
327,好人贷交易密码如何设置,0.8070281544395652
328,创客贷额度是多少,0.8069740085028729
329,好人贷为什么无法借款,0.8069495760459319
330,如何查询还款日,0.8069112112755235
331,贷款证明的电子章是否具有法律效应,0.8068437700955728
332,随心存利率为何会发生变化,0.8067832820714333
333,新网银行开户支持的证件有哪些,0.8066350146163737
334,购买存款页面为何提示“额度不足，无法购买”,0.8066030984058418
335,申请诺诺发票贷需要什么条件,0.8065303640107448
336,如何降低/关闭额度,0.8064943896473566
337,工新借如何申请,0.806343216857585
338,逾期后还款金额是否会增加,0.806323788308797
339,车贷还款记录如何查询,0.8062948777295263
340,还款后为何未更新还款状态,0.806294548149076
341,为何无法提交好人贷申请资料,0.8061572996139581
342,随心存如何计息,0.8060549922457303
343,结清证明开据时间是多久,0.8059196226046509
344,随心存如何修改交易密码,0.805770280325637
345,好人贷利率为什么调高了,0.8056698295205534
346,线下转账如何填写新网银行开户信息,0.8055397462317491
347,如何冻结新网银行账户,0.8054435862805487
348,借款到账后页面未更新借款状态,0.8052727165016943
349,好人贷账户如何注销,0.8052095017820795
350,令牌无效是什么,0.8051336885346798
351,车贷如何申请,0.8049355897095262
352,好人贷是否支持提前还款,0.8047678292401063
353,好人贷-云闪付如何提前还款,0.804726961582909
354,好人贷还款后多久到账,0.8047213682398416
355,什么平台的贷款,0.8044949032115266
356,车贷如何更换还款银行卡,0.8044575913923548
357,如何修改征信上的个人信息,0.8044495410957795
358,公众号页面的“我的排号”是什么意思,0.8044224356021842
359,注册手机号更换成功后何时可以正常使用,0.8044118545719877
360,如何更改其他平台的注册手机号码,0.804272403519999
361,能否删除个人信息,0.8041109984259877
362,更改银行卡预留手机号的方法,0.804092887052966
363,实名认证失败的原因是什么,0.8039725738910786
364,实际申请金额与放款金额不一致可否取消车贷,0.803826285714332
365,在哪个平台操作提现,0.803758042195197
366,如何通过线下方式转入新网二类户,0.80375279910328
367,转账到新网银行如何操作,0.80370952840994
368,如何查看委托支付协议,0.8035586254766246
369,视频认证的步骤是什么,0.8034288786370022
370,为何提示系统异常,0.80341665733821
371,借款时选错收款账户怎么办？,0.8033355640251806
372,好人贷提额周期是多久,0.8032654969134516
373,随心存提前支取到账时间,0.8032113362090676
374,贷款证明如何开据,0.8031857292000026
375,贷款证明开据失败怎么办,0.8031271870827643
376,好人贷-云闪付如何更换收/还款银行卡,0.8030488696101139
377,哪些渠道可以购买京东存款产品？,0.8029149136374116
378,好人贷借款规则,0.802884143252028
379,实名认证是否查询征信,0.8028119531079441
380,结清证明印章无法查看,0.8028080689430475
381,为什么提示用户不存在,0.8028045309351939
382,如何更换借款收款银行卡,0.8027862834085235
383,怎样才能成功申请到额度,0.8027469442347425
384,好人贷支持扣款的银行有哪些,0.8024241953681779
385,好人贷有额度后如何进行贷款,0.8021873552714884
386,季得利是什么,0.8021561254762848
387,电脑端可以登录好人贷吗,0.8019187504081231
388,好人贷如何提前还款,0.8018575442105969
389,好人贷是否支持提前还当期账单,0.8018189436722933
390,为何申请好人贷后显示未获取额度,0.8016873457513575
391,新网银行公众号如何取消关注,0.8016830385138823
392,京东存款如何修改注册手机号码,0.8016783606082821
393,申请好人贷后，可否更改授信结果,0.801354980535669
394,什么情况算违约,0.8012769533319745
395,新网银行合作平台有哪些,0.8012287384805159
396,好人贷额度他人能否使用,0.8011284288028769
397,好人贷审核时间是多久,0.8011175692490251
398,好人贷注册手机号与银行卡预留手机号是否需要一致？,0.8011029286943966
399,如何在新网银行开户,0.8009372397204337
400,怎样用其他手机登录好人贷,0.8009020071381155
401,如何注销新网注册用户,0.8007815063234159
402,如何查看好人贷相关协议/合同？,0.8007258793752963
403,好人贷贷款利息如何计算,0.8005772392734634
404,如何查看手机号是否实名制,0.8001658774100018
405,有多少人获得好人贷额度,0.8001439177375498
406,车贷如何还款？,0.8001330286905782
407,新网账户之间能否互相转账,0.8001097776099843
408,申请好人贷必须填写联系人信息吗,0.8000197803478131
409,好人贷如何审核,0.7999963465606399
410,如何查看贷款合同,0.7999813810849761
411,车贷合同如何查看,0.7998847006177537
412,季得利的操作渠道有哪些,0.7998514463441984
413,额度冻结是什么意思？,0.7997642389277598
414,为什么拍照认证时总是不成功或显示系统崩溃,0.7996534569711296
415,新网银行业务办理时间,0.7996123158444809
416,注册规则是什么,0.799289058888464
417,好人贷是邀请制吗,0.7991626222457151
418,好人卡绑定云闪付/微信等失败怎么办,0.7990485589901885
419,为何提示不具备开具资格,0.7989856789364004
420,如何修改存管账户预留手机号码,0.7989760344042307
421,查询结清证明申请是否已提交,0.7989728255552311
422,还款记录如何查看,0.7989215249763143
423,使用优惠券后提前还款利息如何计算,0.7988175829957912
424,转入新网银行使用的密码是交易密码还是银行卡密码,0.7987606248312982
425,开具结清证明时为何无法登录,0.79848474331274
426,存管密码被锁定怎么办,0.7983763895850314
427,车贷扣款支持的银行卡有哪些,0.7982555494914363
428,好人贷消费用途,0.7981952739003803
429,客户表示有合作意向,0.7981266451558008
430,为何提示支付平台交易金额超限,0.7979451042638098
431,如何进入好人贷页面,0.7978679535737865
432,车贷如何修改注册手机号码,0.7977724876443953
433,各还款方式如何进行还款,0.7977629988340691
434,自动扣款如何操作,0.7977478698800514
435,为何无法登录存管查询,0.7977065118244581
436,居住信息如何填写,0.7975668844591124
437,随心存如何登录,0.7974131170004947
438,为何提示支付平台渠道不支持的银行,0.7973814580311999
439,客户表示稍等,0.7973157700113108
440,为何提示支付平台账户状态异常,0.7973096553162764
441,如何操作随心存大额存款,0.7972382052267649
442,好人贷借款多久到账,0.7971549805878914
443,车贷利息是多少,0.796663293337108
444,客户发送截图以及个人信息等,0.796630821150653
445,如何把注册用户与结算用户都注销,0.7965192446375688
446,好人贷借款超时未到账如何处理,0.7964946224747187
447,如何获取线上核身链接,0.7963658396081401
448,选择任性还款/按期还款利息如何计算,0.7963233471427524
449,如何查询当期车贷还款金额,0.7963022117643477
450,如何查询账户是否冻结,0.7962793763782645
451,罚息能否减免,0.7962428117644245
452,自动扣款失败怎么办,0.7962187674649004
453,实名认证为什么不符,0.7962185442023988
454,结清证明会展示哪些信息,0.7961111814114084
455,开通什么业务,0.7961000444383396
456,好人贷账户如何查询,0.7959650695816831
457,还款金额超银行卡限额怎么办,0.7957603489094359
458,随心存利率是多少,0.7955681183027931
459,什么是一、二、三类户,0.7951978003340078
460,为何提示支付平台银行卡未开通银联无卡认证支付,0.7948789953391528
461,新网银行自动扣款次数,0.7948631552279448
462,银联在线支付是什么,0.7946830698069691
463,存管提现到账时间是多久,0.7944990058443663
464,好人贷申请必须使用身份证原件吗,0.7940474408781811
465,一个身份证可以申请好人贷两次吗？,0.7939913562816148
466,存款产品如何重置交易密码,0.7939831749928471
467,好人贷如何降低利率,0.7939575362394673
468,好人贷申请需要填写哪些个人信息,0.7938898065760329
469,关于客户个人信息安全问题,0.7938071040907126
470,什么是分批次扣款,0.7937136664934893
471,京东存款的计息规则及计息公式,0.7936567209630169
472,好人贷如何提高额度,0.793538511889845
473,进入随心存为何提示手机号码不一致,0.7934095618824457
474,新网银行地址在哪里,0.7932495944666438
475,存管查询为何提示用户不存在或者信息有误,0.7931673752338025
476,为何人脸识别提示光线太足,0.7929199562895882
477,转账到新网银行账户是否还款成功,0.7929057852919239
478,结清证明的印章是否可以用公章,0.792561660824906
479,上传身份证时需填写的内容是什么,0.7923001063813756
480,客户表示还款成功,0.7922475279252439
481,个人可以在新网开立几个账户,0.7921983504557307
482,好事贷收取哪些费用,0.7921865976239489
483,什么是我的额度和可借额度,0.7917954529073233
484,好人贷个人资料如何修改,0.7915665324737172
485,新网账户绑定微信/支付宝后支持提现或充值吗,0.7914127023685333
486,如何设置存管支付密码,0.7914118223955507
487,好人贷额度是多少,0.7913276437018096
488,好人贷能否绑定他人银行卡,0.7912013388672
489,新网银行合作的存管平台有哪些,0.791058141381679
490,开据证明时为何需要实名认证,0.7909318892487871
491,如何购买新网银行存款产品,0.7906942044281493
492,咨询可以发送图片吗？,0.7905206729550414
493,提前还款手续费是多少,0.7905124990556036
494,如何查询存管账户流水,0.7903318316013538
495,合同为何无法打开,0.7903183274231516
496,存款产品支取通用路径,0.7902315689136817
497,好人贷为什么额度低,0.7901179734957884
498,选择任何还款方式都可以提前还款吗,0.789829554893332
499,车贷收取哪些费用,0.7897226097332374
500,美利车联系电话,0.7896869268408642
501,为什么点击拍照没有反应,0.7895315651602589
502,申请好人贷需要开个人账户吗？,0.7892079140377375
503,好人贷只能通过绑定的银行卡还款吗,0.7890731618610904
504,罚息介绍,0.7888501429725053
505,微信/支付宝等可否与新网银行账户互相绑定,0.7887414281347661
506,实名认证审核时间,0.788668613043461
507,随心存是什么,0.7882747118819047
508,为何提示用户未实名认证,0.7878503872589574
509,额度冻结怎么办,0.7876473248256584
510,客户要求发送相关模板,0.7875063768189706
511,好人贷通过率多少,0.7874683369180022
512,申请好人贷后为何页面显示仍可提交申请,0.7874050028584614
513,月得利提前支取如何计息,0.7873357406854432
514,好人贷借款金额与到账金额是否一致,0.7872802980668869
515,好人贷只能使用微信登录吗？,0.7868449746646976
516,页面为什么异常跳转,0.7867774748927672
517,随心存存入限额,0.7863867085047299
518,新网银行存款类产品有哪些,0.7863624211633561
519,身份证信息变更后如何更新,0.7862684314316772
520,为何申请好人贷无结果,0.7862511312913953
521,季得利如何计息,0.7860622959293493
522,如何解绑银行卡,0.7857675333810336
523,好人贷如何自助提额,0.7855909277600105
524,客户表示不满,0.7855539844103276
525,借款失败怎么办,0.7854351041930431
526,好人贷额度有效期是多久,0.7851440564312818
527,新网银行人工客服服务时间,0.785036225252297
528,好人贷当期能否最低还款,0.7848051259818096
529,季得利如何支取,0.7848009021857425
530,存款产品的资金可以用于好人贷还款吗,0.7847513017643213
531,好人贷还款方式有哪些,0.784717152152102
532,额度占用问题,0.7845646502468225
533,交易密码无法设置,0.7845574355818139
534,征信是什么,0.7845492340898453
535,好人贷利率为什么高,0.7844959383485058
536,如何删除身份证信息,0.784404837301412
537,修改手机号后是否需要重置登录密码,0.7841218022845843
538,定期存款是否有存单,0.7840441007941784
539,新网银行简介,0.783982710351446
540,存管是什么,0.7839224961066484
541,好人贷账户如何更换手机号码,0.7837451162310133
542,好人贷如何还款,0.7837399435351708
543,申请好人贷没有公司邮箱怎么办,0.7836609475418844
544,支持绑定的银行卡类型有哪些,0.7831284758995914
545,随心存存款期限有哪些,0.7828250158692447
546,新网银行APP下载,0.7826300338832816
547,为何存管查询提示没有密码,0.7825018033103956
548,目前支持的银行有哪些,0.7821362674212803
549,接收短信的手机号是否为注册手机号,0.7820910512183881
550,存款产品是否保本保息,0.7818729975999692
551,好人贷申请的渠道有哪些,0.7814993302493841
552,如何开据存款证明,0.7805903391210974
553,车贷逾期如何还款,0.7803083764138948
554,好人贷收取哪些费用,0.780126188454884
555,如何注销公众号,0.7800488549332832
556,随心存到期后何时到账,0.7798627900470114
557,关于消费凭证,0.7793660043583791
558,如何查看优惠券的使用情况,0.7790994502564182
559,如何知晓已注销成功,0.779072984299223
560,密码被锁定怎么办,0.779009311771274
561,客户提到投诉,0.7789926441608911
562,好人贷为什么无法登录,0.778990589116604
563,如何查询是否开通银联在线支付,0.7785482722349323
564,房产保证金是什么,0.7783892819096541
565,存管账户如何注销,0.7781663822058127
566,如何绑定银行卡,0.7781514403060851
567,还款银行卡是否需要开通银联在线支付业务,0.7781160015928982
568,结清证明的发送方式有哪些,0.7780961570342285
569,人脸识别失败怎么办,0.778052180500421
570,手持身份证拍照的注意事项,0.7777845278236039
571,申请好人贷需要下载APP吗？,0.7777459898425112
572,如何办理对公业务,0.7774492689556639
573,五年定期存款是什么,0.7774149884266658
574,退汇是什么意思,0.7768957303062907
575,好人贷支持微信/支付宝扣款吗,0.776764689791954
576,好人贷与其他平台类似产品的区别是什么,0.776698520090621
577,好人贷提前还款最低还多少,0.7765201893235293
578,迁户是什么意思,0.7763205998187744
579,如何签署借款合同,0.776252920220238
580,如何查看银行卡管理列表,0.7761976461805229
581,申请好人贷工作信息如何填写,0.7760160977947095
582,好人贷如何申请,0.7760147731621595
583,申请创客贷需要什么条件,0.7758563269352496
584,什么是注册号码？,0.7758391008944802
585,为何存管信息与平台显示不一致,0.7747493635313772
586,登录时的图文验证码是否区分大小写,0.7743568784371364
587,按期还款是什么,0.7739474423012285
588,好人贷注册手机号无法使用,0.7737678820294672
589,如何查看开户结果,0.7736980785904258
590,周得利计息规则,0.7735402474746127
591,如何选择按期还款/任性还款,0.7732574161607925
592,公众号如何注册,0.7730822616768565
593,结清证明是否是还款记录证明,0.7730325633463213
594,好人贷利率是多少,0.7717920482360909
595,申请好人贷使用的邮箱是公司邮箱还是个人邮箱,0.7717358635195105
596,存款利率是多少,0.7716420880875988
597,如何登录微信公众号,0.7713528262246682
598,如何修改实名认证手机号码,0.7712811954132954
599,五年定期存款的利率是多少,0.7711525111236257
600,定期存款操作的渠道有哪些,0.7702506859851076
601,企业邮箱格式是什么,0.7702002719755631
602,好人贷如何实名认证,0.770195185026987
603,开户失败原因,0.7700046697669151
604,为何提示支付平台账户余额不足,0.7698822745477106
605,好人贷月利率是多少,0.7698688238635871
606,获取验证码次数超限怎么办,0.7692847385263405
607,好人贷必须绑定银行卡使用吗,0.7691327798911456
608,为何提示支付平台支取金额超过可用余额,0.7690864831465092
609,银联在线支付如何开通,0.7685163114953856
610,什么是单笔借据和多笔借据,0.7683944540134273
611,手机号无法使用为什么,0.768379458964166
612,如何退出微信公众号,0.7674168792707943
613,存管账户如何查询,0.7673584429483741
614,抵押类贷款如何办理,0.7672907801670076
615,什么是活体检测,0.7665101239551688
616,好人贷是什么,0.7662633049036521
617,为何提示交易密码验证失败,0.7662111324796214
618,为什么无法注册,0.7658332125265958
619,定期存款的利率是多少,0.7647524641487552
620,如何关注新网银行公众号,0.7644922657748849
621,逾期未还款如何处理,0.7643968648842575
622,定期存款到期如何支取,0.7637184703344726
623,申请好人贷需要哪些资料,0.763327648717456
624,页面为何无法打开,0.763217095213778
625,开户是什么意思,0.762904700536525
626,身份证上传失败怎么办,0.7627577962286849
627,经侦是指什么,0.7618645301722785
628,什么是风控审核中,0.7614621392493086
629,他人可以使用本人信息申请好人贷吗,0.7588205380737133
630,存管查询的余额如何提现,0.7587736991446532
631,好人贷支持随借随还吗,0.758448014183033
632,可绑定银行卡数量上限,0.7582789280174295
633,身份证过期可以申请好人贷吗,0.7579567724731947
634,为何提示缺少必要参数,0.7572027245961238
635,为何图文验证码输入正确却提示错误,0.7553699868997955
636,密码如何修改,0.755350598848247
637,申请好人贷需要什么条件,0.755078415534197
638,输入身份证号码时，为何无法输入字母,0.7543584635184432
639,绑定银行卡失败,0.7543524508153232
640,人脸识别使用的是照片还是视频,0.752945331180411
641,如何进入个人中心,0.7527645793539895
642,登录密码为何无法重置,0.7526688295931033
643,客户称赞服务好,0.752650368041947
644,什么是当期账单,0.7513929864648519
645,为何重置密码后仍提示密码错误,0.7489657567100771
646,什么是综合评估,0.7483839930099287
647,忘记密码怎么办,0.7483389963708816
648,企业邮箱为何验证不了,0.7466340998283844
649,如何获得优惠券,0.7450262501781169
650,好人贷年化利率是多少,0.7426605699062744
651,存管账户充值限额,0.7419005653618627
652,银行转账未到账怎么办,0.741028397733094
653,人脸拍摄规范,0.7393132447699977
654,什么是无卡支付及免密支付,0.7374003597808958
655,什么是还款日,0.7370270049360861
656,企业邮箱填写错误怎么办,0.7352342582238679
657,验证码发送至什么手机号,0.7346806330032587
658,企业邮箱验证码可否重新获取,0.7321609728289837
659,如何开立存管账户,0.7304690951535033
660,优惠券如何使用,0.7293498929108176
661,客户提出建议,0.7271113018895521
662,申请好人贷需要公积金、社保吗？,0.7206912823692306
663,为何提示该证件已被使用,0.7106202558205403
664,什么是登录密码,0.7038081007042913
665,核身链接失效的原因,0.6938885794033439
666,手机获取验证码失败,0.6063057324935146
