0,季得利满180天取出不扣利息吗,1.0
1,半年得利提前支取影响已发放利息吗,0.9351337269010488
2,季得利提前支取影响已发放利息吗,0.9318365777882729
3,好人贷不借款会产生利息或费用吗,0.9138193898839572
4,周得利提前支取如何计息,0.9101647292516163
5,存款产品是否存满五年才能支取,0.9079730658689446
6,新网二类户上的资金是否计息,0.906195701313964
7,月得利提前支取如何计息,0.9054394080461637
8,好人贷是否支持归还逾期部分账单,0.9050717616297012
9,好人贷额度是否循环使用,0.9038247897069136
10,好人贷授信首页显示利率是否为固定利率,0.9017867381278015
11,提前结清贷款后还会扣款吗,0.9008295091485272
12,车贷可以修改还款日吗,0.9006072573076771
13,销户后是否上征信,0.8995816818160064
14,为什么好人贷第一期还款金额与之后不一致,0.8992364349537475
15,好人贷借款时还会审核吗,0.8991850447189279
16,挖财还款是否为新网银行代扣,0.8991768616214828
17,我行放款的其他平台借款会上报征信吗,0.898488787178155
18,好人贷部分提前还款规则,0.8984737659173387
19,为什么提前还款显示联合贷批次执行中？,0.8984208829050582
20,随心存存款期限有哪些,0.8982319283462104
21,五年定期存款支持提前支取吗,0.898159670913655
22,好人贷提额会查询征信吗,0.8980181989383318
23,选择任性还款/按期还款利息如何计算,0.89736692129242
24,好人贷还款后额度何时恢复,0.8973332253919657
25,身份证更换期间会影响好人贷贷款吗,0.8972841184792304
26,好人贷额度必须一次性借完吗,0.8963149364778197
27,线上是否可开据征信版结清证明,0.8953731090920646
28,周得利计息规则,0.8952547826512283
29,获取额度后多久可发起借款,0.8949746357466289
30,银行卡是二类户影响扣款吗,0.8943432203428971
31,好人贷如何试算利息,0.8939547250976619
32,好人贷自动扣款规则,0.893756415662345
33,结清贷款后征信上是否会显示结清,0.8937068228898776
34,好人贷当期能否最低还款,0.8932725616411781
35,借款后如何判定下次还款日期,0.893189868512707
36,为何按期还款只能选择部分贷款期限,0.8931887174132641
37,诺诺发票贷的利率是多少,0.8923559386436992
38,好人贷借款如何上报征信,0.8916101427840576
39,车贷还款只扣除部分是什么原因,0.8915753018071567
40,线上开据证明为何和征信金额不符,0.89152067461139
41,车贷合同里的金额是否包含利息,0.8911433228700748
42,为何征信上有新网银行上报的逾期,0.8910882013459369
43,车贷支持手动还款吗,0.8909208149921166
44,好人贷手动还款时为何提示批次执行中,0.890879250999892
45,定期存款到期如何支取,0.8908535420586645
46,借款合同是否有展示提前还款会收取违约金的情况,0.8907629855589526
47,使用优惠券后提前还款利息如何计算,0.8906688017997092
48,好人贷额度他人能否使用,0.8905445024362465
49,贷款结清之后能否删除贷款记录,0.8903635299396373
50,好人贷还款后多久到账,0.8901040578434777
51,征信上显示的贷款金额是否包含利息,0.8893762308363647
52,当期账单支持再分期吗,0.8893277677229432
53,新网银行的活期利率是多少,0.8892676929549576
54,好人贷-云闪付如何提前还款,0.8890558553149618
55,再次申请好人贷会查询征信吗,0.888720525199826
56,好人贷贷款利息如何计算,0.8881985419484159
57,新网银行账户可以设置为好人贷借/还款账户吗,0.887978196756265
58,好人贷是否支持提前还当期账单,0.8879114874369031
59,黑户/白户是否可以申请好人贷,0.8875561961664472
60,新网二类户转入/转出收取手续费吗,0.8875479776549957
61,好人贷申请能否撤销,0.8875447765636563
62,好人贷账户是否为新网银行二类户？,0.8874909204322677
63,可否按照征信订单号开据证明,0.8867776780348192
64,好人贷-云闪付如何更换收/还款银行卡,0.8866535399658246
65,无法提供消费凭证可以取消贷款吗,0.8861197454960972
66,好人贷放款至什么账户,0.8860475307839574
67,随心存提前支取到账时间,0.8858040975721752
68,为何征信上有新网银行的贷款审批记录,0.8855653420025742
69,为何征信上有新网上报的贷款记录,0.8855387081390684
70,随心存到期后何时到账,0.8853543546542643
71,好人贷以什么贷款类型上报人行征信？,0.8851918205563312
72,好人贷是否有临时额度,0.884890681282876
73,季得利如何计息,0.8847645581650914
74,好人贷借款合同有效期是多久,0.8846216340569018
75,新网银行二类户如何转入/转出,0.8846125509106618
76,为何还款后额度恢复减少了,0.8842709241029051
77,好人贷贷款期限是多久,0.8842536313516152
78,为什么银行还款存在限额？,0.8837671613625682
79,任性还款是什么,0.883688464800381
80,补扣会影响信用吗,0.8835301390193983
81,好人贷扣款账户如何查看,0.8835140402870313
82,申请好人贷后，可否更改授信结果,0.8834716481688006
83,工新借如何申请,0.8834545427428707
84,如何查询合作平台贷款是否结清,0.8833794683278728
85,还款日当天是否自动扣款,0.8831995286335969
86,未正常还款我行会进行催收吗,0.8830284094489212
87,新网银行二类户限额是多少,0.8828175725681009
88,好事贷如何还款,0.8827028804287784
89,车贷如何更换还款银行卡,0.8826251366149699
90,新网银行存款是否受保障,0.882569280057243
91,好人贷如何主动还款,0.882028991967184
92,如何查询好人贷借据收款银行卡,0.8819884220611264
93,好人贷消费用途,0.881908517040614
94,逾期后还款金额是否会增加,0.8818885052937089
95,"好人贷有回访电话吗""",0.8816340203188203
96,车贷如何办理解押手续,0.8810945235610057
97,车贷如何提前还款,0.8810844195309786
98,为何好人贷还款时提示“交易处理中”,0.8808416293201972
99,销户后可以再开户吗,0.8808197758012494
100,银行卡还款限额是多少,0.8807772301398531
101,新网银行自动扣款次数,0.8805043636609352
102,提前还款手续费是多少,0.8804777096705323
103,新网银行三类户是什么,0.8802318758802617
104,随心存利率为何会发生变化,0.8801471585991536
105,好人贷申请是否查询芝麻信用,0.8800759528114643
106,平台方手机号变更导致我行无法直接开据结清证明问题,0.8800666692846687
107,提前还款会影响个人征信吗,0.8800518107594015
108,定期存款是否有存单,0.8799097882852795
109,名下所有卡被冻结后如何还款,0.8797590584567285
110,好人贷借款多久到账,0.8796651220719762
111,按期还款和任性还款的区别是什么,0.879647517481502
112,好人贷借款后能否修改贷款信息,0.87959684684182
113,好人贷提额周期是多久,0.8795658579182152
114,结清贷款后什么时候可以开据结清证明,0.8795653906286884
115,关闭其他平台额度后，能否恢复好人贷额度,0.8795218248885086
116,存款产品的资金可以用于好人贷还款吗,0.8794732371747707
117,如何查询当期车贷还款金额,0.8793339574260066
118,好人贷借款规则,0.879285055336104
119,新网银行存款属于理财产品吗,0.8791732781206664
120,提前支取时为何显示存入,0.8791508203214822
121,季得利如何支取,0.879049350859688
122,好人贷如何提前还款,0.8790127468492054
123,可以让别人代还款吗？,0.8787954264982394
124,新网银行扣款通道是什么,0.8785695682784264
125,京东存款的计息规则及计息公式,0.8785468493647385
126,收款卡发卡行拒绝放款失败什么意思？,0.8784772751072162
127,五年定期存款是什么,0.8783385531390614
128,好人贷提前还款最低还多少,0.8783037601224807
129,京东存款是否支持提前支取/提前部分支取？,0.8780489034210162
130,合作平台如何取消贷款,0.8779648665463835
131,如何查询车贷还款日,0.8776244192461639
132,如何查询好人贷申请的授信结果,0.8775691065684466
133,能否开具非恶意逾期证明,0.8774362104051384
134,好人贷支持随时借款吗,0.8770959676968272
135,如何查看好人贷还款计划,0.8770648219947635
136,随心存支持提前支取吗,0.8769959076595951
137,为什么取消了提前部分还款,0.8769644122682281
138,为何销户后还能看到好人贷信息,0.876749971991823
139,新网银行以何名义查询征信,0.8766801341556514
140,新网诺诺发票贷如何申请,0.8764621758237081
141,线上开据证明有次数限制吗,0.8763727625889872
142,如何确保还款日当天会扣款成功,0.8763165484997781
143,存款产品是否保本保息,0.8762946305534806
144,好人贷借款超时未到账如何处理,0.8762568964267149
145,如何更换借款收款银行卡,0.8761051664890157
146,银行卡挂失会影响自动扣款吗,0.8760147662393405
147,申请好人贷是否都有额度,0.8758969375808039
148,好人贷能否人工操作提额,0.875754230959346
149,借款到账后页面未更新借款状态,0.8757130954124968
150,节假日可以借/还款吗,0.8756675643435574
151,好人贷账户如何注销,0.8756325150646558
152,好人贷还款记录如何查询,0.8754738678469658
153,借款时选错收款账户怎么办？,0.8751852199776861
154,为何征信上的放款日期与实际借款日期不一致,0.875104923416028
155,新网二类户转入/转出有时间限制吗,0.8748494025517405
156,他行渠道汇入新网账户的到账时间是多久,0.874730660554444
157,好人贷是否支持提前还款,0.8746976303515176
158,好人贷账户如何挂失,0.8746514286659949
159,有额度不使用有什么影响吗,0.8745757326312782
160,好人贷上征信吗,0.8744749808866357
161,五年定期存款的利率是多少,0.8743559920828635
162,优信扣款成功后为何显示待还款,0.8741656973506811
163,提前支取有限制吗,0.8739435255221443
164,还款金额超银行卡限额怎么办,0.8738224069174694
165,好人贷额度是否会发生变化,0.8736370824282004
166,车贷如何解绑银行卡,0.8735622243019714
167,车贷能否绑定他人银行卡,0.8731319531927699
168,车贷逾期如何还款,0.873000957884765
169,好人贷申请是否支持人工受理,0.8728836462153826
170,好人贷有额度后如何进行贷款,0.8728464323811778
171,能否人工开据贷款证明,0.8722749274077187
172,车贷还款记录如何查询,0.8721129913451778
173,新网银行自动扣款时间,0.8716731784951732
174,还款日当天支持手动还款吗,0.8716127118026561
175,平台还款信息为何与新网银行不一致,0.8715801517025091
176,车贷扣款支持的银行卡有哪些,0.8715700138596224
177,新网银行存款产品为何暂停交易,0.8715211487043982
178,如何更换好人贷默认还款账户,0.8714307868953297
179,好人贷借款记录如何查询,0.8712680987280449
180,车贷如何还款？,0.8710058330255532
181,好人贷如何降低利率,0.8707877664301913
182,线上转入新网银行账户到账时间是多久,0.8703764675819574
183,好人贷支持在国外发起借款吗,0.8699779161613083
184,随心存利率是多少,0.8698557944411488
185,绑定银行卡产生费用吗,0.8698284649717484
186,合作平台如何还款,0.8696898994111842
187,如何查询其他平台扣款银行卡,0.8694506365541045
188,提前还款有次数限制吗,0.8692423653165298
189,还款日可以修改吗,0.8687221840360643
190,更换银行卡会影响自动扣款吗,0.8684519230910396
191,好人贷支持周末借款吗？,0.8684238844196865
192,新网银行有企业贷款吗？,0.8682595074328561
193,为何收到新网银行还款短信,0.86801009693973
194,如何选择按期还款/任性还款,0.8679112803998672
195,可否对公还款,0.8676909675864148
196,存款需要先开立银行账户吗,0.8674784714977577
197,好人贷的办理时间,0.86683449436294
198,自动扣款时间段是多久,0.866817681074567
199,什么是我的额度和可借额度,0.8664219100044238
200,还款后为何未更新还款状态,0.8663626968847647
201,非绑定银行卡可否与新网二类户转账,0.866322905473568
202,银行卡开通银联在线支付后是否可正常还款,0.8661100680799494
203,实际申请金额与放款金额不一致可否取消车贷,0.8660623273070481
204,好人贷申请身份证可否添加水印,0.8659166687340839
205,为何结清证明显示日期与平台不符,0.8658752260142033
206,好人贷只能通过绑定的银行卡还款吗,0.8657988923477612
207,各还款方式如何进行还款,0.8657398823784982
208,为何申请好人贷无结果,0.8656124947870057
209,创客贷额度是多少,0.8654127075821628
210,自助提额什么时候上线,0.8651832481762112
211,如何查询转账到新网银行的记录,0.8649604043140288
212,定期存款的利率是多少,0.8647634504793291
213,好人贷-云闪付是什么,0.8646321449981301
214,好人贷有回访电话吗,0.8644180991716863
215,银行渠道维护是指什么,0.8640696595898435
216,车贷利息是多少,0.8640088088094195
217,好人贷借款金额与到账金额是否一致,0.8638180901222391
218,好人贷支持扣款的银行有哪些,0.8637982135755844
219,京东存款为什么显示当日额度为什么已售罄？,0.8635811955910986
220,好人贷审核时是否给填写的联系人去电,0.86354950142734
221,好人贷为何无法还款,0.8633485447544422
222,为何收到新网银行逾期提醒短信,0.863343172362172
223,新网银行以什么名义放款,0.8633234616944067
224,注销账户的处理时间,0.8633180979987009
225,为何提示支付平台受发卡行资金用途限制拒绝交易,0.8629776787226502
226,存款产品如何修改手机号,0.8629341781954378
227,好人贷如何查看所支持的还款方式,0.8629055387200676
228,好人贷申请是否可以使用临时身份证,0.8628139978734638
229,如何取消征信查询及使用授权书,0.8627694707016466
230,新网二类户为何无法转入/转出,0.8625504718842446
231,好人贷通过率多少,0.8625370375766978
232,存款页面是否会显示每日收益,0.8624853770728903
233,好人贷如何提高额度,0.8624367946244507
234,为什么收到美利车金融的短信,0.8622633440056594
235,随心存可以在我行公众号查询/操作吗,0.8619833633924064
236,新网二类户可以升级为一类户吗？,0.8618907994653222
237,可否延期还款,0.8617397779705872
238,随心存如何查看收益情况,0.8615968451628421
239,为何提示支付平台当日交易次数超限,0.8615316403133308
240,车贷申请多久可以放款,0.8615215784306919
241,随心存T+1是什么,0.8613713487392887
242,如何操作随心存大额存款,0.8612391651282973
243,贷款证明如何开据,0.8611163427297917
244,新网银行好事贷如何申请,0.8611106858767394
245,销户后为何还能解绑银行卡,0.8607154613314136
246,消费凭证有效期是多久,0.86064411123867
247,有多少人获得好人贷额度,0.8606347246291457
248,可以通过他人银行卡转入到新网银行账户吗,0.8604450917463717
249,其他贷款怎么办理,0.8601781512435648
250,好人贷如何自助提额,0.8599288262711577
251,按期还款是什么,0.8598515517916947
252,借款成功会有短信等提醒吗,0.85981618350044
253,新网银行有哪些产品可以提额,0.8597760498183096
254,申请好人贷有区域或者号段等限制吗,0.8596117286524175
255,客服能否看到客户申请好人贷的信息,0.859397099563247
256,开据证明时为何提示账户存在异常,0.8593877770108233
257,贷款证明开据失败怎么办,0.8590227675819693
258,好人贷如何还款,0.8590112430410535
259,好人贷额度有效期是多久,0.8586618252378283
260,好事贷收取哪些费用,0.8584544940464465
261,一个身份证可以申请好人贷两次吗？,0.8584149160984843
262,为何申请好人贷后显示未获取额度,0.8583197987669413
263,批扣时间段是多久,0.8582207081553522
264,新网银行二类户与好人贷是否为同一个手机号码,0.858214952065052
265,什么是分批次扣款,0.8578510973645138
266,好人贷能否绑定他人银行卡,0.857752936768127
267,好人贷月利率是多少,0.8577273711238009
268,节假日可以操作各类存款吗,0.8576642577310533
269,如何购买新网银行存款产品,0.8573948957356528
270,好人贷可以重新申请吗,0.8570715686289408
271,好人贷被拒后为何没有下次开放时间,0.8570662687869274
272,存款产品支取通用路径,0.8570129867481633
273,新办的手机号可以申请好人贷吗,0.8570058611632619
274,为何提示支付平台不允许持卡人进行的交易,0.8569181154512884
275,随心存存入限额,0.856700523804015
276,好人贷为什么额度低,0.856637616794958
277,车贷如何申请,0.8564900835515903
278,银行渠道维护时间一般是多久,0.8564776153160527
279,车贷合同为何无法查看,0.856322780889845
280,好人贷账户如何查询,0.8562533399679809
281,选择任何还款方式都可以提前还款吗,0.856012276961105
282,为何提示支付平台该客户无默认扣款卡，交易没有发给统一支付,0.855956769860754
283,好人贷利率为什么高,0.8555692826929765
284,房产保证金是什么,0.8554997560844839
285,征信上报周期及更新时间,0.8553006727148805
286,新网银行能否绑定云闪付,0.8551970504542855
287,好人贷额度是多少,0.8551723406376471
288,新网银行有信用卡吗,0.8550678301952429
289,新网银行账户的交易记录如何查看,0.8550449696667924
290,好人贷交易密码如何设置,0.8547862348001195
291,新网银行账户是什么,0.8546872908923266
292,好人贷电话回访时间,0.8545219903590102
293,好人贷为什么提示“账户存在异常操作”,0.8543710008541474
294,人工是否可操作扣款,0.8543146629502486
295,新网银行有实体卡片吗,0.8540006151593633
296,存管提现到账时间是多久,0.8539930041214154
297,如何开据存款证明,0.8537285145163558
298,结清证明开据时间是多久,0.8537142832683278
299,申请好人贷后有没有回复,0.8536998041544677
300,好人贷还款方式有哪些,0.8536749816513035
301,车贷合同如何查看,0.853224882855633
302,贷款证明的电子章是否具有法律效应,0.8531746603882735
303,好人贷利率为什么调高了,0.8530619969080838
304,好人贷额度为什么变低了,0.8529401208480697
305,新网银行存款类产品有哪些,0.8528247690979581
306,新网银行业务办理时间,0.852370589111105
307,如何冻结新网银行账户,0.8522551887168158
308,新网银行有招聘吗,0.851806178900319
309,为何提示支付平台签约关系不存在,0.851794910934501
310,好人贷收取哪些费用,0.8516514583351783
311,如何查询还款日,0.8515827556294044
312,车贷收取哪些费用,0.8514315194861565
313,是否会发生重复扣款情况,0.8513604651862677
314,存款产品如何重置交易密码,0.8512927252784154
315,绑卡时页面上的银行卡预留手机号码可以修改吗,0.8511620369045353
316,为何无法提交好人贷申请资料,0.8507910094821601
317,罚息能否减免,0.8506138326948331
318,额度冻结怎么办,0.8505409919235776
319,申请诺诺发票贷需要什么条件,0.8502005633388774
320,新网银行开户支持的证件有哪些,0.8498790739476562
321,还款记录如何查看,0.8498135523913047
322,新网银行是否上市,0.8497959104153607
323,好人贷是邀请制吗,0.8497722328295563
324,新网银行行号是多少,0.8496856488696304
325,好人贷如何审核,0.8494307758678252
326,新网银行视频认证的QQ号码是多少,0.8492956056400792
327,在哪个平台操作提现,0.8492037986465314
328,为何无法申请好人贷,0.8489353349308445
329,工新借是什么,0.8486734681663796
330,如何把注册用户与结算用户都注销,0.8486407053285661
331,扣款失败的原因,0.8486214891380356
332,季得利的操作渠道有哪些,0.8484457162713737
333,电话客服是否可以受理结清证明,0.8483462618402493
334,申请好人贷需要开个人账户吗？,0.8483102779446432
335,客户咨询其他平台催收问题,0.8482991651890955
336,好人贷为什么无法借款,0.8482544966931759
337,定期存款操作的渠道有哪些,0.8478222843190873
338,车贷平台如何查询,0.8477468157786968
339,系统升级会影响扣款吗,0.8476791398859665
340,可否取消银行卡限额,0.8470169416996329
341,开具结清证明时为何无法登录,0.8470112926618433
342,操作好人贷是否需要开启定位,0.8469344914311123
343,查询车贷的注册手机号码是什么,0.8469184158003763
344,好人贷定位如何开启,0.8467877919514397
345,转入新网银行使用的密码是交易密码还是银行卡密码,0.8467758073798329
346,什么是银行卡预留手机号？,0.8466249494997218
347,好人贷需要面签吗,0.8465133537165986
348,修改手机号码的处理时间是多久,0.8465004787863811
349,如何注销新网二类户,0.8464449426986417
350,如何查看好人贷相关协议/合同？,0.8462452634509486
351,抵押类贷款如何办理,0.8462410926968111
352,随心存停售后有影响吗,0.8461944689197732
353,转账到新网银行账户是否还款成功,0.8461873337869681
354,好人贷注册手机号与银行卡预留手机号是否需要一致？,0.8459580449822754
355,扣款结果会有短信提示吗,0.845928861064209
356,提额会有通知吗,0.8458704514480575
357,未接到好人贷回访电话会被拒吗,0.8458699454629154
358,好人贷支持微信/支付宝扣款吗,0.845802500235237
359,结清证明会展示哪些信息,0.8456433346612572
360,如何办理好人卡？,0.8456122320555562
361,为何提示还款存在差错,0.8453761307606554
362,审核电话可更改接听电话吗,0.8452614761975549
363,存款利率是多少,0.8452296449205469
364,线下转账如何填写新网银行开户信息,0.8448869059882838
365,好人贷支持随借随还吗,0.8446615299309327
366,好人卡绑定云闪付/微信等失败怎么办,0.8444509166964833
367,逾期未还款如何处理,0.844434160568369
368,如何查看贷款合同,0.8443206296789643
369,额度占用问题,0.8439665833438297
370,好人贷年化利率是多少,0.8439060706151784
371,如何查看委托支付协议,0.8438468542740063
372,如何进入好人贷页面,0.8437900308868073
373,好人贷审核不通过对个人有什么影响,0.8437650249840043
374,转账到新网银行如何操作,0.8437494846749483
375,结清证明是否是还款记录证明,0.8436371276947211
376,新网账户绑定微信/支付宝后支持提现或充值吗,0.8435772357535833
377,新网银行有哪些活动,0.8434467868254792
378,额度冻结是什么意思？,0.8434233546223384
379,如何换绑银行卡,0.8431867284259719
380,查询各类工单办理进度,0.8431803381447772
381,如何查询征信报告,0.8430748166210593
382,联系新网银行客服有哪几种方式,0.8430604126913905
383,好人贷审核电话是多少,0.8430178164637141
384,客户表示还款成功,0.8429690637753828
385,随心存如何计息,0.8429397509339356
386,购买存款页面为何提示“额度不足，无法购买”,0.8428959335060896
387,存在迁户问题怎么处理,0.8427926261349159
388,什么是单笔借据和多笔借据,0.8427412882378423
389,新网银行如何联系客户,0.8424779525029876
390,如何查看随心存购买情况,0.8424492813763018
391,结清证明的印章是否可以用公章,0.8424212495105953
392,为什么收到提额短信但额度未提升,0.8422393809684178
393,存管账户如何注销,0.8417589137262546
394,身份证过期可以申请好人贷吗,0.8417238367260967
395,新网银行账户可以在哪些地方使用,0.8416854823120867
396,为何提示支付平台发卡行拒绝,0.8414647034489139
397,更改银行卡预留手机号的方法,0.8411435254439883
398,实名认证是否查询征信,0.8410351725771241
399,公众号是否有还款提示,0.8407987101559363
400,为何提示支付平台交易金额超限,0.8406575356728242
401,借款失败怎么办,0.8406351438468762
402,哪些渠道可以购买京东存款产品？,0.8406019983789046
403,新网银行人工客服电话是多少,0.8403657824415873
404,好人贷利率是多少,0.8400097009068863
405,还款银行卡是否需要开通银联在线支付业务,0.8397744748226439
406,随心存产品停售原因,0.839668954258855
407,新网银行有几个网点,0.8395997643819614
408,为何页面出现多个新网银行账户,0.8394973197631704
409,新网银行发送的短信验证码的有效时长？,0.8394250458227431
410,好人贷必须绑定银行卡使用吗,0.8393820899179164
411,为何申请好人贷页面显示暂无资格,0.8391941909538092
412,如何签署借款合同,0.8389660111526972
413,如何修改征信上的个人信息,0.8386726965278636
414,如何修改存管账户预留手机号码,0.8385212994821388
415,电脑端可以登录好人贷吗,0.8383657232534385
416,如何解约快捷支付？,0.8383596689252405
417,随心存如何修改交易密码,0.8383572648730607
418,好人贷账户如何更换手机号码,0.8380347403815582
419,平台方提供的客户审批资料能否提供给客户,0.837858108909028
420,通过本人微信找回密码是指什么,0.837608676458419
421,存管查询的余额如何提现,0.8375538687388309
422,好人贷申请必须使用身份证原件吗,0.8373867755210003
423,如何查询存管账户流水,0.8371553043254347
424,查询结清证明申请是否已提交,0.837070552877619
425,如何在新网银行开户,0.8369031840014411
426,申请好人贷后为何页面显示仍可提交申请,0.8368502327681097
427,滴水贷客服电话是多少,0.836485632765712
428,逾期造成的影响是什么,0.8361955274594636
429,新网银行合作的存管平台有哪些,0.8361759788619086
430,是否可以取消自动扣款,0.8360040133429493
431,为何同时收到了还款成功和失败的短信,0.8359573531709531
432,还款后页面显示等待中,0.8359385856345762
433,季得利是什么,0.835516452452984
434,结清证明印章无法查看,0.8350889430756825
435,好人贷审核时间是多久,0.8349937391808568
436,如何通过线下方式转入新网二类户,0.8349055490880446
437,58车金融客服电话是多少,0.8347383709153385
438,银行渠道维护无法操作怎么办,0.83472113537098
439,为何提示支付平台支取金额超过可用余额,0.8344657206107446
440,我们是四川新网银行吗,0.8342047009218475
441,为何提示还款卡不存在,0.8342011908595782
442,如何增加银行卡,0.8338794122536232
443,结清证明的发送方式有哪些,0.8334106178953398
444,开据证明时为何需要实名认证,0.8331833795284486
445,新网银行公众号如何取消关注,0.832993386719268
446,如何激活新网二类户,0.8321978095577661
447,如何降低/关闭额度,0.8320679665622349
448,新网银行合作平台有哪些,0.8319160552834894
449,客户催促需要加急办理,0.8308591288107988
450,如何注销新网注册用户,0.8308016142689347
451,他人可以使用本人信息申请好人贷吗,0.8304650724899131
452,好人贷如何申请,0.8304155624556696
453,为何提示支付平台银行卡未开通银联无卡认证支付,0.8302709843736275
454,京东存款如何修改注册手机号码,0.8302292922985658
455,如何查询申请相关的协议书,0.8299978707359009
456,如何设置存管支付密码,0.8299265336374572
457,银联在线支付是什么,0.8297411435972221
458,好人贷只能使用微信登录吗？,0.8293037777897869
459,关于消费凭证,0.8292553577325849
460,新网账户之间能否互相转账,0.8292194457793819
461,为何提示支付平台暂不支持的银行或限额,0.8292114248847132
462,开据证明为何显示没有符合要求的订单,0.8289133130877558
463,好人贷个人资料如何修改,0.8288181860722175
464,微信号更换成功后何时可以正常使用,0.8279816874953997
465,个人可以在新网开立几个账户,0.8278912947657006
466,为何提示支付平台持卡人信息有误,0.8276921627440164
467,为何提示支付平台其他错误,0.827572266130946
468,新网银行APP下载,0.8275404251676527
469,新网银行的官网地址是什么,0.8274875875464867
470,什么是当期账单,0.8274673591194548
471,什么情况算逾期,0.8271388112527764
472,什么平台的贷款,0.8270410846063925
473,注销注册用户后是否可恢复？,0.8270380031182847
474,好人贷申请成功会有短信通知吗,0.8269458318734496
475,车贷如何修改注册手机号码,0.8268012685511679
476,随心存操作渠道有哪些,0.8267767863123792
477,目前支持的银行有哪些,0.8267403702978608
478,自动扣款如何操作,0.8264955152174054
479,什么情况算违约,0.8256697659983285
480,为何无法销户,0.8254372261353803
481,微信/支付宝等可否与新网银行账户互相绑定,0.8254058173068202
482,如何查询新网账户,0.8250383695708884
483,征信报告是什么样的,0.8247038947440294
484,申请好人贷没有公司邮箱怎么办,0.8245582520991114
485,手机号归属地与定位地不一致是否有影响,0.8244281391892451
486,为何之前绑定的银行卡不支持扣款了,0.8240357190006566
487,车辆信息如何查询,0.8238109097355876
488,申请好人贷必须填写联系人信息吗,0.823556757976818
489,如何邀请好友申请好人贷,0.8234852333841963
490,好人贷申请的渠道有哪些,0.8233366634968969
491,如何更改其他平台的注册手机号码,0.8230729079314013
492,如何修改新网随心存注册号码,0.8230215870819411
493,好人贷如何实名认证,0.8228734481431843
494,页面为何提示“开户失败”、“账户存在异常操作/账户异常”,0.8228482129117897
495,支持绑定的银行卡类型有哪些,0.8225496541059137
496,如何查询账户是否冻结,0.8220922305556686
497,我行对客邮箱是多少,0.8219491507688143
498,修改手机号码/微信号是否会影响自动扣款,0.8216913162956027
499,如何录制活体检测,0.8215937216033902
500,好人贷与其他平台类似产品的区别是什么,0.8215813642059208
501,开户失败原因,0.821384496984282
502,审核电话内容是什么,0.8208726873465808
503,转账时为何提示未面核,0.8208595199416526
504,如何查询是否已申请好人贷,0.82085352474806
505,存管账户充值限额,0.8207874727166379
506,新网银行简介,0.820409492760499
507,注册手机号及微信号需要实名制吗,0.8203107372976484
508,征信是什么,0.8200471032330674
509,是否需要使用本人手机操作好人贷,0.8198837291852736
510,存管是什么,0.819767809397425
511,存管密码被锁定怎么办,0.819611793782617
512,身份证信息变更后如何更新,0.8193979683498491
513,销户与否会产生什么影响,0.8190626273853221
514,居住信息如何填写,0.8188625354998761
515,客服是否是随机分配,0.8186969820042085
516,可绑定银行卡数量上限,0.8182114258852273
517,好人贷申请需要填写哪些个人信息,0.8180449525583927
518,申请好人贷工作信息如何填写,0.8178984515039894
519,存管账户如何查询,0.817346888662414
520,可以查询个人信息资料吗？,0.8169751892484669
521,好人贷注册手机号无法使用,0.8169522106337008
522,为何提示支付平台账户状态异常,0.8168339889064717
523,拨打我行人工客服电话是否收费,0.8166858699762514
524,为何提示支付平台渠道不支持的银行,0.816545779185733
525,新网银行人工客服电话打不通,0.8162115156273297
526,自动扣款失败怎么办,0.8153812973683154
527,什么是一、二、三类户,0.8150226123546992
528,白骑士认证失败是什么意思,0.8146596268183776
529,令牌无效是什么,0.8144560671857922
530,注册手机号更换成功后何时可以正常使用,0.8144410897731604
531,申请好人贷需要下载APP吗？,0.8143954861158897
532,可以查询注册手机号码吗,0.8143782491967984
533,怎样用其他手机登录好人贷,0.8143022868630488
534,优信客服电话是多少,0.8131073666130852
535,下一次开放时间是什么意思,0.8126187508573879
536,存管查询为何提示用户不存在或者信息有误,0.8125577368522455
537,如何删除身份证信息,0.8117096095422212
538,如何解绑银行卡,0.8114872696651337
539,如何办理对公业务,0.8114054458909138
540,为何提示不具备开具资格,0.8112505967411143
541,银联在线支付如何开通,0.811125056113322
542,如何查看银行卡管理列表,0.8109783932503125
543,公众号页面的“我的排号”是什么意思,0.8104755763655763
544,好人贷是什么,0.8104218396408339
545,如何知晓已注销成功,0.8104108117147868
546,怎样才能成功申请到额度,0.8101214680298235
547,能否让客服回电,0.8092073570303585
548,客户发送截图以及个人信息等,0.8090406242236541
549,为什么没有扣款,0.8089480102196899
550,客户表示知道了,0.8077024668036432
551,如何查询是否开通银联在线支付,0.8071979838631762
552,如何绑定银行卡,0.8067235736153189
553,随心存如何登录,0.8064708309705216
554,如何查看优惠券的使用情况,0.8062685725093485
555,客户表示没有问题了,0.8060245586779431
556,美团客服热线是多少,0.8055896296927123
557,为何提示支付平台账户余额不足,0.8054737995131381
558,申请被拒怎么办,0.804691332229285
559,新网银行人工客服服务时间,0.8043061814687205
560,交易密码无法设置,0.8038065996128313
561,活体检测失败怎么办,0.8037921506322486
562,为何无法登录存管查询,0.803725708223922
563,罚息介绍,0.8037035906213876
564,注册规则是什么,0.8031714955142188
565,新网银行地址在哪里,0.8029515393526183
566,美利车联系电话,0.8028456038586588
567,如何更换微信号,0.8027484924592052
568,如何查看手机号是否实名制,0.8025698496738737
569,能否删除个人信息,0.8024859047154829
570,申请好人贷使用的邮箱是公司邮箱还是个人邮箱,0.8018172627763482
571,接收短信的手机号是否为注册手机号,0.8006793908807887
572,客户表示有合作意向,0.8005433451393277
573,视频认证的步骤是什么,0.800404460321809
574,为何存管信息与平台显示不一致,0.7999538523372749
575,实名认证审核时间,0.7996498572592334
576,退汇是什么意思,0.7995445584559752
577,如何关注新网银行公众号,0.7994076832703119
578,好人贷为什么无法登录,0.7992302239335246
579,视频认证录制失败的原因是什么,0.7991019819510746
580,客户表示需要考虑,0.7990776653399098
581,客服能否查看聊天记录,0.7984545787965773
582,开户是什么意思,0.7979869863885002
583,如何查看开户结果,0.7976322356850579
584,什么是还款日,0.7974912254798567
585,随心存是什么,0.7974089936215819
586,申请好人贷需要公积金、社保吗？,0.7973947423980271
587,客户提到投诉,0.7973593610172511
588,为何存管查询提示没有密码,0.7973132251047635
589,关于客户个人信息安全问题,0.7971028088069054
590,上传身份证时需填写的内容是什么,0.7970448661146355
591,手持身份证拍照的注意事项,0.7970344165936227
592,合同为何无法打开,0.7961767483654932
593,在线客服是否是人工客服,0.7949380445250058
594,新网有哪些产品,0.7944671514117142
595,申请好人贷需要哪些资料,0.7940340759384603
596,进入随心存为何提示手机号码不一致,0.794023729663972
597,可否补充企业邮箱,0.7934197850455806
598,如何注销公众号,0.7933597196832778
599,实名认证为什么不符,0.7929327606901841
600,开通什么业务,0.7924899913965252
601,绑定银行卡失败,0.7907667316984721
602,什么是无卡支付及免密支付,0.7903261031356782
603,为什么提示用户不存在,0.7903222562768785
604,客户表示稍等,0.7902924552018743
605,什么是风控审核中,0.790286128828536
606,实名认证失败的原因是什么,0.7898039297190987
607,申请创客贷需要什么条件,0.7896316974261014
608,什么是注册号码？,0.7895200232511935
609,为什么拍照认证时总是不成功或显示系统崩溃,0.7894518931970325
610,如何开立存管账户,0.789018731791969
611,为何提示用户未实名认证,0.7889728569420524
612,客户表示不满,0.7884549765469548
613,修改手机号后是否需要重置登录密码,0.7874829629425901
614,在线咨询是否支持客户发送语音,0.7862362154780161
615,经侦是指什么,0.7860581956375186
616,银行转账未到账怎么办,0.7854985790935055
617,密码被锁定怎么办,0.7842475949468071
618,获取验证码次数超限怎么办,0.7839290216889014
619,如何获取线上核身链接,0.7839159064297189
620,为何人脸识别提示光线太足,0.7836508684107178
621,申请好人贷需要什么条件,0.7835521770250393
622,如何退出微信公众号,0.7826967770288533
623,迁户是什么意思,0.7817288539171217
624,输入身份证号码时，为何无法输入字母,0.7809027146261124
625,如何修改实名认证手机号码,0.7803790444767497
626,客户要求发送相关模板,0.7790253814922629
627,如何登录微信公众号,0.777413595069251
628,为何提示交易密码验证失败,0.7769550810277442
629,可以重新注册吗,0.77598288606055
630,公众号如何注册,0.7752387267569443
631,页面为什么异常跳转,0.7745391135530684
632,手机号无法使用为什么,0.7739650021217531
633,人脸识别失败怎么办,0.7733813567128807
634,系统繁忙是什么原因,0.7718451960366012
635,登录时的图文验证码是否区分大小写,0.7694949616949235
636,优惠券如何使用,0.7683845773819211
637,为什么点击拍照没有反应,0.7658916751448099
638,为何提示系统异常,0.7654215908363075
639,身份证上传失败怎么办,0.7653013719548055
640,人脸识别使用的是照片还是视频,0.7652063183154939
641,可以咨询吗,0.7649747980102076
642,客户称赞服务好,0.7626383860385315
643,企业邮箱格式是什么,0.7621079692851511
644,密码如何修改,0.7617445138777568
645,人脸拍摄规范,0.7601567969866683
646,为何重置密码后仍提示密码错误,0.7588652224610823
647,如何进入个人中心,0.7585526030468733
648,如何获得优惠券,0.7585435799424151
649,什么是综合评估,0.7576510218499818
650,登录密码为何无法重置,0.7546708432538884
651,什么是活体检测,0.7503384523516775
652,为何图文验证码输入正确却提示错误,0.7479500351020824
653,企业邮箱为何验证不了,0.7407250761701124
654,咨询可以发送图片吗？,0.7405780938227361
655,页面为何无法打开,0.7404019319150461
656,忘记密码怎么办,0.7370585375001287
657,企业邮箱验证码可否重新获取,0.7367455910129567
658,为何提示缺少必要参数,0.7366646293750433
659,企业邮箱填写错误怎么办,0.730805644168048
660,验证码发送至什么手机号,0.7299557127172627
661,客户提出建议,0.7284307372606925
662,为什么无法注册,0.7250377146918562
663,什么是登录密码,0.7203749164104221
664,为何提示该证件已被使用,0.7070883424014032
665,核身链接失效的原因,0.6772971218080692
666,手机获取验证码失败,0.603269318451681
