0,打电话免费吗,1.0
1,审核电话可更改接听电话吗,0.9119827891501219
2,拨打我行人工客服电话是否收费,0.8895251973404967
3,优信客服电话是多少,0.8893770627682173
4,"好人贷有回访电话吗""",0.8873761058648505
5,修改手机号码的处理时间是多久,0.880357604837058
6,能否让客服回电,0.8785375617600345
7,好人贷有回访电话吗,0.8781439620001132
8,新网银行人工客服电话打不通,0.8769126674483563
9,好人贷电话回访时间,0.8762429136012527
10,在线咨询是否支持客户发送语音,0.8743750111278079
11,审核电话内容是什么,0.8716057926581565
12,美团客服热线是多少,0.8709955051613858
13,提额会有通知吗,0.8709347738775874
14,新网银行人工客服电话是多少,0.86958385366051
15,58车金融客服电话是多少,0.8686608743604596
16,自助提额什么时候上线,0.868615642639813
17,联系新网银行客服有哪几种方式,0.8673213905769656
18,为何无法销户,0.8669254071206546
19,为什么收到美利车金融的短信,0.8668466751493876
20,手机号归属地与定位地不一致是否有影响,0.8658548459337686
21,新网银行如何联系客户,0.865680199232743
22,如何更换微信号,0.8644341762110315
23,可否取消银行卡限额,0.8643717001681102
24,存款产品如何修改手机号,0.8643143645829775
25,什么是银行卡预留手机号？,0.8622555711343906
26,如何查询新网账户,0.8619956171150812
27,绑定银行卡产生费用吗,0.8619500672696024
28,银联在线支付是什么,0.8615896308738891
29,新网账户之间能否互相转账,0.8613552622742002
30,视频认证的步骤是什么,0.8609286344398364
31,更改银行卡预留手机号的方法,0.8604920573284268
32,补扣会影响信用吗,0.8594554310989947
33,人工是否可操作扣款,0.8594468858946347
34,系统升级会影响扣款吗,0.8594314059171603
35,新网银行存款是否受保障,0.8592421557011852
36,扣款失败的原因,0.8579978474457243
37,可以查询注册手机号码吗,0.8577646559796797
38,电话客服是否可以受理结清证明,0.8574827268531058
39,如何激活新网二类户,0.8574230351961083
40,销户后是否上征信,0.8572493562970129
41,扣款结果会有短信提示吗,0.8569846425240717
42,开通什么业务,0.8569777945849638
43,新网银行视频认证的QQ号码是多少,0.856786622181791
44,下一次开放时间是什么意思,0.8566600221806915
45,滴水贷客服电话是多少,0.8564198904622337
46,通过本人微信找回密码是指什么,0.8562924215159584
47,注销账户的处理时间,0.8561840317296175
48,银行卡挂失会影响自动扣款吗,0.8556722428745089
49,在线客服是否是人工客服,0.8555548311061405
50,接收短信的手机号是否为注册手机号,0.8554746964108201
51,客户发送截图以及个人信息等,0.8552335251462101
52,新网银行扣款通道是什么,0.8551840026624307
53,实名认证是否查询征信,0.8549057612960681
54,我行对客邮箱是多少,0.8548585180328718
55,任性还款是什么,0.8548546755929983
56,银行渠道维护是指什么,0.8544553462088645
57,提前支取有限制吗,0.8543351589345175
58,新网有哪些产品,0.8540882660610867
59,借款成功会有短信等提醒吗,0.8538503778232255
60,新网银行账户可以在哪些地方使用,0.8538376566489896
61,关于消费凭证,0.8538347438823749
62,新网银行以何名义查询征信,0.8537079058653827
63,自动扣款时间段是多久,0.853461625112813
64,更换银行卡会影响自动扣款吗,0.8531169606572686
65,新网二类户转入/转出收取手续费吗,0.8529921804160704
66,微信号更换成功后何时可以正常使用,0.8528206955806789
67,注册手机号及微信号需要实名制吗,0.8527424073382256
68,新网银行有招聘吗,0.852415223315017
69,为何收到新网银行还款短信,0.8519960524511966
70,是否会发生重复扣款情况,0.8519295044764295
71,活体检测失败怎么办,0.8507471036011843
72,客服是否是随机分配,0.850656189990408
73,修改手机号码/微信号是否会影响自动扣款,0.8504032389682386
74,可否按照征信订单号开据证明,0.85013409565423
75,新网银行有哪些活动,0.8497564834909491
76,线上开据证明有次数限制吗,0.8497302389290609
77,如何办理好人卡？,0.8497141698351848
78,客户表示知道了,0.8493919402603178
79,如何查看委托支付协议,0.8493278745404647
80,银行卡是二类户影响扣款吗,0.849211991670821
81,新网银行能否绑定云闪付,0.8491708347529692
82,是否可以取消自动扣款,0.8490988416275241
83,银行渠道维护时间一般是多久,0.8488338773051805
84,如何查看手机号是否实名制,0.8486662457926046
85,新网银行自动扣款时间,0.8486643334844132
86,提前支取时为何显示存入,0.8483185613013725
87,如何增加银行卡,0.8483013538380345
88,新网银行账户是什么,0.8481128024298787
89,如何解约快捷支付？,0.8478330170850028
90,新网二类户转入/转出有时间限制吗,0.8478219106482446
91,如何换绑银行卡,0.8472692090682024
92,批扣时间段是多久,0.8470114255651402
93,视频认证录制失败的原因是什么,0.8469461310303931
94,车辆信息如何查询,0.8469323459479531
95,新网二类户为何无法转入/转出,0.846847110556257
96,系统繁忙是什么原因,0.8465914989325192
97,如何取消征信查询及使用授权书,0.8465199292092785
98,好人贷自动扣款规则,0.8463658789952112
99,能否删除个人信息,0.8461755759787821
100,销户与否会产生什么影响,0.845759125731102
101,新网银行发送的短信验证码的有效时长？,0.8453274454273013
102,如何注销新网二类户,0.8451840836864181
103,新网银行业务办理时间,0.8451332527345867
104,如何录制活体检测,0.8445210969078494
105,未接到好人贷回访电话会被拒吗,0.8444502743595754
106,为何征信上有新网上报的贷款记录,0.8443262367156574
107,好人贷审核时是否给填写的联系人去电,0.8443184758289786
108,新网银行三类户是什么,0.8441980566974661
109,申请被拒怎么办,0.8441512759368373
110,自动扣款如何操作,0.844082139607383
111,如何更改其他平台的注册手机号码,0.8435667245270181
112,客户表示需要考虑,0.8434766185332186
113,为什么取消了提前部分还款,0.8431802245575709
114,为何提示还款卡不存在,0.8429753910081791
115,公众号是否有还款提示,0.8429368227695531
116,消费凭证有效期是多久,0.8428987067492208
117,如何查询转账到新网银行的记录,0.8427138432156412
118,新网银行有几个网点,0.8426603742322554
119,银联在线支付如何开通,0.8425811684093978
120,随心存存入限额,0.8424212182178503
121,为什么没有扣款,0.8421917488366489
122,京东存款如何修改注册手机号码,0.8421655442962823
123,合作平台如何取消贷款,0.8421382273425392
124,好人贷申请是否支持人工受理,0.8420751292296413
125,银行卡还款限额是多少,0.8418474449713437
126,新网银行以什么名义放款,0.8417998384982852
127,黑户/白户是否可以申请好人贷,0.8417858395052699
128,手机号无法使用为什么,0.841540021540326
129,新网银行是否上市,0.8412965668739452
130,新网二类户可以升级为一类户吗？,0.8412584843504488
131,为什么银行还款存在限额？,0.8411697757285916
132,是否需要使用本人手机操作好人贷,0.8410508206790441
133,绑卡时页面上的银行卡预留手机号码可以修改吗,0.8407574499005006
134,美利车联系电话,0.840659931315564
135,如何查询征信报告,0.8406063237971275
136,可以咨询吗,0.840533803945186
137,周得利提前支取如何计息,0.8405026875890825
138,存款产品支取通用路径,0.8403626122838097
139,为何收到新网银行逾期提醒短信,0.8402566957697721
140,个人可以在新网开立几个账户,0.8399966871479279
141,新网银行有信用卡吗,0.8399404222416655
142,如何删除身份证信息,0.8399382423207198
143,好事贷收取哪些费用,0.8399175170457533
144,随心存操作渠道有哪些,0.8398727244466823
145,客户表示没有问题了,0.8398639475760465
146,节假日可以借/还款吗,0.8396599788077945
147,查询车贷的注册手机号码是什么,0.8395971889535345
148,新网银行的官网地址是什么,0.8393308322858105
149,销户后可以再开户吗,0.8392559878940706
150,可否补充企业邮箱,0.8391943367571247
151,可否对公还款,0.8391631503677687
152,如何注销公众号,0.8391624148935908
153,进入随心存为何提示手机号码不一致,0.8391540232808494
154,客服能否查看聊天记录,0.8387696619727637
155,合作平台如何还款,0.838732513810729
156,好人贷账户如何挂失,0.8386818092004571
157,实名认证审核时间,0.8384604031860111
158,新网银行人工客服服务时间,0.8377886413738987
159,如何查询申请相关的协议书,0.8377309637945471
160,还款后为何未更新还款状态,0.8376812406398386
161,如何注销新网注册用户,0.8376745490733278
162,白骑士认证失败是什么意思,0.8376380944806293
163,支持绑定的银行卡类型有哪些,0.8375198064589103
164,存款产品如何重置交易密码,0.8374462240771515
165,为何无法申请好人贷,0.837380594668475
166,好人贷审核电话是多少,0.8373744158795027
167,有额度不使用有什么影响吗,0.8372199269326217
168,好人贷申请能否撤销,0.837216683306591
169,收款卡发卡行拒绝放款失败什么意思？,0.8371688698648846
170,注册规则是什么,0.8370777589170764
171,居住信息如何填写,0.8368491064421198
172,为何提示支付平台其他错误,0.8367999951436863
173,为何提示支付平台当日交易次数超限,0.836707511645875
174,客户催促需要加急办理,0.8366490255325714
175,如何邀请好友申请好人贷,0.8365507207624923
176,实名认证为什么不符,0.8365148785013768
177,自动扣款失败怎么办,0.836471742024711
178,车贷支持手动还款吗,0.8364546436016195
179,为何提示支付平台签约关系不存在,0.8363409484714505
180,线上是否可开据征信版结清证明,0.8362589724536157
181,新网二类户上的资金是否计息,0.836248122733598
182,新网银行开户支持的证件有哪些,0.8361867230084682
183,随心存停售后有影响吗,0.8361224179774525
184,挖财还款是否为新网银行代扣,0.8360655235872357
185,定期存款是否有存单,0.8360531898649993
186,为何征信上有新网银行的贷款审批记录,0.8359223155625215
187,申请好人贷后有没有回复,0.8359036932979853
188,如何修改实名认证手机号码,0.8357808643156541
189,好人贷借款时还会审核吗,0.8357274844549304
190,额度占用问题,0.8356694614298704
191,工新借是什么,0.8356536062823902
192,我们是四川新网银行吗,0.8356463410003205
193,为何同时收到了还款成功和失败的短信,0.8355636310435789
194,转账时为何提示未面核,0.8355459324278203
195,新网银行行号是多少,0.8354827703113401
196,随心存支持提前支取吗,0.8354478423482116
197,新网银行账户的交易记录如何查看,0.8352056788089319
198,车贷收取哪些费用,0.8351828536319953
199,新网银行有哪些产品可以提额,0.835178101123497
200,线上转入新网银行账户到账时间是多久,0.8351620656483283
201,令牌无效是什么,0.8350973215760985
202,车贷合同为何无法查看,0.8350822352860867
203,新网银行自动扣款次数,0.8350325166785806
204,季得利是什么,0.8348890500337723
205,好人贷的办理时间,0.834800790827764
206,新网诺诺发票贷如何申请,0.8347921910850238
207,好人贷账户如何注销,0.8346960083585777
208,实名认证失败的原因是什么,0.8345161830700314
209,身份证更换期间会影响好人贷贷款吗,0.8344896796125297
210,如何在新网银行开户,0.8344630320719265
211,还款日当天是否自动扣款,0.834174783229311
212,好人贷账户如何更换手机号码,0.8340596767903098
213,新网银行二类户限额是多少,0.8340443182892128
214,注册手机号更换成功后何时可以正常使用,0.8340123034201301
215,获取额度后多久可发起借款,0.8340003277989316
216,销户后为何还能解绑银行卡,0.83399235907864
217,好人贷借款规则,0.833974392569659
218,车贷扣款支持的银行卡有哪些,0.833937717500354
219,如何把注册用户与结算用户都注销,0.8339350487489401
220,好人贷消费用途,0.8335522581982432
221,人脸识别失败怎么办,0.8333454856580861
222,如何冻结新网银行账户,0.833322408291366
223,交易密码无法设置,0.8333144873197518
224,如何查询好人贷申请的授信结果,0.8332877641145292
225,罚息能否减免,0.8332840773144417
226,什么是分批次扣款,0.8332792458526933
227,如何确保还款日当天会扣款成功,0.8332359146912949
228,密码被锁定怎么办,0.8331935171765763
229,随心存产品停售原因,0.8331216814094078
230,存款页面是否会显示每日收益,0.8330765313335927
231,如何登录微信公众号,0.8330303333088428
232,征信是什么,0.8328925967537139
233,工新借如何申请,0.8328222455974356
234,为何提示支付平台不允许持卡人进行的交易,0.8327855444917508
235,如何修改征信上的个人信息,0.832653572352722
236,为何人脸识别提示光线太足,0.8325607849374881
237,随心存T+1是什么,0.8324059222168113
238,使用优惠券后提前还款利息如何计算,0.8323707078030139
239,为什么提示用户不存在,0.8322115633278976
240,开户失败原因,0.8321664322928168
241,好人贷是否有临时额度,0.832023764787415
242,征信报告是什么样的,0.8319371282945536
243,好人贷借款如何上报征信,0.8319091126572709
244,好人贷支持随时借款吗,0.8318868742867266
245,目前支持的银行有哪些,0.8318516370735155
246,可以让别人代还款吗？,0.8318392149921183
247,线下转账如何填写新网银行开户信息,0.8317380683767278
248,为何提示还款存在差错,0.8316475675145557
249,新网银行合作平台有哪些,0.8316306224511544
250,新网银行有实体卡片吗,0.8316174152860683
251,好人贷注册手机号与银行卡预留手机号是否需要一致？,0.8315877902693976
252,存款产品是否存满五年才能支取,0.8314827508183279
253,为何提示系统异常,0.8314759053068133
254,还款日可以修改吗,0.8314634038649156
255,如何通过线下方式转入新网二类户,0.8314331304293924
256,无法提供消费凭证可以取消贷款吗,0.831330310565
257,为什么收到提额短信但额度未提升,0.8312690334748605
258,客服能否看到客户申请好人贷的信息,0.8312558166355302
259,好人贷申请是否查询芝麻信用,0.831128814230088
260,为何提示支付平台暂不支持的银行或限额,0.83112444578332
261,如何设置存管支付密码,0.8311170720950273
262,车贷如何修改注册手机号码,0.8310878209258317
263,好人卡绑定云闪付/微信等失败怎么办,0.8309955637534905
264,怎样用其他手机登录好人贷,0.8309794352933648
265,存在迁户问题怎么处理,0.8309755182772196
266,其他贷款怎么办理,0.830954607078959
267,新网银行二类户与好人贷是否为同一个手机号码,0.8309294785782286
268,借款失败怎么办,0.8308706104846937
269,新网银行地址在哪里,0.83078926106207
270,可以查询个人信息资料吗？,0.8307288847910834
271,车贷还款只扣除部分是什么原因,0.8305474009941076
272,新网银行二类户如何转入/转出,0.8302196727324932
273,客户表示有合作意向,0.8301638574835422
274,好人贷-云闪付是什么,0.8301506140657674
275,好人贷收取哪些费用,0.8301194327972284
276,好人贷申请身份证可否添加水印,0.8300648746261735
277,随心存如何登录,0.8300611550243739
278,好人贷支持在国外发起借款吗,0.830052746302202
279,选择任性还款/按期还款利息如何计算,0.8298681748906921
280,存款需要先开立银行账户吗,0.8298493108940115
281,借款后如何判定下次还款日期,0.8298264660588709
282,银行卡开通银联在线支付后是否可正常还款,0.8294386163100398
283,结清证明会展示哪些信息,0.829407819748136
284,为何按期还款只能选择部分贷款期限,0.8293489071028725
285,好人贷如何主动还款,0.8293352239304682
286,非绑定银行卡可否与新网二类户转账,0.8292823654853833
287,如何修改存管账户预留手机号码,0.8292742140207467
288,季得利的操作渠道有哪些,0.8292111503281768
289,如何更换借款收款银行卡,0.8291873471123268
290,新网银行公众号如何取消关注,0.8291843031775546
291,好人贷提额会查询征信吗,0.8291708047766593
292,名下所有卡被冻结后如何还款,0.8291592003495319
293,转账到新网银行如何操作,0.8291054098544482
294,如何降低/关闭额度,0.829088082664905
295,客户表示不满,0.8290242260458488
296,如何绑定银行卡,0.8287916410748282
297,合同为何无法打开,0.8287787808384454
298,为何页面出现多个新网银行账户,0.8287715339113134
299,随心存可以在我行公众号查询/操作吗,0.8286924161424195
300,随心存如何修改交易密码,0.828678565879385
301,借款合同是否有展示提前还款会收取违约金的情况,0.8286301856736943
302,线上开据证明为何和征信金额不符,0.8286195688912381
303,存管密码被锁定怎么办,0.8285627459197288
304,好事贷如何还款,0.8284562951304852
305,好人贷交易密码如何设置,0.8284021657539535
306,为何征信上有新网银行上报的逾期,0.8283400949954212
307,好人贷为何无法还款,0.8282149622739975
308,新网银行存款产品为何暂停交易,0.8282041091615494
309,提前还款会影响个人征信吗,0.8281848568461772
310,为何还款后额度恢复减少了,0.8280912751352237
311,什么是无卡支付及免密支付,0.8278854384572915
312,诺诺发票贷的利率是多少,0.8277902431502898
313,银行渠道维护无法操作怎么办,0.8277518189021553
314,车贷如何解绑银行卡,0.8277342194687852
315,新网银行APP下载,0.8276657130851891
316,贷款结清之后能否删除贷款记录,0.827570035620781
317,如何查询合作平台贷款是否结清,0.827485750232448
318,好人贷部分提前还款规则,0.8274267142862631
319,如何退出微信公众号,0.8273196677474982
320,客户提到投诉,0.8273119500318448
321,结清贷款后征信上是否会显示结清,0.8271433246754302
322,为何提示支付平台发卡行拒绝,0.8271124976450765
323,还款银行卡是否需要开通银联在线支付业务,0.8270872231264379
324,车贷如何申请,0.8270801943030455
325,车贷能否绑定他人银行卡,0.8270085557155024
326,再次申请好人贷会查询征信吗,0.8269887144098319
327,当期账单支持再分期吗,0.8269223197138817
328,如何查看银行卡管理列表,0.8268808560780483
329,征信上报周期及更新时间,0.8268654030239523
330,如何解绑银行卡,0.8268430587570096
331,如何查询其他平台扣款银行卡,0.8268400937766541
332,为何好人贷还款时提示“交易处理中”,0.8265413233139652
333,按期还款和任性还款的区别是什么,0.8264516656618561
334,还款记录如何查看,0.8262380275324612
335,新网银行账户可以设置为好人贷借/还款账户吗,0.8262360185388343
336,能否人工开据贷款证明,0.8262017630699499
337,好人贷手动还款时为何提示批次执行中,0.8259829357453863
338,平台还款信息为何与新网银行不一致,0.825956902123694
339,节假日可以操作各类存款吗,0.8259226666890138
340,新网银行有企业贷款吗？,0.825786687491017
341,优信扣款成功后为何显示待还款,0.8257396104715328
342,好人贷为什么无法借款,0.8256143134681823
343,如何办理对公业务,0.825427400020924
344,好人贷不借款会产生利息或费用吗,0.8254053214734087
345,好人贷额度他人能否使用,0.82538289813604
346,好人贷支持扣款的银行有哪些,0.8252830946269109
347,贷款证明的电子章是否具有法律效应,0.8251350880267041
348,开据证明时为何提示账户存在异常,0.8250109594325182
349,为何提示支付平台持卡人信息有误,0.8249283885337021
350,手持身份证拍照的注意事项,0.8247914520602231
351,为何提示支付平台受发卡行资金用途限制拒绝交易,0.8247278548375362
352,公众号如何注册,0.8246333800120789
353,转入新网银行使用的密码是交易密码还是银行卡密码,0.8245800655385185
354,我行放款的其他平台借款会上报征信吗,0.8245211565651175
355,好人贷贷款利息如何计算,0.8243781731560502
356,新网银行存款类产品有哪些,0.8243699805940975
357,为何提示支付平台交易金额超限,0.8243538841718906
358,如何查看随心存购买情况,0.8243238746304064
359,查询各类工单办理进度,0.824306895607784
360,新网银行好事贷如何申请,0.8243019439561253
361,客户表示还款成功,0.8242984839231772
362,好人贷扣款账户如何查看,0.8242812667545334
363,新网银行简介,0.8242665640734839
364,为什么好人贷第一期还款金额与之后不一致,0.8242565938479941
365,好人贷申请是否可以使用临时身份证,0.823970216498411
366,如何进入好人贷页面,0.8238619020122869
367,注销注册用户后是否可恢复？,0.8238224686980258
368,随心存到期后何时到账,0.8237662060597682
369,可否延期还款,0.8236835667659472
370,客户咨询其他平台催收问题,0.8236662359352845
371,客户表示稍等,0.8235786389773854
372,好人贷额度是否循环使用,0.8235122426754525
373,还款日当天支持手动还款吗,0.8235016095554836
374,如何查询还款日,0.8234147384277154
375,借款到账后页面未更新借款状态,0.8234061941280829
376,季得利如何计息,0.8231506370173395
377,好人贷能否人工操作提额,0.8230044651551942
378,车贷平台如何查询,0.8227881244814663
379,提前结清贷款后还会扣款吗,0.8227779896805937
380,提前还款有次数限制吗,0.8226908270258645
381,好人贷放款至什么账户,0.8226891052963111
382,好人贷授信首页显示利率是否为固定利率,0.8226061933673272
383,贷款证明如何开据,0.8225724252927081
384,车贷如何提前还款,0.8225282366714755
385,关于客户个人信息安全问题,0.8225168499448786
386,好人贷是否支持归还逾期部分账单,0.8225028623030436
387,为何提示支付平台该客户无默认扣款卡，交易没有发给统一支付,0.8224059785361546
388,各还款方式如何进行还款,0.8223913282309772
389,好人贷额度是否会发生变化,0.8222482607824748
390,如何更换好人贷默认还款账户,0.8220984582061207
391,五年定期存款支持提前支取吗,0.8220001493964569
392,好人贷借款合同有效期是多久,0.8219940795045207
393,平台方提供的客户审批资料能否提供给客户,0.8219656159207855
394,新网账户绑定微信/支付宝后支持提现或充值吗,0.8218668077630392
395,京东存款为什么显示当日额度为什么已售罄？,0.8216931382414179
396,随心存如何查看收益情况,0.8216229320858125
397,绑定银行卡失败,0.82160686623245
398,可以重新注册吗,0.8215427090873835
399,车贷可以修改还款日吗,0.8215237877617808
400,车贷如何办理解押手续,0.8214683786221577
401,如何查询是否开通银联在线支付,0.8214478710930337
402,开据证明时为何需要实名认证,0.8213946135012107
403,好人贷还款后额度何时恢复,0.8213910705904387
404,他行渠道汇入新网账户的到账时间是多久,0.8213035280860065
405,车贷如何还款？,0.8212036605022728
406,为什么提前还款显示联合贷批次执行中？,0.820921864049338
407,还款后页面显示等待中,0.8209049459811392
408,可以通过他人银行卡转入到新网银行账户吗,0.8208861360892028
409,为何提示支付平台银行卡未开通银联无卡认证支付,0.8208654938953972
410,好人贷定位如何开启,0.8208354728538932
411,申请好人贷后，可否更改授信结果,0.8208162487809157
412,为何无法登录存管查询,0.8205349811276439
413,企业邮箱格式是什么,0.8203667489661832
414,好人贷账户如何查询,0.8202207907051918
415,申请好人贷是否都有额度,0.8199301062731092
416,好人贷-云闪付如何更换收/还款银行卡,0.8198888929444634
417,申请好人贷有区域或者号段等限制吗,0.8198312906102738
418,按期还款是什么,0.81983026475383
419,好人贷能否绑定他人银行卡,0.8197864058266627
420,如何修改新网随心存注册号码,0.8197628742034798
421,还款金额超银行卡限额怎么办,0.8196265546865403
422,为何销户后还能看到好人贷信息,0.8196105667522959
423,创客贷额度是多少,0.8195869839232719
424,好人贷为什么额度低,0.8195824951831693
425,京东存款的计息规则及计息公式,0.8195675168482608
426,如何查询车贷还款日,0.8195034376665185
427,好人贷-云闪付如何提前还款,0.8194823279874212
428,好人贷借款多久到账,0.8193181861521525
429,好人贷是否支持提前还款,0.8193137598012636
430,好人贷需要面签吗,0.8192177163844024
431,在哪个平台操作提现,0.819210216445806
432,电脑端可以登录好人贷吗,0.8191070257308141
433,为什么拍照认证时总是不成功或显示系统崩溃,0.8190025572270837
434,什么是注册号码？,0.8189992578612107
435,借款时选错收款账户怎么办？,0.81886477242676
436,新网银行存款属于理财产品吗,0.8188053305761968
437,好人贷如何查看所支持的还款方式,0.8187781113987226
438,公众号页面的“我的排号”是什么意思,0.8187356254137179
439,月得利提前支取如何计息,0.8186730549340644
440,如何查看好人贷还款计划,0.8186672015283131
441,好人贷还款方式有哪些,0.8186319572037456
442,好人贷还款记录如何查询,0.8186226321256851
443,什么是一、二、三类户,0.8185939887679389
444,退汇是什么意思,0.8185584443235213
445,好人贷如何审核,0.8184841207919743
446,微信/支付宝等可否与新网银行账户互相绑定,0.8183656820776085
447,好人贷借款记录如何查询,0.8183603916143724
448,好人贷贷款期限是多久,0.8181510519946941
449,为何提示支付平台账户状态异常,0.8181294051514244
450,如何获取线上核身链接,0.8180982309191372
451,好人贷上征信吗,0.8180547581509222
452,如何购买新网银行存款产品,0.8178830157076754
453,为何征信上的放款日期与实际借款日期不一致,0.8177487887937057
454,随心存如何计息,0.817649719064407
455,为何提示用户未实名认证,0.8172374084179216
456,修改手机号后是否需要重置登录密码,0.8172300965527252
457,新网银行的活期利率是多少,0.817225036494602
458,额度冻结怎么办,0.8172133837904916
459,结清证明的发送方式有哪些,0.8169906061279205
460,提前还款手续费是多少,0.8169828233328231
461,车贷还款记录如何查询,0.8167537555966227
462,哪些渠道可以购买京东存款产品？,0.8163635599347782
463,好人贷还款后多久到账,0.8162312617561407
464,好人贷以什么贷款类型上报人行征信？,0.8162218805853756
465,身份证信息变更后如何更新,0.8161232662396631
466,好人贷如何试算利息,0.8159862959076729
467,好人贷如何自助提额,0.8156647351442997
468,好人贷被拒后为何没有下次开放时间,0.8155495295049012
469,结清证明印章无法查看,0.8154543911393568
470,申请好人贷必须填写联系人信息吗,0.8153986000279118
471,存管账户如何注销,0.8153625181145776
472,征信上显示的贷款金额是否包含利息,0.8152947462057003
473,为何申请好人贷无结果,0.8150989278650794
474,随心存存款期限有哪些,0.8150436676455344
475,开据证明为何显示没有符合要求的订单,0.8149421358431588
476,为何无法提交好人贷申请资料,0.8148224764337882
477,京东存款是否支持提前支取/提前部分支取？,0.8146394793405557
478,可绑定银行卡数量上限,0.8145977084217684
479,什么是单笔借据和多笔借据,0.8145925270202318
480,未正常还款我行会进行催收吗,0.8145822708932334
481,购买存款页面为何提示“额度不足，无法购买”,0.8145452674803934
482,什么是我的额度和可借额度,0.8145302400109029
483,房产保证金是什么,0.8144725811320064
484,好人贷账户是否为新网银行二类户？,0.8144647643771636
485,车贷如何更换还款银行卡,0.8144269186701628
486,好人贷额度必须一次性借完吗,0.8143490224556768
487,转账到新网银行账户是否还款成功,0.8143480139252757
488,贷款证明开据失败怎么办,0.8142656231577448
489,如何查询好人贷借据收款银行卡,0.8142028543026758
490,半年得利提前支取影响已发放利息吗,0.8140635381461863
491,开户是什么意思,0.8139041646158974
492,为何之前绑定的银行卡不支持扣款了,0.8138877945029778
493,能否开具非恶意逾期证明,0.8136496699789797
494,如何知晓已注销成功,0.8135428190171721
495,好人贷如何提前还款,0.8135282881940836
496,如何查看贷款合同,0.8135080566856827
497,如何查看开户结果,0.8133945605518198
498,好人贷支持周末借款吗？,0.8133904684173014
499,好人贷借款后能否修改贷款信息,0.8133784892585365
500,页面为何提示“开户失败”、“账户存在异常操作/账户异常”,0.813345968353452
501,什么情况算违约,0.8132467976295271
502,好人贷是否支持提前还当期账单,0.8132379417475241
503,平台方手机号变更导致我行无法直接开据结清证明问题,0.8129066947810649
504,随心存提前支取到账时间,0.8127654314639389
505,车贷合同里的金额是否包含利息,0.8125447988094082
506,好人贷如何实名认证,0.8119893847897777
507,忘记密码怎么办,0.8119021802468076
508,有多少人获得好人贷额度,0.8117689952203524
509,季得利如何支取,0.8116960016405211
510,密码如何修改,0.8110562866299148
511,好人贷申请成功会有短信通知吗,0.8108350104381471
512,关闭其他平台额度后，能否恢复好人贷额度,0.8107748035339726
513,新办的手机号可以申请好人贷吗,0.8107422656810962
514,身份证上传失败怎么办,0.8105674542393841
515,如何操作随心存大额存款,0.8105164438688366
516,开具结清证明时为何无法登录,0.8103957662573398
517,输入身份证号码时，为何无法输入字母,0.8103309038726169
518,好人贷个人资料如何修改,0.8102810794983796
519,为何结清证明显示日期与平台不符,0.8102542189554909
520,随心存利率为何会发生变化,0.8101699317884817
521,逾期造成的影响是什么,0.8101482711187626
522,如何查询是否已申请好人贷,0.8100688499516397
523,如何进入个人中心,0.809411239377014
524,车贷合同如何查看,0.809354606014328
525,存管查询为何提示用户不存在或者信息有误,0.8092814350706099
526,如何签署借款合同,0.808965443018626
527,为何申请好人贷页面显示暂无资格,0.8087898945154806
528,好人贷额度为什么变低了,0.808786132651404
529,如何查询当期车贷还款金额,0.8086871701527868
530,为何提示不具备开具资格,0.8082918386446536
531,好人贷注册手机号无法使用,0.8082558424788674
532,好人贷借款金额与到账金额是否一致,0.808144039853971
533,车贷利息是多少,0.8079986094070645
534,查询结清证明申请是否已提交,0.8079495640907317
535,车贷申请多久可以放款,0.8079409869662871
536,如何查看优惠券的使用情况,0.8079216783555241
537,好人贷为什么无法登录,0.8077814358824064
538,什么平台的贷款,0.8076403626562136
539,季得利提前支取影响已发放利息吗,0.8076331810348935
540,获取验证码次数超限怎么办,0.8074220722840935
541,罚息介绍,0.8073275647420043
542,选择任何还款方式都可以提前还款吗,0.8072175378581143
543,五年定期存款是什么,0.8071741237174752
544,好人贷申请的渠道有哪些,0.8069518234230921
545,定期存款操作的渠道有哪些,0.8067743903763652
546,存管是什么,0.8067218508468821
547,为何提示支付平台渠道不支持的银行,0.806691582186351
548,为什么点击拍照没有反应,0.8066615497015893
549,好人贷如何降低利率,0.8066416482609217
550,客户称赞服务好,0.8066098372329047
551,好人贷如何提高额度,0.8065831120654657
552,怎样才能成功申请到额度,0.8065055252541493
553,好人贷为什么提示“账户存在异常操作”,0.806338886980329
554,迁户是什么意思,0.8062198983039124
555,如何查询账户是否冻结,0.8059982902200314
556,好人贷只能使用微信登录吗？,0.8055517877008176
557,为何提示交易密码验证失败,0.8055380311261519
558,好人贷额度是多少,0.8054110306919848
559,好人贷可以重新申请吗,0.8053385776461357
560,登录时的图文验证码是否区分大小写,0.8053234031696924
561,上传身份证时需填写的内容是什么,0.8052796925050972
562,什么是当期账单,0.805228162957937
563,好人贷只能通过绑定的银行卡还款吗,0.8051019258119763
564,页面为何无法打开,0.8049940126178848
565,好人贷通过率多少,0.804872571592285
566,好人贷提额周期是多久,0.8048609116128973
567,好人贷如何还款,0.8046614052679549
568,存款产品是否保本保息,0.8045560528193213
569,经侦是指什么,0.804344666322704
570,如何选择按期还款/任性还款,0.8036774801470413
571,如何查看好人贷相关协议/合同？,0.8036768275176367
572,结清证明开据时间是多久,0.8034872927729635
573,逾期后还款金额是否会增加,0.8034510014249087
574,什么是活体检测,0.8032737187910172
575,好人贷审核时间是多久,0.8031052104377779
576,随心存是什么,0.8030534538288393
577,好人贷审核不通过对个人有什么影响,0.8029170123889352
578,好人贷如何申请,0.8027141172869919
579,人脸识别使用的是照片还是视频,0.8026222669889883
580,额度冻结是什么意思？,0.8024177422062461
581,好人贷支持微信/支付宝扣款吗,0.8019455127911109
582,如何查询存管账户流水,0.8018820981843383
583,人脸拍摄规范,0.8017220202660784
584,页面为什么异常跳转,0.801675086673698
585,申请好人贷没有公司邮箱怎么办,0.8016411903378755
586,操作好人贷是否需要开启定位,0.8016054220866032
587,申请好人贷使用的邮箱是公司邮箱还是个人邮箱,0.8014941431006315
588,为何申请好人贷后显示未获取额度,0.8013800504519061
589,企业邮箱为何验证不了,0.8012954695060757
590,车贷逾期如何还款,0.8011764878364218
591,如何开据存款证明,0.8011239401285152
592,随心存利率是多少,0.8010779396884464
593,什么是风控审核中,0.8010122624510104
594,好人贷是邀请制吗,0.8008264800645031
595,好人贷借款超时未到账如何处理,0.8003038768792906
596,周得利计息规则,0.8002966885496333
597,好人贷利率为什么高,0.8002492665002183
598,新网银行合作的存管平台有哪些,0.8000710506827466
599,结清贷款后什么时候可以开据结清证明,0.7999492079392172
600,存管账户充值限额,0.799509922576922
601,如何关注新网银行公众号,0.7995086021951774
602,申请诺诺发票贷需要什么条件,0.7993585005935242
603,客户要求发送相关模板,0.7990758500953685
604,好人贷利率为什么调高了,0.799024221891351
605,银行转账未到账怎么办,0.7989681175142874
606,存管账户如何查询,0.7984372625539242
607,优惠券如何使用,0.7984215530244462
608,为什么无法注册,0.7983467284621634
609,什么是综合评估,0.7982358357963615
610,存管提现到账时间是多久,0.7978966771796309
611,存款利率是多少,0.7975518039518869
612,为何提示支付平台账户余额不足,0.7969841151505203
613,咨询可以发送图片吗？,0.7968795685972054
614,如何获得优惠券,0.7962715571224688
615,登录密码为何无法重置,0.7962628671085218
616,为何提示支付平台支取金额超过可用余额,0.7960990546894121
617,什么情况算逾期,0.7957129615169022
618,为何图文验证码输入正确却提示错误,0.7957128420554274
619,申请好人贷需要开个人账户吗？,0.7953940160233474
620,好人贷有额度后如何进行贷款,0.795158994140795
621,结清证明的印章是否可以用公章,0.7946032675442307
622,定期存款到期如何支取,0.7939973604349331
623,为何提示缺少必要参数,0.7937842963234087
624,抵押类贷款如何办理,0.7937420613409194
625,好人贷申请必须使用身份证原件吗,0.7935360773075552
626,好人贷申请需要填写哪些个人信息,0.7925832315307655
627,好人贷额度有效期是多久,0.7924624745269436
628,好人贷是什么,0.7913716825787654
629,定期存款的利率是多少,0.7913082646952273
630,为何存管查询提示没有密码,0.7911929275166045
631,实际申请金额与放款金额不一致可否取消车贷,0.7909679980258281
632,好人贷提前还款最低还多少,0.7903771546541442
633,好人贷当期能否最低还款,0.7900435367264614
634,五年定期存款的利率是多少,0.7894796426172259
635,好人贷必须绑定银行卡使用吗,0.7891422787676898
636,验证码发送至什么手机号,0.7885539624101848
637,为何重置密码后仍提示密码错误,0.7881797797793562
638,申请好人贷后为何页面显示仍可提交申请,0.7881606992400173
639,结清证明是否是还款记录证明,0.7880687565615753
640,逾期未还款如何处理,0.7871029711098431
641,企业邮箱填写错误怎么办,0.7848794312279941
642,申请好人贷需要下载APP吗？,0.7841072965961544
643,申请好人贷工作信息如何填写,0.7837278363162626
644,什么是还款日,0.7834177351314451
645,客户提出建议,0.7832634851341894
646,存款产品的资金可以用于好人贷还款吗,0.7824875729980778
647,一个身份证可以申请好人贷两次吗？,0.7823178717383212
648,好人贷利率是多少,0.7801176282038744
649,好人贷与其他平台类似产品的区别是什么,0.7786687618485549
650,好人贷月利率是多少,0.778435895851136
651,如何开立存管账户,0.7729798681516117
652,好人贷支持随借随还吗,0.7712025693028614
653,申请创客贷需要什么条件,0.7705892172232958
654,企业邮箱验证码可否重新获取,0.7702450413254748
655,申请好人贷需要哪些资料,0.7696942333398085
656,存管查询的余额如何提现,0.7691714739767577
657,为何存管信息与平台显示不一致,0.767935707172655
658,什么是登录密码,0.766341185901841
659,身份证过期可以申请好人贷吗,0.7616247056509673
660,他人可以使用本人信息申请好人贷吗,0.760617513099767
661,申请好人贷需要什么条件,0.7561460629703708
662,好人贷年化利率是多少,0.746677176580115
663,为何提示该证件已被使用,0.7440545209715954
664,申请好人贷需要公积金、社保吗？,0.7226532872228203
665,核身链接失效的原因,0.7028410861705991
666,手机获取验证码失败,0.6886206806265912
