0,点击领取额度需要设置微信定位,1.0
1,注册手机号及微信号需要实名制吗,0.9157835595898299
2,绑卡时页面上的银行卡预留手机号码可以修改吗,0.9134977654539645
3,获取额度后多久可发起借款,0.910359146933274
4,京东存款如何修改注册手机号码,0.9101587794497659
5,是否需要使用本人手机操作好人贷,0.9069517108532924
6,如何邀请好友申请好人贷,0.9064088867636086
7,如何查看随心存购买情况,0.9062369436609605
8,更改银行卡预留手机号的方法,0.9049987956756844
9,新网银行公众号如何取消关注,0.9046061170360962
10,好人贷注册手机号与银行卡预留手机号是否需要一致？,0.9043664507772305
11,通过本人微信找回密码是指什么,0.9041473891224497
12,修改手机号码/微信号是否会影响自动扣款,0.9040942891421376
13,如何更换好人贷默认还款账户,0.9038248547453194
14,存款产品如何修改手机号,0.9037211879597217
15,新网银行账户可以设置为好人贷借/还款账户吗,0.9028083119426913
16,为何提示支付平台该客户无默认扣款卡，交易没有发给统一支付,0.9020656133122843
17,好人贷交易密码如何设置,0.902039883699277
18,公众号是否有还款提示,0.9015290894301544
19,如何更改其他平台的注册手机号码,0.9014645650663973
20,如何修改存管账户预留手机号码,0.9008113018599408
21,随心存可以在我行公众号查询/操作吗,0.9006995187319304
22,购买存款页面为何提示“额度不足，无法购买”,0.9001912844021336
23,如何增加银行卡,0.898888209720174
24,如何查询好人贷申请的授信结果,0.8987872053340425
25,如何查询其他平台扣款银行卡,0.8987517266511813
26,新网账户绑定微信/支付宝后支持提现或充值吗,0.898712859070725
27,如何更换微信号,0.8984253478610165
28,为什么提前还款显示联合贷批次执行中？,0.8979756608451644
29,好人卡绑定云闪付/微信等失败怎么办,0.897847209871909
30,为何提示支付平台暂不支持的银行或限额,0.8977597500370877
31,好人贷审核时是否给填写的联系人去电,0.8976585995839591
32,为何申请好人贷后显示未获取额度,0.8976469207934429
33,新网银行视频认证的QQ号码是多少,0.8975070899810492
34,好人贷如何查看所支持的还款方式,0.8968917535997706
35,好人贷授信首页显示利率是否为固定利率,0.8966342605892819
36,好人贷申请是否查询芝麻信用,0.8965326361038594
37,车贷如何修改注册手机号码,0.8963603074954837
38,绑定银行卡产生费用吗,0.8963583854729565
39,随心存支持提前支取吗,0.8961244697132966
40,客服能否看到客户申请好人贷的信息,0.8960141907880758
41,为何申请好人贷页面显示暂无资格,0.8956056397258076
42,还款后页面显示等待中,0.8952802557715803
43,可以查询注册手机号码吗,0.895242005223253
44,好人贷申请身份证可否添加水印,0.8951711234245442
45,如何修改新网随心存注册号码,0.895170939120335
46,好人贷手动还款时为何提示批次执行中,0.8945936887389303
47,新网银行账户的交易记录如何查看,0.8944799953822304
48,什么是银行卡预留手机号？,0.8940578488062624
49,车贷如何解绑银行卡,0.8937449760681841
50,为何收到新网银行还款短信,0.893270799248323
51,好人贷账户如何更换手机号码,0.8932437981619041
52,车贷能否绑定他人银行卡,0.8929603305640748
53,为何提示支付平台受发卡行资金用途限制拒绝交易,0.8929358415563221
54,为何提示支付平台当日交易次数超限,0.8928615217932516
55,新网银行能否绑定云闪付,0.8927370067992276
56,好人贷额度他人能否使用,0.892716337260777
57,系统升级会影响扣款吗,0.8924082508404095
58,为什么收到提额短信但额度未提升,0.8921056831221968
59,好人贷借款后能否修改贷款信息,0.8918693464377387
60,扣款结果会有短信提示吗,0.8918233839747182
61,新网银行扣款通道是什么,0.8917019508077121
62,借款到账后页面未更新借款状态,0.8916312432627732
63,随心存如何修改交易密码,0.8915467440682494
64,如何设置存管支付密码,0.8912060247119151
65,如何查询转账到新网银行的记录,0.8911289752728523
66,进入随心存为何提示手机号码不一致,0.8911060616413842
67,修改手机号后是否需要重置登录密码,0.8910727573597496
68,关闭其他平台额度后，能否恢复好人贷额度,0.8910520750442613
69,为何好人贷还款时提示“交易处理中”,0.8910486190791667
70,好人贷申请是否支持人工受理,0.8908273836774666
71,好人贷自动扣款规则,0.8908100665465057
72,京东存款为什么显示当日额度为什么已售罄？,0.8906584842212124
73,随心存提前支取到账时间,0.890608991787424
74,借款成功会有短信等提醒吗,0.8905669274153132
75,为何无法申请好人贷,0.8905535312880409
76,申请好人贷有区域或者号段等限制吗,0.8905419172929186
77,合作平台如何取消贷款,0.8903914537388683
78,优信扣款成功后为何显示待还款,0.8902465656656207
79,好人贷-云闪付如何提前还款,0.8902333852125894
80,如何查看手机号是否实名制,0.8902187948982332
81,更换银行卡会影响自动扣款吗,0.8901692051302015
82,为何提示支付平台不允许持卡人进行的交易,0.8899320611574144
83,好人贷扣款账户如何查看,0.8895237056439455
84,新网银行自动扣款时间,0.8894860828778275
85,交易密码无法设置,0.8894311562616607
86,为何页面出现多个新网银行账户,0.8892188367193886
87,好人贷-云闪付如何更换收/还款银行卡,0.8891266854165858
88,为何销户后还能看到好人贷信息,0.888905271397621
89,线下转账如何填写新网银行开户信息,0.888813100290103
90,好人贷申请能否撤销,0.8887323126900403
91,再次申请好人贷会查询征信吗,0.8885689399841399
92,为何之前绑定的银行卡不支持扣款了,0.8885581140429365
93,可否按照征信订单号开据证明,0.8884993198278516
94,微信/支付宝等可否与新网银行账户互相绑定,0.8875163502219706
95,为何还款后额度恢复减少了,0.8874788901419273
96,好人贷为什么提示“账户存在异常操作”,0.8873265672861429
97,随心存如何查看收益情况,0.8872139947850882
98,如何换绑银行卡,0.8870265648267004
99,如何激活新网二类户,0.8870229718404321
100,结清贷款后征信上是否会显示结清,0.8869532760542151
101,查询车贷的注册手机号码是什么,0.8868485421401738
102,为何提示支付平台持卡人信息有误,0.88679471151552
103,新网银行发送的短信验证码的有效时长？,0.8867808856806327
104,为何提示支付平台其他错误,0.8865895430683244
105,修改手机号码的处理时间是多久,0.8865047523795616
106,如何查看好人贷还款计划,0.8865034477769204
107,为何提示支付平台银行卡未开通银联无卡认证支付,0.8863240944012479
108,微信号更换成功后何时可以正常使用,0.8862370019357284
109,黑户/白户是否可以申请好人贷,0.8859831439147033
110,销户后为何还能解绑银行卡,0.8859315718727662
111,好人贷还款后额度何时恢复,0.8859220189491668
112,非绑定银行卡可否与新网二类户转账,0.8857387921907153
113,为何提示支付平台签约关系不存在,0.8854742461268782
114,好人贷申请是否可以使用临时身份证,0.8854334215567589
115,好人贷能否绑定他人银行卡,0.8851769108835641
116,好人贷提额会查询征信吗,0.8851406863647396
117,好人贷如何主动还款,0.8849909661231559
118,如何取消征信查询及使用授权书,0.8847201634394303
119,操作好人贷是否需要开启定位,0.8845801177148168
120,如何修改实名认证手机号码,0.8844791235391298
121,好人贷注册手机号无法使用,0.88442924963667
122,好人贷账户如何注销,0.8843389401072312
123,如何查询是否已申请好人贷,0.8841812316576357
124,为何征信上有新网银行的贷款审批记录,0.8841539581121107
125,新网银行自动扣款次数,0.8840831502697291
126,身份证更换期间会影响好人贷贷款吗,0.8839958257357183
127,注册手机号更换成功后何时可以正常使用,0.883916104711311
128,平台还款信息为何与新网银行不一致,0.8838582340574062
129,页面为何提示“开户失败”、“账户存在异常操作/账户异常”,0.8835920603527566
130,公众号页面的“我的排号”是什么意思,0.883335802933049
131,新网银行二类户限额是多少,0.8832934669389735
132,为何征信上有新网上报的贷款记录,0.8831444797629348
133,平台方手机号变更导致我行无法直接开据结清证明问题,0.8830622046680858
134,如何查询新网账户,0.882992747300105
135,如何进入好人贷页面,0.8829732621014142
136,好人贷部分提前还款规则,0.8828680423684631
137,实名认证是否查询征信,0.882756030716974
138,新网诺诺发票贷如何申请,0.8826054349368134
139,好人贷额度是否会发生变化,0.8825972826211361
140,京东存款是否支持提前支取/提前部分支取？,0.8824825148031247
141,为何提示支付平台渠道不支持的银行,0.8823432728090477
142,使用优惠券后提前还款利息如何计算,0.8823394357521102
143,如何修改征信上的个人信息,0.8821924903314227
144,如何查询好人贷借据收款银行卡,0.8821649179984882
145,好人贷额度必须一次性借完吗,0.8818670337694642
146,好人贷借款如何上报征信,0.8817131879160863
147,如何登录微信公众号,0.8815905126436182
148,好人贷能否人工操作提额,0.8815703250672886
149,好人贷个人资料如何修改,0.8814234861777767
150,怎样用其他手机登录好人贷,0.8813940397581276
151,如何查询申请相关的协议书,0.8811483715406736
152,为何提示支付平台支取金额超过可用余额,0.8811129957571066
153,为何提示用户未实名认证,0.8810876802991515
154,为什么好人贷第一期还款金额与之后不一致,0.8810495510616838
155,还款金额超银行卡限额怎么办,0.8810093420604019
156,客户发送截图以及个人信息等,0.8810068359519815
157,为何无法提交好人贷申请资料,0.8809448642032808
158,随心存如何登录,0.8809096767100593
159,银行卡挂失会影响自动扣款吗,0.880784587139503
160,新网银行好事贷如何申请,0.880696994659341
161,提前支取时为何显示存入,0.8806189931075594
162,申请好人贷必须填写联系人信息吗,0.8806044140542674
163,线上转入新网银行账户到账时间是多久,0.8805883053480152
164,新网银行二类户与好人贷是否为同一个手机号码,0.8805120322683401
165,如何办理好人卡？,0.8799342502793526
166,选择任性还款/按期还款利息如何计算,0.8799256775238935
167,新网银行存款产品为何暂停交易,0.8798560552789294
168,为何征信上有新网银行上报的逾期,0.8794806227379702
169,好人贷账户是否为新网银行二类户？,0.8794023529349543
170,自助提额什么时候上线,0.8793669019220458
171,挖财还款是否为新网银行代扣,0.8792132262725622
172,新网银行二类户如何转入/转出,0.8789219605678057
173,接收短信的手机号是否为注册手机号,0.8788730650724875
174,为何提示支付平台发卡行拒绝,0.8787814906399315
175,好人贷支持随时借款吗,0.878657742949107
176,客服能否查看聊天记录,0.8785511272620677
177,好人贷借款时还会审核吗,0.8784757813317706
178,为何提示支付平台交易金额超限,0.8782895190572484
179,好人贷是否有临时额度,0.8782104287680379
180,存款产品如何重置交易密码,0.8781694009529727
181,可以通过他人银行卡转入到新网银行账户吗,0.8781410548645258
182,银行卡开通银联在线支付后是否可正常还款,0.878054135355209
183,好人贷额度是否循环使用,0.8780468653355309
184,如何降低/关闭额度,0.8773533116421275
185,申请好人贷是否都有额度,0.8773351923479368
186,公众号如何注册,0.8769916932908937
187,新网银行人工客服电话是多少,0.8769870130402516
188,名下所有卡被冻结后如何还款,0.8769412473643569
189,为何征信上的放款日期与实际借款日期不一致,0.8766888419069004
190,注销注册用户后是否可恢复？,0.8766687984199321
191,新网二类户为何无法转入/转出,0.8765676711739617
192,贷款结清之后能否删除贷款记录,0.8763151330884054
193,如何解绑银行卡,0.8762927859322571
194,如何查询合作平台贷款是否结清,0.876207190826855
195,我行放款的其他平台借款会上报征信吗,0.8761789478912705
196,为什么取消了提前部分还款,0.8761556127766646
197,为何收到新网银行逾期提醒短信,0.876129302392894
198,好人贷是否支持归还逾期部分账单,0.8760498218116938
199,如何注销新网注册用户,0.8760472707657814
200,好人贷账户如何挂失,0.8758556725852158
201,联系新网银行客服有哪几种方式,0.8757948031611055
202,为什么收到美利车金融的短信,0.8756777850829919
203,新办的手机号可以申请好人贷吗,0.8756583460096805
204,新网银行开户支持的证件有哪些,0.8756081060247325
205,银行卡是二类户影响扣款吗,0.8755822360623136
206,如何退出微信公众号,0.8755721872002854
207,好人贷电话回访时间,0.8754304282265141
208,新网二类户上的资金是否计息,0.8752719229048771
209,为何提示支付平台账户状态异常,0.8752655009041951
210,好人贷是否支持提前还当期账单,0.8751019541621214
211,半年得利提前支取影响已发放利息吗,0.8750846719285001
212,线上开据证明有次数限制吗,0.8749622328918784
213,好人贷定位如何开启,0.8749194030850075
214,如何解约快捷支付？,0.8747565037896777
215,好人贷如何提高额度,0.8747484744172906
216,如何删除身份证信息,0.8747437988619572
217,电脑端可以登录好人贷吗,0.8745783516185145
218,实际申请金额与放款金额不一致可否取消车贷,0.8744859487012518
219,好人贷账户如何查询,0.8744552471378696
220,申请好人贷后，可否更改授信结果,0.8742340566699185
221,有多少人获得好人贷额度,0.874190479555969
222,新网银行账户可以在哪些地方使用,0.873954112705558
223,绑定银行卡失败,0.8739538649660289
224,新网二类户转入/转出收取手续费吗,0.8738549419160456
225,如何查看委托支付协议,0.8736244212485468
226,怎样才能成功申请到额度,0.8733990416822482
227,线上开据证明为何和征信金额不符,0.8732783662295641
228,当期账单支持再分期吗,0.8732747825261474
229,车辆信息如何查询,0.8732429966439639
230,好人贷只能通过绑定的银行卡还款吗,0.87320186083866
231,什么是我的额度和可借额度,0.8731064458518126
232,转入新网银行使用的密码是交易密码还是银行卡密码,0.8731008268699423
233,好人贷借款记录如何查询,0.8730632026054256
234,客服是否是随机分配,0.8730395601699409
235,好人贷申请需要填写哪些个人信息,0.8730052185593303
236,车贷如何更换还款银行卡,0.8729880171227031
237,如何把注册用户与结算用户都注销,0.8729468885438463
238,申请好人贷后有没有回复,0.8728212745168258
239,好人贷支持在国外发起借款吗,0.8727527013771982
240,申请好人贷后为何页面显示仍可提交申请,0.87274126008434
241,手机号归属地与定位地不一致是否有影响,0.8726538873217008
242,实名认证审核时间,0.8725995379910471
243,可绑定银行卡数量上限,0.8725710860504254
244,新网账户之间能否互相转账,0.8725178542360673
245,随心存存入限额,0.8724520860426728
246,好人贷申请成功会有短信通知吗,0.8723922482437828
247,为何提示还款卡不存在,0.8723310541914077
248,新网二类户转入/转出有时间限制吗,0.872286432587356
249,无法提供消费凭证可以取消贷款吗,0.8722490599811425
250,提额会有通知吗,0.8721214662384507
251,是否可以取消自动扣款,0.8719638780453447
252,新网银行人工客服电话打不通,0.8718706762415328
253,随心存操作渠道有哪些,0.8717972714821204
254,如何更换借款收款银行卡,0.8717701548425036
255,如何冻结新网银行账户,0.8712502485773815
256,新网银行账户是什么,0.8710418238527627
257,好人贷只能使用微信登录吗？,0.8710317684740726
258,获取验证码次数超限怎么办,0.8710207486138786
259,好人贷的办理时间,0.8709797708120549
260,如何确保还款日当天会扣款成功,0.8709721651002742
261,存款产品支取通用路径,0.8709424858260805
262,支持绑定的银行卡类型有哪些,0.8709382000686445
263,好人贷如何提前还款,0.8708241284725053
264,新网银行三类户是什么,0.8707189846651638
265,新网银行如何联系客户,0.8705945843124
266,为什么银行还款存在限额？,0.870505731210257
267,好人贷借款规则,0.8704348672842499
268,存管密码被锁定怎么办,0.870369477463566
269,银行渠道维护无法操作怎么办,0.8703651884150041
270,新网银行有招聘吗,0.8702693484114529
271,还款后为何未更新还款状态,0.8701153653711509
272,如何查看银行卡管理列表,0.8701086668817541
273,合作平台如何还款,0.870103212415717
274,新网银行APP下载,0.8700522985582853
275,在线咨询是否支持客户发送语音,0.8700493815243117
276,银行渠道维护是指什么,0.8700037192708113
277,在哪个平台操作提现,0.8699748118096673
278,如何绑定银行卡,0.8698668423247928
279,额度占用问题,0.8698054213536757
280,好人贷是否支持提前还款,0.8697261971203336
281,新网二类户可以升级为一类户吗？,0.869484894866746
282,如何查询车贷还款日,0.8694791093264344
283,线上是否可开据征信版结清证明,0.8691714793907513
284,好人贷还款记录如何查询,0.868844904373131
285,自动扣款时间段是多久,0.868833294882884
286,58车金融客服电话是多少,0.86843570659537
287,开据证明时为何提示账户存在异常,0.8683500373329215
288,为何同时收到了还款成功和失败的短信,0.8683050753291597
289,如何操作随心存大额存款,0.8682840399321736
290,好人贷有回访电话吗,0.8681969773212714
291,存管账户充值限额,0.8680073835026216
292,存款页面是否会显示每日收益,0.8679423227066049
293,车贷支持手动还款吗,0.867909680905965
294,申请好人贷需要开个人账户吗？,0.8678446226273978
295,好人贷以什么贷款类型上报人行征信？,0.86764970417906
296,哪些渠道可以购买京东存款产品？,0.8672914150955133
297,可以查询个人信息资料吗？,0.8672160249426313
298,审核电话可更改接听电话吗,0.8670929117424334
299,存款需要先开立银行账户吗,0.8670580344811386
300,好人贷支持微信/支付宝扣款吗,0.8670505384662972
301,银行卡还款限额是多少,0.8670483191402948
302,好人贷如何试算利息,0.8670367110827997
303,如何注销新网二类户,0.8668637432026813
304,为何按期还款只能选择部分贷款期限,0.8668458233231493
305,为何提示支付平台账户余额不足,0.8668051505200136
306,如何查询当期车贷还款金额,0.8667499246410316
307,存款产品是否存满五年才能支取,0.8666957349885231
308,还款银行卡是否需要开通银联在线支付业务,0.8665201923379043
309,他行渠道汇入新网账户的到账时间是多久,0.8664259395287308
310,好人贷如何自助提额,0.866420170052297
311,如何查看优惠券的使用情况,0.8664104344957813
312,好人贷-云闪付是什么,0.8663174240820333
313,如何录制活体检测,0.8663039866431316
314,季得利提前支取影响已发放利息吗,0.866207569484939
315,新网银行有哪些产品可以提额,0.8661583112198236
316,征信上显示的贷款金额是否包含利息,0.8659508124934446
317,转账到新网银行如何操作,0.8658995741125981
318,车贷可以修改还款日吗,0.865817690748989
319,借款后如何判定下次还款日期,0.8656437522146724
320,提前支取有限制吗,0.8656120164882178
321,车贷合同为何无法查看,0.8653981078703503
322,能否删除个人信息,0.8653159394679183
323,查询各类工单办理进度,0.8649948057267216
324,新网银行存款是否受保障,0.8649140410683841
325,客户咨询其他平台催收问题,0.8648682210925311
326,好人贷申请必须使用身份证原件吗,0.8648484053617457
327,好人贷为何无法还款,0.8648266198820187
328,好人贷有额度后如何进行贷款,0.8645494841100037
329,如何获取线上核身链接,0.8645179813661735
330,为何无法登录存管查询,0.8644410185921619
331,有额度不使用有什么影响吗,0.8641983673981881
332,车贷扣款支持的银行卡有哪些,0.864193147877311
333,平台方提供的客户审批资料能否提供给客户,0.8640423268900019
334,额度冻结怎么办,0.8638988061534829
335,京东存款的计息规则及计息公式,0.8638239965827295
336,随心存T+1是什么,0.8638229190463154
337,存管查询为何提示用户不存在或者信息有误,0.8637674347807128
338,提前结清贷款后还会扣款吗,0.8636431174566096
339,好人贷消费用途,0.863604024861678
340,如何购买新网银行存款产品,0.8635886778658093
341,自动扣款失败怎么办,0.8634988309665163
342,为何结清证明显示日期与平台不符,0.8631615540535049
343,收款卡发卡行拒绝放款失败什么意思？,0.8631590045946956
344,补扣会影响信用吗,0.8631318399931166
345,新网银行有哪些活动,0.8631084071781612
346,优信客服电话是多少,0.8628113640173993
347,如何查询还款日,0.8627332696904608
348,如何查询征信报告,0.8626604615016332
349,销户后是否上征信,0.8626287961282421
350,客户催促需要加急办理,0.8626257294466666
351,如何查看好人贷相关协议/合同？,0.8625513984218205
352,借款合同是否有展示提前还款会收取违约金的情况,0.8625336641202281
353,新网银行业务办理时间,0.8624967624458996
354,好人贷被拒后为何没有下次开放时间,0.8624062679133154
355,新网银行行号是多少,0.8622842767563073
356,提前还款有次数限制吗,0.8621519935307851
357,好人贷借款金额与到账金额是否一致,0.8619579857816312
358,存管账户如何注销,0.8618689037979256
359,银行渠道维护时间一般是多久,0.861850179990715
360,转账到新网银行账户是否还款成功,0.8617858237713281
361,借款时选错收款账户怎么办？,0.8617200597536233
362,好人贷放款至什么账户,0.8615295705930937
363,如何查询是否开通银联在线支付,0.8615098526555328
364,车贷如何申请,0.8614417803641012
365,新网银行存款属于理财产品吗,0.8613705146383969
366,任性还款是什么,0.861344680196994
367,车贷如何提前还款,0.861327289307923
368,如何查询账户是否冻结,0.8610910602208207
369,申请好人贷工作信息如何填写,0.8610633400846961
370,可否取消银行卡限额,0.8608487380039909
371,"好人贷有回访电话吗""",0.8606629302513296
372,还款日当天是否自动扣款,0.8605596116462412
373,好人贷如何实名认证,0.8604456107543524
374,好人贷不借款会产生利息或费用吗,0.8602993813384558
375,如何关注新网银行公众号,0.8602573814562539
376,好人贷必须绑定银行卡使用吗,0.8601369567030185
377,五年定期存款支持提前支取吗,0.8601077682680964
378,能否人工开据贷款证明,0.8600714187010732
379,新网银行以何名义查询征信,0.8600368980640853
380,好人贷为什么无法借款,0.8597668487193669
381,个人可以在新网开立几个账户,0.8597109305761649
382,注销账户的处理时间,0.8596046388744548
383,为什么拍照认证时总是不成功或显示系统崩溃,0.859168379225274
384,身份证信息变更后如何更新,0.8591653590548404
385,好事贷如何还款,0.8591248217187633
386,车贷还款记录如何查询,0.8589125258092886
387,为什么点击拍照没有反应,0.8587870711558983
388,好人贷贷款利息如何计算,0.8587103292237294
389,为什么提示用户不存在,0.8586067758735145
390,开据证明时为何需要实名认证,0.8582396422843195
391,提前还款会影响个人征信吗,0.858166627100204
392,其他贷款怎么办理,0.8580688530413405
393,创客贷额度是多少,0.8580566177149707
394,银联在线支付如何开通,0.8579330858665116
395,好人贷如何审核,0.8577905078664997
396,自动扣款如何操作,0.8574747614110125
397,未接到好人贷回访电话会被拒吗,0.8574124437337844
398,如何注销公众号,0.8573969364333673
399,人脸识别失败怎么办,0.8573639729695463
400,好人贷支持扣款的银行有哪些,0.8573446942816039
401,为何人脸识别提示光线太足,0.8572860324182132
402,好人贷支持周末借款吗？,0.8572498537454185
403,为何提示还款存在差错,0.8572226472165554
404,车贷平台如何查询,0.8570988837107151
405,登录时的图文验证码是否区分大小写,0.8569255244775185
406,好人贷借款超时未到账如何处理,0.8562839606361469
407,如何选择按期还款/任性还款,0.8562573417434152
408,还款记录如何查看,0.8562425359432336
409,周得利提前支取如何计息,0.8562386595771223
410,征信上报周期及更新时间,0.8560875859808049
411,为何提示交易密码验证失败,0.8560452729985011
412,新网银行有实体卡片吗,0.856044369722651
413,车贷如何办理解押手续,0.8560396912203853
414,好人贷审核电话是多少,0.855911855854472
415,拨打我行人工客服电话是否收费,0.8559071089083173
416,如何查询存管账户流水,0.8558539252431276
417,在线客服是否是人工客服,0.8555860320284381
418,未正常还款我行会进行催收吗,0.8555803863533554
419,如何在新网银行开户,0.8555751666008391
420,新网银行的活期利率是多少,0.8554841177592735
421,如何通过线下方式转入新网二类户,0.8554402495597467
422,居住信息如何填写,0.855378304767817
423,滴水贷客服电话是多少,0.8552009482880066
424,车贷合同里的金额是否包含利息,0.8551637546633846
425,美团客服热线是多少,0.8548020958243665
426,车贷还款只扣除部分是什么原因,0.854767341165161
427,电话客服是否可以受理结清证明,0.8547323437262466
428,密码被锁定怎么办,0.8546120139257681
429,为何存管查询提示没有密码,0.8544557913353958
430,银联在线支付是什么,0.8541927045276424
431,好人贷如何降低利率,0.8540767274688995
432,申请诺诺发票贷需要什么条件,0.8539632886935691
433,存管查询的余额如何提现,0.8539202367777877
434,是否会发生重复扣款情况,0.8535502823006821
435,新网银行是否上市,0.8534124758657625
436,好人贷当期能否最低还款,0.853378236430784
437,新网银行以什么名义放款,0.8532531632680013
438,申请好人贷需要下载APP吗？,0.8532264296985227
439,新网银行有信用卡吗,0.8528359160059427
440,新网银行有企业贷款吗？,0.8523824632304355
441,白骑士认证失败是什么意思,0.8523460808492201
442,客户要求发送相关模板,0.8521652439253721
443,视频认证录制失败的原因是什么,0.8520834760951413
444,好人贷额度为什么变低了,0.8518460243240127
445,能否让客服回电,0.8517716662919511
446,扣款失败的原因,0.8517445275487537
447,好人贷提额周期是多久,0.8517314772321375
448,如何查看开户结果,0.8513484446053979
449,结清证明印章无法查看,0.8513460704041856
450,好人贷贷款期限是多久,0.8513403469263722
451,如何知晓已注销成功,0.8510927352818771
452,手机号无法使用为什么,0.8510125215620816
453,视频认证的步骤是什么,0.8507258060155625
454,存款产品的资金可以用于好人贷还款吗,0.850705875481545
455,新网银行合作平台有哪些,0.850405341765492
456,诺诺发票贷的利率是多少,0.8500319022047609
457,转账时为何提示未面核,0.8499049061122405
458,上传身份证时需填写的内容是什么,0.849752791447746
459,新网银行人工客服服务时间,0.8496710193497432
460,好人贷可以重新申请吗,0.8494622232963516
461,新网银行存款类产品有哪些,0.8493807046633531
462,好人贷如何申请,0.8492857287323984
463,好人贷为什么无法登录,0.8492186146887518
464,客户表示还款成功,0.8490949255025858
465,可以让别人代还款吗？,0.8485143867243277
466,关于消费凭证,0.8483924667466868
467,好人贷借款合同有效期是多久,0.8481697082906355
468,如何进入个人中心,0.8480934679239516
469,申请好人贷没有公司邮箱怎么办,0.8478091954927278
470,一个身份证可以申请好人贷两次吗？,0.8475685026283255
471,我行对客邮箱是多少,0.847428263324682
472,随心存利率为何会发生变化,0.8472415804117642
473,什么是注册号码？,0.8472361194974796
474,手持身份证拍照的注意事项,0.8471364147936854
475,选择任何还款方式都可以提前还款吗,0.8467514670955547
476,实名认证为什么不符,0.8466933890471935
477,好人贷申请的渠道有哪些,0.8466784749930467
478,好人贷提前还款最低还多少,0.8466577071104215
479,人工是否可操作扣款,0.8462813922327397
480,好人贷为什么额度低,0.8462751668048795
481,实名认证失败的原因是什么,0.8461955506449931
482,好人贷还款后多久到账,0.8461453992866295
483,好人贷额度是多少,0.846029208572749
484,为何申请好人贷无结果,0.845898482167326
485,各还款方式如何进行还款,0.8458486722100214
486,可以重新注册吗,0.8456678580036814
487,车贷申请多久可以放款,0.8455179782939063
488,新网银行的官网地址是什么,0.8453890652838059
489,好人贷需要面签吗,0.8453853714791583
490,为何存管信息与平台显示不一致,0.8451941646774994
491,按期还款和任性还款的区别是什么,0.8450823414448948
492,审核电话内容是什么,0.8450245943241339
493,还款日当天支持手动还款吗,0.8446570756672652
494,还款日可以修改吗,0.8445477162019557
495,随心存产品停售原因,0.8445216669950781
496,活体检测失败怎么办,0.8439718327402207
497,好人贷借款多久到账,0.8439232865981023
498,我们是四川新网银行吗,0.8438602931765593
499,如何查看贷款合同,0.843704531141841
500,车贷如何还款？,0.8435810210484651
501,存在迁户问题怎么处理,0.843158813058662
502,新网银行有几个网点,0.8430402244750401
503,好人贷审核不通过对个人有什么影响,0.842996856614401
504,存管账户如何查询,0.8426480434736886
505,查询结清证明申请是否已提交,0.8426047035398379
506,开具结清证明时为何无法登录,0.8425870466049369
507,登录密码为何无法重置,0.8418852382382214
508,目前支持的银行有哪些,0.8417285392799903
509,好人贷如何还款,0.841619653361201
510,他人可以使用本人信息申请好人贷吗,0.8415290258952677
511,工新借如何申请,0.8403936234218444
512,销户后可以再开户吗,0.8402208729435755
513,申请被拒怎么办,0.8399965239384345
514,好人贷上征信吗,0.8399807297672298
515,消费凭证有效期是多久,0.839768565538521
516,节假日可以操作各类存款吗,0.8396678344243157
517,结清贷款后什么时候可以开据结清证明,0.8395880213338028
518,为何提示不具备开具资格,0.8395183090456969
519,批扣时间段是多久,0.8395123495619579
520,贷款证明如何开据,0.8391703381209784
521,月得利提前支取如何计息,0.838900149399132
522,好人贷是邀请制吗,0.8383722633612342
523,身份证上传失败怎么办,0.8382456948481705
524,下一次开放时间是什么意思,0.8382368767589837
525,合同为何无法打开,0.8380306581346151
526,可否补充企业邮箱,0.8378487770730308
527,为什么没有扣款,0.837789657643545
528,随心存到期后何时到账,0.8376867331218978
529,借款失败怎么办,0.8375883230781006
530,新网银行合作的存管平台有哪些,0.8373983720144386
531,能否开具非恶意逾期证明,0.8373349374919467
532,逾期后还款金额是否会增加,0.8371442368076307
533,车贷合同如何查看,0.8369181474846996
534,页面为什么异常跳转,0.8366129505210671
535,密码如何修改,0.8366090877498921
536,好人贷利率为什么调高了,0.835925845319582
537,好人贷还款方式有哪些,0.835863897101292
538,贷款证明开据失败怎么办,0.8356484558777463
539,什么是分批次扣款,0.8355606905570302
540,随心存停售后有影响吗,0.8355072404343064
541,贷款证明的电子章是否具有法律效应,0.8354563606094502
542,令牌无效是什么,0.8353360030483119
543,额度冻结是什么意思？,0.8345991600261465
544,客户表示需要考虑,0.8345666782663599
545,关于客户个人信息安全问题,0.8341952750983328
546,好人贷额度有效期是多久,0.8340741857669289
547,为何图文验证码输入正确却提示错误,0.8338902769127801
548,好事贷收取哪些费用,0.8338781884048952
549,好人贷通过率多少,0.8328486530784779
550,节假日可以借/还款吗,0.8326687417466291
551,存管提现到账时间是多久,0.8320232853622458
552,申请好人贷使用的邮箱是公司邮箱还是个人邮箱,0.8318903432051733
553,随心存存款期限有哪些,0.8317847703733989
554,为何无法销户,0.8315017267710169
555,客户表示知道了,0.8314300754704426
556,为何提示缺少必要参数,0.8308463545781398
557,为何提示系统异常,0.8307087953583019
558,季得利的操作渠道有哪些,0.8300932446251054
559,提前还款手续费是多少,0.8298800539163158
560,新网银行简介,0.829336595848944
561,开据证明为何显示没有符合要求的订单,0.8293308530589788
562,页面为何无法打开,0.8287615295354396
563,好人贷收取哪些费用,0.8285185339837706
564,输入身份证号码时，为何无法输入字母,0.8284356045153558
565,申请创客贷需要什么条件,0.8282362545750211
566,好人贷审核时间是多久,0.8277764394604509
567,什么平台的贷款,0.827446908522716
568,可否对公还款,0.8273849818054365
569,定期存款操作的渠道有哪些,0.8268485092314691
570,申请好人贷需要哪些资料,0.8263921857410597
571,季得利如何支取,0.8262446608350843
572,抵押类贷款如何办理,0.8259801558208367
573,好人贷与其他平台类似产品的区别是什么,0.8259532477071998
574,为何重置密码后仍提示密码错误,0.8256154188998133
575,随心存利率是多少,0.8249253224933903
576,定期存款是否有存单,0.8247995145998402
577,新网银行地址在哪里,0.8247469332910445
578,随心存如何计息,0.8246686976485404
579,忘记密码怎么办,0.8246035953422457
580,结清证明会展示哪些信息,0.8241737941263965
581,车贷逾期如何还款,0.8241684678597431
582,如何开据存款证明,0.8239708411281775
583,征信报告是什么样的,0.823216300288061
584,销户与否会产生什么影响,0.8230085059296126
585,开户失败原因,0.8226188642879566
586,注册规则是什么,0.8223186637327569
587,五年定期存款是什么,0.8220021550707078
588,人脸识别使用的是照片还是视频,0.8215586862920159
589,周得利计息规则,0.8214244526173211
590,车贷收取哪些费用,0.8207095258927963
591,存款产品是否保本保息,0.8204779149580779
592,好人贷利率为什么高,0.819824573276445
593,季得利如何计息,0.8183398694593507
594,申请好人贷需要什么条件,0.8180624732568083
595,企业邮箱验证码可否重新获取,0.8177888392629711
596,咨询可以发送图片吗？,0.8170376700645127
597,结清证明的发送方式有哪些,0.8168432310899301
598,定期存款到期如何支取,0.8168182148303396
599,什么是单笔借据和多笔借据,0.816722279524008
600,身份证过期可以申请好人贷吗,0.81616118591002
601,客户表示有合作意向,0.8161013871844041
602,好人贷支持随借随还吗,0.815916576095995
603,好人贷月利率是多少,0.8158940139090439
604,工新借是什么,0.815652838000361
605,可否延期还款,0.8152537959664403
606,美利车联系电话,0.8150706000433706
607,为什么无法注册,0.8143881688790342
608,车贷利息是多少,0.8141151252802501
609,季得利是什么,0.8136652378987845
610,五年定期存款的利率是多少,0.8135912927363588
611,如何获得优惠券,0.8132706768214475
612,银行转账未到账怎么办,0.8131578385956754
613,新网有哪些产品,0.8125827176352531
614,客户表示没有问题了,0.8120163270574348
615,系统繁忙是什么原因,0.8107802147662299
616,如何签署借款合同,0.8101689826812623
617,结清证明开据时间是多久,0.8096560214301725
618,逾期造成的影响是什么,0.8093582501945942
619,客户表示稍等,0.8085116056038814
620,结清证明是否是还款记录证明,0.8077441212268608
621,征信是什么,0.8062226504014076
622,罚息介绍,0.806151882504039
623,如何开立存管账户,0.8060709773926539
624,结清证明的印章是否可以用公章,0.8060637228192823
625,客户提到投诉,0.8058248421514347
626,房产保证金是什么,0.8054123456492076
627,定期存款的利率是多少,0.8050915536606115
628,什么是一、二、三类户,0.804794545668367
629,好人贷利率是多少,0.8047850607114824
630,验证码发送至什么手机号,0.8046885597544291
631,什么是无卡支付及免密支付,0.8023083088339684
632,优惠券如何使用,0.8021764363710517
633,如何办理对公业务,0.801566687644013
634,开通什么业务,0.8014483443427902
635,可以咨询吗,0.80139698272741
636,客户表示不满,0.8009909832525537
637,罚息能否减免,0.8008032865877681
638,按期还款是什么,0.8007821827229896
639,好人贷是什么,0.8005216832100901
640,企业邮箱格式是什么,0.8000632323653983
641,逾期未还款如何处理,0.7999446171473341
642,存款利率是多少,0.7979491542823817
643,存管是什么,0.796175896142958
644,随心存是什么,0.7960786926097598
645,企业邮箱为何验证不了,0.7960282430079539
646,什么是风控审核中,0.7955865163365576
647,什么情况算违约,0.7950566395224288
648,人脸拍摄规范,0.7947610546687595
649,好人贷年化利率是多少,0.7945417513915892
650,什么情况算逾期,0.7944541185995936
651,什么是登录密码,0.7928721694173801
652,什么是当期账单,0.7885574627850479
653,客户提出建议,0.7879786591305162
654,企业邮箱填写错误怎么办,0.7857621691386724
655,申请好人贷需要公积金、社保吗？,0.78320039770343
656,开户是什么意思,0.7778934873306187
657,退汇是什么意思,0.7757844929844686
658,客户称赞服务好,0.7725497184149731
659,迁户是什么意思,0.7724617249138521
660,什么是还款日,0.7710488142250276
661,什么是活体检测,0.7687178120156432
662,什么是综合评估,0.7665283399820152
663,经侦是指什么,0.7584667528358647
664,为何提示该证件已被使用,0.7483775489325989
665,手机获取验证码失败,0.7235016965722304
666,核身链接失效的原因,0.7161018713269751
