0,白骑士认证失败是怎么回事,1.0
1,白骑士认证失败是什么意思,0.9602845739653139
2,实名认证失败的原因是什么,0.9338903208788835
3,自动扣款失败怎么办,0.9209592610415095
4,银行渠道维护无法操作怎么办,0.9170801920726299
5,视频认证录制失败的原因是什么,0.9164884487774861
6,人脸识别失败怎么办,0.9125217634659016
7,活体检测失败怎么办,0.9099853887297332
8,存管密码被锁定怎么办,0.9034286737786031
9,系统升级会影响扣款吗,0.897910055515572
10,密码被锁定怎么办,0.8933822679075953
11,为何提示系统异常,0.8929173183061785
12,身份证上传失败怎么办,0.8916842358398795
13,好人贷为什么无法登录,0.8898129987140541
14,好人卡绑定云闪付/微信等失败怎么办,0.8887881310502761
15,为什么拍照认证时总是不成功或显示系统崩溃,0.8877308267885842
16,页面为什么异常跳转,0.887522646647047
17,实名认证为什么不符,0.885688021436963
18,令牌无效是什么,0.8844249103715828
19,收款卡发卡行拒绝放款失败什么意思？,0.8828208127884187
20,为何无法登录存管查询,0.8824398063481421
21,为何提示用户未实名认证,0.88218009108373
22,手机号无法使用为什么,0.8816880677792552
23,通过本人微信找回密码是指什么,0.881150822407832
24,页面为何提示“开户失败”、“账户存在异常操作/账户异常”,0.8803027751981531
25,为什么收到提额短信但额度未提升,0.8800054148663338
26,进入随心存为何提示手机号码不一致,0.8798090313621987
27,额度冻结怎么办,0.8797762086783483
28,系统繁忙是什么原因,0.8789627115492233
29,为何提示还款卡不存在,0.8781332050915486
30,为何提示支付平台账户状态异常,0.8773793767406957
31,好人贷为什么无法借款,0.8772908414804141
32,为何无法申请好人贷,0.8769282910687647
33,借款失败怎么办,0.8762028307261669
34,为何提示支付平台其他错误,0.8749173116476854
35,为什么提示用户不存在,0.8740366673854304
36,优信扣款成功后为何显示待还款,0.8732726256065768
37,注销注册用户后是否可恢复？,0.8732645423988479
38,合同为何无法打开,0.8732508407611357
39,好人贷为什么提示“账户存在异常操作”,0.8721457618501925
40,为什么点击拍照没有反应,0.8717789738944065
41,车贷合同为何无法查看,0.8716162487898862
42,为什么收到美利车金融的短信,0.8709926316919512
43,银行渠道维护是指什么,0.8707736910821041
44,新网银行视频认证的QQ号码是多少,0.870714811319911
45,企业邮箱为何验证不了,0.8706875357560033
46,如何更换微信号,0.8705312401884135
47,怎样用其他手机登录好人贷,0.870173035917255
48,好人贷交易密码如何设置,0.8693132884205625
49,客服能否查看聊天记录,0.8690236440083726
50,获取验证码次数超限怎么办,0.8687956523244513
51,银行卡挂失会影响自动扣款吗,0.8683319453167303
52,为何提示支付平台签约关系不存在,0.8677871819655919
53,新网银行账户的交易记录如何查看,0.8677494765085416
54,京东存款为什么显示当日额度为什么已售罄？,0.8676862023302254
55,忘记密码怎么办,0.8674581728796162
56,页面为何无法打开,0.867235061063463
57,为什么无法注册,0.8671614632320557
58,为何提示支付平台持卡人信息有误,0.8669573056874149
59,为何收到新网银行还款短信,0.8664152411188576
60,企业邮箱填写错误怎么办,0.866332137068518
61,为何提示交易密码验证失败,0.8663275657049093
62,为何之前绑定的银行卡不支持扣款了,0.8663260429164205
63,如何换绑银行卡,0.8662059986618845
64,随心存如何修改交易密码,0.8658726213908295
65,银行渠道维护时间一般是多久,0.865616033022027
66,为何提示还款存在差错,0.8655958124298574
67,如何查询账户是否冻结,0.8651957988764599
68,申请被拒怎么办,0.8649363286820831
69,视频认证的步骤是什么,0.8646193664686531
70,如何解绑银行卡,0.863948215223074
71,存在迁户问题怎么处理,0.8634501239520972
72,如何查看手机号是否实名制,0.8633914549846977
73,为何同时收到了还款成功和失败的短信,0.8633110955403938
74,如何查看随心存购买情况,0.8632801237201735
75,为何存管查询提示没有密码,0.8629614990235698
76,贷款证明开据失败怎么办,0.8628047377689799
77,扣款结果会有短信提示吗,0.8616992911787722
78,好人贷手动还款时为何提示批次执行中,0.861527827432931
79,好人贷为何无法还款,0.8615054126840915
80,更换银行卡会影响自动扣款吗,0.8613183120326523
81,为何提示支付平台当日交易次数超限,0.8612358168394465
82,额度冻结是什么意思？,0.8612002691418942
83,为何提示支付平台账户余额不足,0.8604383650080748
84,优信客服电话是多少,0.8601471690846844
85,开据证明时为何提示账户存在异常,0.8600076409979077
86,为什么没有扣款,0.8599950462496276
87,如何查询转账到新网银行的记录,0.8598871158961146
88,如何邀请好友申请好人贷,0.8597005694634163
89,销户后为何还能解绑银行卡,0.8592832066002376
90,微信号更换成功后何时可以正常使用,0.8592379509113626
91,自动扣款如何操作,0.8588171808611742
92,为何图文验证码输入正确却提示错误,0.8587814483454899
93,如何查询新网账户,0.8585188838452388
94,为何提示支付平台交易金额超限,0.8582573392929375
95,为何提示支付平台渠道不支持的银行,0.8582564363274724
96,修改手机号码的处理时间是多久,0.8580238835400583
97,好人贷审核不通过对个人有什么影响,0.8577858816604388
98,存管查询为何提示用户不存在或者信息有误,0.8576845058898543
99,如何设置存管支付密码,0.8572271417597238
100,借款成功会有短信等提醒吗,0.8570827927174933
101,如何查询是否已申请好人贷,0.8567518196297685
102,新网银行扣款通道是什么,0.8566096184727914
103,平台还款信息为何与新网银行不一致,0.8562200854131644
104,银行转账未到账怎么办,0.8559217631833711
105,为何无法提交好人贷申请资料,0.8558299820786729
106,为何收到新网银行逾期提醒短信,0.8557970009826126
107,为何申请好人贷后显示未获取额度,0.8557381999066902
108,合作平台如何取消贷款,0.8556393455266234
109,如何更换好人贷默认还款账户,0.8550566288594372
110,随心存操作渠道有哪些,0.8550285718238352
111,开具结清证明时为何无法登录,0.8548270163680155
112,好人贷个人资料如何修改,0.8547230408022634
113,为何还款后额度恢复减少了,0.8546189948849685
114,新网银行能否绑定云闪付,0.854581198182621
115,绑卡时页面上的银行卡预留手机号码可以修改吗,0.8544200697757484
116,为什么好人贷第一期还款金额与之后不一致,0.8538964144025565
117,美团客服热线是多少,0.8535659337467498
118,如何删除身份证信息,0.8534973932143479
119,随心存如何登录,0.8534347195170219
120,如何修改实名认证手机号码,0.853348568110821
121,如何激活新网二类户,0.8532767066807554
122,好人贷借款记录如何查询,0.8529930322662371
123,联系新网银行客服有哪几种方式,0.8529310559297664
124,还款记录如何查看,0.8526175819318805
125,扣款失败的原因,0.8525170661759435
126,好人贷借款超时未到账如何处理,0.8524305793942502
127,为何好人贷还款时提示“交易处理中”,0.852355208147083
128,为何结清证明显示日期与平台不符,0.8521805276618286
129,新网二类户为何无法转入/转出,0.8520150040571269
130,如何解约快捷支付？,0.8518410589607784
131,交易密码无法设置,0.8517999158735718
132,新网银行人工客服电话是多少,0.8515226207095429
133,好人贷账户如何挂失,0.8512139677945004
134,为何存管信息与平台显示不一致,0.8511108971126142
135,如何更改其他平台的注册手机号码,0.8509910729249208
136,京东存款如何修改注册手机号码,0.8509634373084368
137,购买存款页面为何提示“额度不足，无法购买”,0.8509153565337949
138,如何修改新网随心存注册号码,0.8507420447104428
139,为何申请好人贷页面显示暂无资格,0.8504450124191992
140,好人贷还款记录如何查询,0.8503915252569304
141,好人贷被拒后为何没有下次开放时间,0.8502642847578255
142,绑定银行卡失败,0.8501690708424667
143,转账到新网银行如何操作,0.8499430345268727
144,如何查询好人贷申请的授信结果,0.8499424536318057
145,为什么取消了提前部分还款,0.8498747731754867
146,存款产品如何修改手机号,0.8498043583443335
147,如何查询申请相关的协议书,0.8494431782701088
148,如何绑定银行卡,0.8491854209602477
149,如何冻结新网银行账户,0.8491068665332989
150,为什么提前还款显示联合贷批次执行中？,0.8489657358010152
151,关闭其他平台额度后，能否恢复好人贷额度,0.8489534239770944
152,新网银行的官网地址是什么,0.8488894590845429
153,58车金融客服电话是多少,0.8488484245001178
154,绑定银行卡产生费用吗,0.8487132693592514
155,注册手机号更换成功后何时可以正常使用,0.8485744208352505
156,可以重新注册吗,0.8485022806659016
157,修改手机号码/微信号是否会影响自动扣款,0.8484427131938259
158,如何查看开户结果,0.8484426656349064
159,为何销户后还能看到好人贷信息,0.8482314434363817
160,好人贷还款后额度何时恢复,0.8482085586347633
161,新网银行账户是什么,0.8480512256557386
162,随心存如何查看收益情况,0.8479636745285757
163,好人贷账户如何查询,0.8476072494417215
164,新网银行发送的短信验证码的有效时长？,0.8475362452723115
165,为何提示支付平台暂不支持的银行或限额,0.8474960134707971
166,如何取消征信查询及使用授权书,0.8473970056085725
167,更改银行卡预留手机号的方法,0.8473895774425715
168,好人贷账户如何注销,0.8473548963853891
169,身份证信息变更后如何更新,0.8472504837112282
170,如何增加银行卡,0.8468280568701686
171,新网银行人工客服电话打不通,0.846824889405576
172,新网银行如何联系客户,0.8467482867884252
173,修改手机号后是否需要重置登录密码,0.8466634433978563
174,好人贷申请能否撤销,0.8466456574071224
175,为何提示支付平台发卡行拒绝,0.846539532642343
176,借款时选错收款账户怎么办？,0.8464506781176256
177,为何提示支付平台该客户无默认扣款卡，交易没有发给统一支付,0.846327552521657
178,为何提示支付平台不允许持卡人进行的交易,0.8463056880996326
179,如何办理好人卡？,0.8462712318455711
180,登录密码为何无法重置,0.8460317972659575
181,电话客服是否可以受理结清证明,0.8459400667894981
182,如何注销新网二类户,0.8457183922305245
183,车辆信息如何查询,0.8455633698398954
184,为何页面出现多个新网银行账户,0.8452924436159638
185,如何获取线上核身链接,0.8447506143751737
186,好人贷可以重新申请吗,0.8446388763157797
187,好人贷额度是否会发生变化,0.8445486677117162
188,客服能否看到客户申请好人贷的信息,0.8443038364908052
189,什么是银行卡预留手机号？,0.8442696598480366
190,好人贷扣款账户如何查看,0.8439875437735329
191,好人贷额度为什么变低了,0.8439384552563957
192,存管账户如何查询,0.8437133481186733
193,好人贷申请身份证可否添加水印,0.843226320039629
194,好人贷借款后能否修改贷款信息,0.842840942705894
195,还款金额超银行卡限额怎么办,0.8427963362160613
196,新网银行公众号如何取消关注,0.8426559092865505
197,贷款结清之后能否删除贷款记录,0.8426357674812395
198,如何注销新网注册用户,0.8424165866912391
199,任性还款是什么,0.8423702614395088
200,身份证更换期间会影响好人贷贷款吗,0.8423201547723855
201,如何查看优惠券的使用情况,0.8422988762075553
202,是否会发生重复扣款情况,0.8421250876710171
203,还款后为何未更新还款状态,0.841987035334423
204,自动扣款时间段是多久,0.8419035513089871
205,好人贷如何审核,0.8416587752983468
206,如何查询其他平台扣款银行卡,0.8414492475400455
207,如何查看银行卡管理列表,0.8414372831665629
208,新网账户绑定微信/支付宝后支持提现或充值吗,0.8413072868330665
209,是否需要使用本人手机操作好人贷,0.8410166653577287
210,注册规则是什么,0.8409795070507934
211,线上转入新网银行账户到账时间是多久,0.8408514099374604
212,申请好人贷没有公司邮箱怎么办,0.8407793919401548
213,能否让客服回电,0.8406823985394787
214,车贷如何解绑银行卡,0.8404422591733068
215,好人贷申请是否支持人工受理,0.8402870276730913
216,新网银行有哪些活动,0.8401950984597448
217,登录时的图文验证码是否区分大小写,0.8401164676969042
218,为何提示缺少必要参数,0.8399643097562935
219,如何修改存管账户预留手机号码,0.8399057119671578
220,查询车贷的注册手机号码是什么,0.8398544904282673
221,新网银行账户可以在哪些地方使用,0.8394672638256314
222,为何无法销户,0.8391976045138312
223,客服是否是随机分配,0.8391133177362189
224,手机号归属地与定位地不一致是否有影响,0.8389520954715705
225,存管账户如何注销,0.8387717636138972
226,好人贷如何实名认证,0.8387309419913588
227,为什么银行还款存在限额？,0.8387020662377684
228,企业邮箱格式是什么,0.8386186124687305
229,线下转账如何填写新网银行开户信息,0.8386030266592053
230,新网银行以什么名义放款,0.8385038869796803
231,上传身份证时需填写的内容是什么,0.8384942558012846
232,车贷还款只扣除部分是什么原因,0.8384545780745886
233,如何查看委托支付协议,0.8384020801594819
234,车贷如何修改注册手机号码,0.838316570089405
235,银联在线支付是什么,0.8380451437926485
236,如何查询是否开通银联在线支付,0.8380334790229919
237,为何人脸识别提示光线太足,0.8379084300990406
238,好人贷账户如何更换手机号码,0.8377592414289838
239,消费凭证有效期是多久,0.837725607705844
240,如何修改征信上的个人信息,0.8376110291112691
241,在线客服是否是人工客服,0.8374048406120479
242,为何提示支付平台受发卡行资金用途限制拒绝交易,0.8371387650086819
243,如何知晓已注销成功,0.8368541898038944
244,滴水贷客服电话是多少,0.8368037777631508
245,注册手机号及微信号需要实名制吗,0.8367510937538772
246,如何查询合作平台贷款是否结清,0.8364787742135621
247,为何征信上有新网银行的贷款审批记录,0.836460392553443
248,合作平台如何还款,0.8364149342310364
249,好人贷审核时间是多久,0.8362669283658033
250,再次申请好人贷会查询征信吗,0.8361702557018208
251,还款后页面显示等待中,0.8361486360146974
252,新网银行开户支持的证件有哪些,0.8358972741348638
253,密码如何修改,0.8357487758799022
254,申请好人贷后，可否更改授信结果,0.8353251815599247
255,实名认证审核时间,0.8353161969369798
256,新网二类户可以升级为一类户吗？,0.8353141282057703
257,是否可以取消自动扣款,0.8352741718953103
258,好人贷如何查看所支持的还款方式,0.8350374918591478
259,好人贷申请是否查询芝麻信用,0.8348518410788628
260,能否删除个人信息,0.8348405082427353
261,什么是注册号码？,0.8348402051972541
262,如何查询征信报告,0.8347432406164841
263,车贷平台如何查询,0.8347234263283425
264,申请好人贷后为何页面显示仍可提交申请,0.8346728441292617
265,申请好人贷后有没有回复,0.8345670164321364
266,新网账户之间能否互相转账,0.8345083965103274
267,为何提示支付平台银行卡未开通银联无卡认证支付,0.8344164975008964
268,如何查询存管账户流水,0.8341349442645153
269,名下所有卡被冻结后如何还款,0.8340531953060875
270,有额度不使用有什么影响吗,0.834024089708513
271,好人贷申请成功会有短信通知吗,0.8339398623675495
272,如何查看好人贷相关协议/合同？,0.8339092501205218
273,征信报告是什么样的,0.8338415421449689
274,公众号是否有还款提示,0.8338091404855544
275,开户失败原因,0.8337549766979864
276,怎样才能成功申请到额度,0.8334496267490789
277,如何确保还款日当天会扣款成功,0.833362788713739
278,公众号如何注册,0.833059630598331
279,新网银行地址在哪里,0.8329556122657086
280,好人贷能否绑定他人银行卡,0.8328471907336661
281,银行卡是二类户影响扣款吗,0.8328331942323738
282,好人贷审核电话是多少,0.8327801067521023
283,可以查询个人信息资料吗？,0.8327399819273519
284,黑户/白户是否可以申请好人贷,0.832691185198554
285,新网诺诺发票贷如何申请,0.8326790594952486
286,好人贷借款时还会审核吗,0.8325908432117062
287,如何查询还款日,0.8325835807492913
288,为何征信上的放款日期与实际借款日期不一致,0.8325461945135925
289,存管提现到账时间是多久,0.8324633484824162
290,好人贷-云闪付是什么,0.832427604732181
291,电脑端可以登录好人贷吗,0.8322998473026231
292,无法提供消费凭证可以取消贷款吗,0.8320836413707355
293,车贷还款记录如何查询,0.8320314380096867
294,新网银行账户可以设置为好人贷借/还款账户吗,0.831966205810157
295,好人贷借款合同有效期是多久,0.8319361914898692
296,如何退出微信公众号,0.8318403735425822
297,新网银行二类户与好人贷是否为同一个手机号码,0.8316644883236088
298,哪些渠道可以购买京东存款产品？,0.8316615918371236
299,他行渠道汇入新网账户的到账时间是多久,0.8315570382660478
300,好人贷账户是否为新网银行二类户？,0.8315228127412259
301,审核电话内容是什么,0.8314596637810505
302,车贷能否绑定他人银行卡,0.8312982701186206
303,可以通过他人银行卡转入到新网银行账户吗,0.8312911391748878
304,如何在新网银行开户,0.8312729347665786
305,如何查看好人贷还款计划,0.8312520993813143
306,新网银行合作平台有哪些,0.8311871594858172
307,银行卡开通银联在线支付后是否可正常还款,0.8310487604796786
308,好人贷借款金额与到账金额是否一致,0.8310093372814077
309,实名认证是否查询征信,0.8309782795223486
310,销户后可以再开户吗,0.8309494561878543
311,结清贷款后征信上是否会显示结清,0.8309351490922614
312,可否补充企业邮箱,0.8308668709135162
313,为何重置密码后仍提示密码错误,0.8308259200609913
314,好人贷只能使用微信登录吗？,0.8305917565553513
315,新网银行好事贷如何申请,0.8304616846600762
316,微信/支付宝等可否与新网银行账户互相绑定,0.8304320184522549
317,可以查询注册手机号码吗,0.8303899917432779
318,公众号页面的“我的排号”是什么意思,0.83037936259839
319,新网银行有招聘吗,0.8294385113488122
320,好人贷申请是否可以使用临时身份证,0.8294197776997368
321,新网银行存款产品为何暂停交易,0.8292017259993428
322,新网银行三类户是什么,0.8290355992602564
323,逾期造成的影响是什么,0.8290179646060749
324,退汇是什么意思,0.8288218919636727
325,转账到新网银行账户是否还款成功,0.8287993434470275
326,其他贷款怎么办理,0.8287986545955546
327,线上开据证明有次数限制吗,0.8285818483892637
328,为何提示支付平台支取金额超过可用余额,0.8284259304440973
329,开据证明时为何需要实名认证,0.8281566291724591
330,提前支取时为何显示存入,0.8279075269746069
331,新网银行二类户如何转入/转出,0.8276244512781651
332,存款产品如何重置交易密码,0.8275939182373744
333,获取额度后多久可发起借款,0.8275830067040569
334,申请好人贷必须填写联系人信息吗,0.8274834946741118
335,如何登录微信公众号,0.8274483208607121
336,新网二类户转入/转出有时间限制吗,0.8274190891463424
337,好人贷审核时是否给填写的联系人去电,0.8273898371937434
338,好人贷如何主动还款,0.827330563532735
339,车贷合同如何查看,0.8272108554962048
340,如何注销公众号,0.8266464069847466
341,平台方手机号变更导致我行无法直接开据结清证明问题,0.8262635933537369
342,下一次开放时间是什么意思,0.8260123639994832
343,自助提额什么时候上线,0.8259915454760864
344,借款到账后页面未更新借款状态,0.8258144249221177
345,新网银行行号是多少,0.825702031665793
346,如何进入好人贷页面,0.8256682171784286
347,按期还款和任性还款的区别是什么,0.8253345396593035
348,随心存支持提前支取吗,0.8253345132127268
349,如何录制活体检测,0.825033328877945
350,好人贷如何提高额度,0.8249678528314305
351,平台方提供的客户审批资料能否提供给客户,0.8248846295469818
352,转账时为何提示未面核,0.8248793278667522
353,如何查看贷款合同,0.8248766492729893
354,申请好人贷工作信息如何填写,0.8247450777416918
355,银联在线支付如何开通,0.8247328106584306
356,申请好人贷有区域或者号段等限制吗,0.8243576196093685
357,好人贷申请需要填写哪些个人信息,0.8237926212730805
358,好人贷是否支持提前还款,0.8236811859043872
359,为何申请好人贷无结果,0.8235230297306771
360,车贷如何办理解押手续,0.8233421912756486
361,未接到好人贷回访电话会被拒吗,0.8233172855262185
362,如何更换借款收款银行卡,0.8230841057685743
363,在线咨询是否支持客户发送语音,0.8230408256463527
364,随心存停售后有影响吗,0.8230108396052105
365,好人贷如何申请,0.8229611351141021
366,支持绑定的银行卡类型有哪些,0.8229232460999775
367,新网二类户转入/转出收取手续费吗,0.8224740257618162
368,好人贷借款如何上报征信,0.8223287842300226
369,还款日可以修改吗,0.8221712971651636
370,当期账单支持再分期吗,0.8221710372907021
371,好人贷利率为什么调高了,0.8221558913083848
372,线上开据证明为何和征信金额不符,0.8220308020002554
373,好人贷支持在国外发起借款吗,0.8220208226733116
374,新网银行二类户限额是多少,0.8219414646657351
375,好人贷是否有临时额度,0.8218660004261451
376,我行对客邮箱是多少,0.8218376552967412
377,如何查询车贷还款日,0.8217203110902405
378,好人贷提额周期是多久,0.8213449301326753
379,还款日当天是否自动扣款,0.8212172651339134
380,为何征信上有新网上报的贷款记录,0.821113477255008
381,未正常还款我行会进行催收吗,0.8209945025387391
382,申请好人贷需要开个人账户吗？,0.8209381059270956
383,好人贷的办理时间,0.8208635008695343
384,好人贷为什么额度低,0.820766622603648
385,在哪个平台操作提现,0.8206852333613772
386,随心存T+1是什么,0.8203761910497452
387,好人贷-云闪付如何提前还款,0.8203591988745822
388,好人贷-云闪付如何更换收/还款银行卡,0.8202632106548977
389,申请诺诺发票贷需要什么条件,0.8198183602660402
390,创客贷额度是多少,0.8197947362429615
391,好人贷是否支持归还逾期部分账单,0.819458896563623
392,好人贷定位如何开启,0.8194197446655203
393,存管查询的余额如何提现,0.8193107720660004
394,好人贷提额会查询征信吗,0.8190844142528523
395,使用优惠券后提前还款利息如何计算,0.8189254761916338
396,新网有哪些产品,0.8187686339169218
397,为何征信上有新网银行上报的逾期,0.8187375052897446
398,好人贷如何提前还款,0.8187323844860162
399,好人贷申请的渠道有哪些,0.8186978998584988
400,新办的手机号可以申请好人贷吗,0.8185475777894953
401,逾期未还款如何处理,0.8184639448691801
402,补扣会影响信用吗,0.8184176016517538
403,如何把注册用户与结算用户都注销,0.8183864743946074
404,好人贷有回访电话吗,0.818224811695245
405,客户咨询其他平台催收问题,0.8181619753848872
406,提额会有通知吗,0.8180567164614603
407,借款后如何判定下次还款日期,0.8180407676839002
408,好人贷注册手机号与银行卡预留手机号是否需要一致？,0.8179517452808958
409,如何购买新网银行存款产品,0.8178981896161758
410,京东存款是否支持提前支取/提前部分支取？,0.8177206446091722
411,如何降低/关闭额度,0.8176359251545302
412,新网银行是否上市,0.8173646558051283
413,提前结清贷款后还会扣款吗,0.8172514910261696
414,居住信息如何填写,0.8171722387055392
415,新网银行有哪些产品可以提额,0.8171049000784248
416,随心存可以在我行公众号查询/操作吗,0.8170769492696308
417,好人贷是否支持提前还当期账单,0.8168938683496367
418,可否按照征信订单号开据证明,0.8168508537397408
419,车贷如何更换还款银行卡,0.8167817150947005
420,车贷支持手动还款吗,0.8166225833526015
421,车贷如何申请,0.8166096377505054
422,非绑定银行卡可否与新网二类户转账,0.8165645135666466
423,好人贷能否人工操作提额,0.8164810492338082
424,如何通过线下方式转入新网二类户,0.8164243188390895
425,申请好人贷需要下载APP吗？,0.8163202783924651
426,批扣时间段是多久,0.8160629799972124
427,车贷可以修改还款日吗,0.8156543880694113
428,银行卡还款限额是多少,0.8155533047022625
429,好人贷申请必须使用身份证原件吗,0.8151387128751774
430,好人贷支持周末借款吗？,0.8151312005844958
431,逾期后还款金额是否会增加,0.8151195043333122
432,什么情况算逾期,0.8150208017343167
433,转入新网银行使用的密码是交易密码还是银行卡密码,0.8149697590478121
434,诺诺发票贷的利率是多少,0.8146424296584195
435,新网银行有实体卡片吗,0.8145500432983837
436,新网银行存款属于理财产品吗,0.8144047657480791
437,还款银行卡是否需要开通银联在线支付业务,0.8143797863114051
438,结清证明印章无法查看,0.8143776707796109
439,好人贷贷款期限是多久,0.8141600438991166
440,申请好人贷是否都有额度,0.8139800677536978
441,好人贷如何自助提额,0.8139166252412052
442,好人贷还款后多久到账,0.8138792687696453
443,好人贷只能通过绑定的银行卡还款吗,0.8137711716314129
444,好人贷支持随时借款吗,0.8137696000228692
445,好人贷自动扣款规则,0.8136559050772577
446,企业邮箱验证码可否重新获取,0.8135004376770384
447,提前还款会影响个人征信吗,0.8134429910615039
448,新网银行以何名义查询征信,0.8133882789360423
449,实际申请金额与放款金额不一致可否取消车贷,0.8133696622065151
450,好人贷注册手机号无法使用,0.8133472377616862
451,新网银行自动扣款时间,0.8130330062497977
452,如何查询当期车贷还款金额,0.8128250877032263
453,销户后是否上征信,0.8127930769126471
454,征信是什么,0.8127266129584517
455,可以让别人代还款吗？,0.812725928863906
456,如何查询好人贷借据收款银行卡,0.8126283747903842
457,挖财还款是否为新网银行代扣,0.812383327093698
458,好人贷如何还款,0.8123328967749225
459,好人贷授信首页显示利率是否为固定利率,0.8121961836451462
460,好事贷如何还款,0.8120446528809145
461,好人贷必须绑定银行卡使用吗,0.8118247961161568
462,查询结清证明申请是否已提交,0.8117189860868459
463,还款日当天支持手动还款吗,0.8115537154615227
464,好人贷额度有效期是多久,0.811529158279638
465,注销账户的处理时间,0.8113441264845457
466,销户与否会产生什么影响,0.8109777083282615
467,为何提示不具备开具资格,0.8106394543522122
468,如何进入个人中心,0.810434223141283
469,手持身份证拍照的注意事项,0.8103418796643519
470,新网银行存款是否受保障,0.8099336656428153
471,好人贷利率为什么高,0.8098241788299758
472,新网银行的活期利率是多少,0.809772876989603
473,好人贷额度必须一次性借完吗,0.809756138809334
474,新网银行有信用卡吗,0.8097340871031824
475,好人贷借款多久到账,0.8095920795265918
476,我们是四川新网银行吗,0.8094184330315233
477,审核电话可更改接听电话吗,0.8093393284749844
478,新网银行有企业贷款吗？,0.8089942950409672
479,好人贷与其他平台类似产品的区别是什么,0.8089295583990522
480,结清证明会展示哪些信息,0.8087230914893012
481,提前还款有次数限制吗,0.8087140129642425
482,开户是什么意思,0.808668194400788
483,车贷逾期如何还款,0.8084795888054837
484,提前还款手续费是多少,0.808416844395063
485,房产保证金是什么,0.8083889461659769
486,好人贷贷款利息如何计算,0.8082153946330334
487,存款页面是否会显示每日收益,0.8082029248917298
488,好人贷有额度后如何进行贷款,0.808139426522303
489,接收短信的手机号是否为注册手机号,0.808131105591001
490,我行放款的其他平台借款会上报征信吗,0.8080128445264458
491,好人贷通过率多少,0.8080018914825551
492,借款合同是否有展示提前还款会收取违约金的情况,0.8079193017293881
493,好人贷需要面签吗,0.8079032989116799
494,新网银行存款类产品有哪些,0.8073260971726697
495,申请创客贷需要什么条件,0.8072797729274619
496,输入身份证号码时，为何无法输入字母,0.8072324795201783
497,好人贷支持扣款的银行有哪些,0.8071398298798086
498,好人贷放款至什么账户,0.8069213055450308
499,客户表示没有问题了,0.8068494937653085
500,有多少人获得好人贷额度,0.8066852359546252
501,好人贷额度他人能否使用,0.8064019428506708
502,申请好人贷使用的邮箱是公司邮箱还是个人邮箱,0.8059257766914477
503,季得利的操作渠道有哪些,0.8053267741294109
504,季得利是什么,0.8052481133226077
505,好人贷不借款会产生利息或费用吗,0.8051267174404912
506,好人贷额度是多少,0.8043751324091841
507,新网银行合作的存管平台有哪些,0.8041164754526169
508,额度占用问题,0.8040710454062744
509,好人贷如何试算利息,0.80405865743827
510,操作好人贷是否需要开启定位,0.8040225784497905
511,结清证明的发送方式有哪些,0.8039862160406291
512,客户发送截图以及个人信息等,0.8039566703578955
513,能否开具非恶意逾期证明,0.8032666874123325
514,开据证明为何显示没有符合要求的订单,0.8031686107685898
515,好人贷以什么贷款类型上报人行征信？,0.8031183194452511
516,车贷如何提前还款,0.803098002256296
517,车贷扣款支持的银行卡有哪些,0.8027373213354225
518,"好人贷有回访电话吗""",0.8027157987206488
519,好事贷收取哪些费用,0.8023725569332854
520,什么是分批次扣款,0.8022547172544227
521,提前支取有限制吗,0.802187435573467
522,车贷如何还款？,0.8019445962529641
523,迁户是什么意思,0.8017115399494872
524,查询各类工单办理进度,0.8016385495490591
525,贷款证明如何开据,0.8016357084441829
526,什么是风控审核中,0.8015226946633698
527,节假日可以操作各类存款吗,0.8008815577972626
528,征信上显示的贷款金额是否包含利息,0.8007693461790432
529,新网银行业务办理时间,0.8006746385987598
530,关于客户个人信息安全问题,0.8006447227146337
531,结清证明开据时间是多久,0.8005720318860831
532,新网银行APP下载,0.8004723013870335
533,一个身份证可以申请好人贷两次吗？,0.8003314450453136
534,好人贷还款方式有哪些,0.8001864321437091
535,什么情况算违约,0.8000257363909528
536,什么是登录密码,0.7995987470227064
537,车贷合同里的金额是否包含利息,0.7994822262776843
538,工新借是什么,0.7993482323218356
539,好人贷支持微信/支付宝扣款吗,0.7990236950822946
540,存管是什么,0.7987105183904376
541,好人贷是什么,0.79816513807062
542,如何开立存管账户,0.7978461189387778
543,好人贷如何降低利率,0.7975055585254358
544,存款需要先开立银行账户吗,0.7975022222312043
545,申请好人贷需要什么条件,0.7973404485596115
546,申请好人贷需要哪些资料,0.7973208733753503
547,车贷申请多久可以放款,0.7971609043478786
548,可否延期还款,0.7970992916935704
549,身份证过期可以申请好人贷吗,0.7969285801886634
550,好人贷额度是否循环使用,0.796858083486535
551,客户催促需要加急办理,0.7966798389873717
552,随心存产品停售原因,0.796582946896712
553,拨打我行人工客服电话是否收费,0.7961393504918508
554,好人贷电话回访时间,0.795990989582981
555,季得利提前支取影响已发放利息吗,0.7958493731764941
556,如何签署借款合同,0.795495228745306
557,如何办理对公业务,0.7949928909436283
558,新网银行有几个网点,0.7948635297119111
559,好人贷借款规则,0.7948413018740434
560,人工是否可操作扣款,0.7944374606870335
561,新网二类户上的资金是否计息,0.7943080278232021
562,随心存利率为何会发生变化,0.7942280795199721
563,个人可以在新网开立几个账户,0.7937869929361066
564,好人贷收取哪些费用,0.793708420503228
565,客户表示知道了,0.7935148400130868
566,周得利提前支取如何计息,0.7932852661335448
567,征信上报周期及更新时间,0.7930171378470112
568,可否取消银行卡限额,0.7930114188096369
569,贷款证明的电子章是否具有法律效应,0.7929858330813694
570,线上是否可开据征信版结清证明,0.7927273500612151
571,为何按期还款只能选择部分贷款期限,0.7927091179760648
572,半年得利提前支取影响已发放利息吗,0.7923230892897218
573,好人贷部分提前还款规则,0.7921814304646818
574,开通什么业务,0.7921095881353889
575,什么是我的额度和可借额度,0.791931661666664
576,五年定期存款支持提前支取吗,0.791912081814144
577,抵押类贷款如何办理,0.791552127830033
578,选择任性还款/按期还款利息如何计算,0.791041941437556
579,能否人工开据贷款证明,0.7907789464164992
580,新网银行人工客服服务时间,0.7906371530375209
581,结清贷款后什么时候可以开据结清证明,0.7905422589183756
582,好人贷是邀请制吗,0.7904331009006168
583,五年定期存款是什么,0.7903215057525297
584,工新借如何申请,0.7895265347119408
585,选择任何还款方式都可以提前还款吗,0.7892777436869286
586,什么是单笔借据和多笔借据,0.789193994134307
587,随心存是什么,0.7887660642921943
588,京东存款的计息规则及计息公式,0.7883910717821206
589,定期存款操作的渠道有哪些,0.7883369751541295
590,如何操作随心存大额存款,0.7880103530811811
591,他人可以使用本人信息申请好人贷吗,0.7879055197250915
592,客户表示还款成功,0.7879009842104291
593,各还款方式如何进行还款,0.7875357811566635
594,车贷收取哪些费用,0.7868259390779245
595,节假日可以借/还款吗,0.7866152098806819
596,优惠券如何使用,0.7864861009452174
597,按期还款是什么,0.7854595638308274
598,如何选择按期还款/任性还款,0.7852710781143177
599,如何开据存款证明,0.7849449035713609
600,好人贷上征信吗,0.7844184162431114
601,新网银行简介,0.7843834276827993
602,如何关注新网银行公众号,0.7843316443439845
603,新网银行自动扣款次数,0.7842541157868574
604,结清证明是否是还款记录证明,0.7837999069961007
605,好人贷提前还款最低还多少,0.7834858659415072
606,好人贷当期能否最低还款,0.7817594414059578
607,目前支持的银行有哪些,0.78143269189953
608,随心存利率是多少,0.7810656761330627
609,随心存提前支取到账时间,0.7805627681004386
610,什么平台的贷款,0.780426205079491
611,如何获得优惠券,0.7800649468395519
612,存款产品是否存满五年才能支取,0.7796743053056573
613,存款产品的资金可以用于好人贷还款吗,0.7788140810753372
614,什么是一、二、三类户,0.7787960488840063
615,存款产品支取通用路径,0.7785223900021614
616,人脸识别使用的是照片还是视频,0.7781665875461597
617,什么是活体检测,0.7780188486048943
618,定期存款到期如何支取,0.776372930221237
619,车贷利息是多少,0.776286291832355
620,存管账户充值限额,0.7761238358336894
621,客户要求发送相关模板,0.7756331975475835
622,为何提示该证件已被使用,0.7745235204266315
623,好人贷利率是多少,0.7742031599572269
624,随心存存款期限有哪些,0.7737777710753575
625,随心存到期后何时到账,0.7730886125142294
626,可绑定银行卡数量上限,0.7723582362358838
627,结清证明的印章是否可以用公章,0.7722041559523818
628,可否对公还款,0.7719985374707821
629,客户表示不满,0.7716430043784913
630,关于消费凭证,0.7703041386674574
631,什么是无卡支付及免密支付,0.7692267986152872
632,什么是当期账单,0.7680088049271522
633,咨询可以发送图片吗？,0.767503519687023
634,验证码发送至什么手机号,0.7672738860204537
635,核身链接失效的原因,0.7669669117947226
636,客户提到投诉,0.7661928792977546
637,美利车联系电话,0.7659794275226052
638,月得利提前支取如何计息,0.7658479143491193
639,好人贷月利率是多少,0.7654635439187438
640,什么是还款日,0.765430799180834
641,好人贷支持随借随还吗,0.7642711877825913
642,客户表示需要考虑,0.7638921517589811
643,五年定期存款的利率是多少,0.7633637809368476
644,什么是综合评估,0.7620564536331792
645,经侦是指什么,0.7616780199188514
646,可以咨询吗,0.7612785709583088
647,定期存款的利率是多少,0.7607806025268304
648,季得利如何计息,0.7599080805581563
649,存款利率是多少,0.7599035873064947
650,好人贷消费用途,0.7598853209519867
651,罚息能否减免,0.7596588454038596
652,存款产品是否保本保息,0.7593530563211445
653,季得利如何支取,0.7589586141875112
654,定期存款是否有存单,0.7588964269095453
655,随心存如何计息,0.7546312621722467
656,客户表示有合作意向,0.7505208703363105
657,申请好人贷需要公积金、社保吗？,0.7500616952170989
658,客户表示稍等,0.7477864061176022
659,随心存存入限额,0.7469353614660181
660,好人贷年化利率是多少,0.7440533430841335
661,人脸拍摄规范,0.73886280425628
662,客户提出建议,0.7371220773939726
663,罚息介绍,0.7335020246960228
664,客户称赞服务好,0.7331429946034429
665,周得利计息规则,0.7319574864388049
666,手机获取验证码失败,0.7089473131476742
