0,绑定银行卡不收费吧,1.0
1,绑定银行卡产生费用吗,0.9469263681237768
2,更换银行卡会影响自动扣款吗,0.9272728317857432
3,为何之前绑定的银行卡不支持扣款了,0.9231790396482302
4,绑定银行卡失败,0.9221375366250761
5,新网银行能否绑定云闪付,0.9201671778395052
6,如何换绑银行卡,0.9200666458125548
7,绑卡时页面上的银行卡预留手机号码可以修改吗,0.9193909073739972
8,银行卡挂失会影响自动扣款吗,0.9187471970256883
9,非绑定银行卡可否与新网二类户转账,0.9173847315671727
10,银行卡是二类户影响扣款吗,0.917015270848595
11,销户后为何还能解绑银行卡,0.9160444202264411
12,如何绑定银行卡,0.9145836510834001
13,新网账户绑定微信/支付宝后支持提现或充值吗,0.9144190259910959
14,更改银行卡预留手机号的方法,0.9139569420568342
15,为何提示支付平台银行卡未开通银联无卡认证支付,0.9114607477589679
16,新网银行扣款通道是什么,0.9111103848458308
17,可以通过他人银行卡转入到新网银行账户吗,0.9110331684302451
18,银行卡开通银联在线支付后是否可正常还款,0.9105943239307227
19,系统升级会影响扣款吗,0.9100587833243008
20,为何提示支付平台不允许持卡人进行的交易,0.9087998285847765
21,如何解绑银行卡,0.9083241072141248
22,微信/支付宝等可否与新网银行账户互相绑定,0.9076077146421998
23,支持绑定的银行卡类型有哪些,0.907053489483844
24,什么是银行卡预留手机号？,0.9070519278053017
25,车贷能否绑定他人银行卡,0.9056634751685334
26,好人卡绑定云闪付/微信等失败怎么办,0.905417252425911
27,为何提示支付平台暂不支持的银行或限额,0.9048233751425204
28,还款金额超银行卡限额怎么办,0.9046357133376656
29,为何提示支付平台持卡人信息有误,0.9042864096943507
30,新网银行自动扣款时间,0.9039327312528431
31,新网银行视频认证的QQ号码是多少,0.9036296385277466
32,新网银行有实体卡片吗,0.903018245854785
33,线下转账如何填写新网银行开户信息,0.9028474332827233
34,车贷如何解绑银行卡,0.9023248656548264
35,好人贷只能通过绑定的银行卡还款吗,0.9022807853278116
36,还款银行卡是否需要开通银联在线支付业务,0.9022365352781996
37,如何增加银行卡,0.9022217997170932
38,修改手机号码/微信号是否会影响自动扣款,0.9021488821510265
39,新网银行有信用卡吗,0.901837357772533
40,为何收到新网银行还款短信,0.9017357122331912
41,注册手机号及微信号需要实名制吗,0.9015101013310929
42,新网银行人工客服电话打不通,0.9012027993801998
43,为何提示支付平台受发卡行资金用途限制拒绝交易,0.9011285970739316
44,为何提示支付平台该客户无默认扣款卡，交易没有发给统一支付,0.9002045912337396
45,好人贷能否绑定他人银行卡,0.9002020858888872
46,为何提示支付平台渠道不支持的银行,0.9000422325238807
47,如何冻结新网银行账户,0.9000392616841913
48,新网银行账户的交易记录如何查看,0.8996052742006484
49,新网银行账户可以设置为好人贷借/还款账户吗,0.8995317139616563
50,如何查询转账到新网银行的记录,0.899263796538575
51,如何查询其他平台扣款银行卡,0.8990383798451547
52,扣款结果会有短信提示吗,0.8990099946458128
53,可绑定银行卡数量上限,0.8982770032765804
54,新网银行账户是什么,0.8977906425992798
55,为何提示支付平台发卡行拒绝,0.8975679801432919
56,好人贷注册手机号与银行卡预留手机号是否需要一致？,0.8974000465220625
57,银行卡还款限额是多少,0.8972427199047226
58,线上转入新网银行账户到账时间是多久,0.896886824728632
59,随心存支持提前支取吗,0.896863915654783
60,好人贷-云闪付如何更换收/还款银行卡,0.8959813819341319
61,银联在线支付是什么,0.8955659209822646
62,为何提示还款卡不存在,0.8953585070004815
63,转账到新网银行如何操作,0.8950590375377387
64,通过本人微信找回密码是指什么,0.8946440037823057
65,如何更换借款收款银行卡,0.8946202261263231
66,转入新网银行使用的密码是交易密码还是银行卡密码,0.8944145457258575
67,联系新网银行客服有哪几种方式,0.8944138328000886
68,为何提示支付平台签约关系不存在,0.8940143803864844
69,新网二类户转入/转出收取手续费吗,0.8935951710651907
70,银联在线支付如何开通,0.8933517578433388
71,平台还款信息为何与新网银行不一致,0.8932716757855415
72,新网银行账户可以在哪些地方使用,0.8931807890658345
73,新网银行存款是否受保障,0.8931524469941644
74,实名认证是否查询征信,0.8930103640436396
75,新网银行开户支持的证件有哪些,0.8928626387916933
76,新网银行自动扣款次数,0.8927785747393648
77,新网银行二类户限额是多少,0.8926942063048658
78,好人贷必须绑定银行卡使用吗,0.8923824679882356
79,存款产品如何修改手机号,0.8923756112104793
80,新网银行如何联系客户,0.8923671331269916
81,如何办理好人卡？,0.8922945049362612
82,新网银行人工客服电话是多少,0.8921987420777331
83,名下所有卡被冻结后如何还款,0.8918470547866713
84,收款卡发卡行拒绝放款失败什么意思？,0.8916923148940155
85,新网账户之间能否互相转账,0.8916792212343073
86,如何更换好人贷默认还款账户,0.891138555526428
87,如何解约快捷支付？,0.8910175850636994
88,如何设置存管支付密码,0.8908691814796551
89,为何提示支付平台当日交易次数超限,0.8904601065060582
90,新网银行二类户如何转入/转出,0.8903976018897245
91,为何提示支付平台其他错误,0.8898088851857514
92,可否取消银行卡限额,0.8893520200061352
93,新网银行行号是多少,0.8890225580189454
94,借款成功会有短信等提醒吗,0.8887862455980576
95,好人贷自动扣款规则,0.8887313377286041
96,我行放款的其他平台借款会上报征信吗,0.8882261140558521
97,再次申请好人贷会查询征信吗,0.8881191838980362
98,新网银行发送的短信验证码的有效时长？,0.8881045538626541
99,存款需要先开立银行账户吗,0.8879547212100821
100,新网银行业务办理时间,0.887871926961955
101,好人贷借款时还会审核吗,0.8878430429828718
102,为何页面出现多个新网银行账户,0.8874432198765861
103,转账到新网银行账户是否还款成功,0.8874151894757123
104,京东存款如何修改注册手机号码,0.8871105129863568
105,挖财还款是否为新网银行代扣,0.8866379280792869
106,银行渠道维护是指什么,0.8865788865790339
107,新网银行三类户是什么,0.8860350171808538
108,新网银行存款产品为何暂停交易,0.8859452501809741
109,如何查询新网账户,0.885610375825343
110,银行渠道维护无法操作怎么办,0.8855368315960863
111,为何征信上有新网银行的贷款审批记录,0.885529454876049
112,是否需要使用本人手机操作好人贷,0.8854183143642321
113,他行渠道汇入新网账户的到账时间是多久,0.8854148067426799
114,拨打我行人工客服电话是否收费,0.8853698296233238
115,优信扣款成功后为何显示待还款,0.8853076071182194
116,为何提示支付平台交易金额超限,0.8852744783506215
117,新网银行有招聘吗,0.8851483436882847
118,当期账单支持再分期吗,0.8850557201922918
119,好人贷申请身份证可否添加水印,0.8849410997645505
120,为何好人贷还款时提示“交易处理中”,0.8847861191510242
121,交易密码无法设置,0.8847086975963978
122,可否按照征信订单号开据证明,0.8842657713473071
123,为何收到新网银行逾期提醒短信,0.8841633829520958
124,好人贷账户如何注销,0.8835688633658143
125,车贷扣款支持的银行卡有哪些,0.8833583522050906
126,结清贷款后征信上是否会显示结清,0.8832382461584639
127,为何征信上有新网银行上报的逾期,0.8830821797121773
128,如何更改其他平台的注册手机号码,0.8830570424819336
129,平台方手机号变更导致我行无法直接开据结清证明问题,0.8829637408708019
130,新网银行APP下载,0.8829336437360508
131,使用优惠券后提前还款利息如何计算,0.8826936422774108
132,好人贷申请是否支持人工受理,0.8826146995310192
133,如何修改存管账户预留手机号码,0.8825591240531896
134,存管密码被锁定怎么办,0.8824744225768748
135,为何征信上有新网上报的贷款记录,0.8823701347822005
136,补扣会影响信用吗,0.8821685983986021
137,如何在新网银行开户,0.8820745832507482
138,车贷支持手动还款吗,0.8820221603424635
139,好人贷支持随时借款吗,0.8819831268355158
140,为何还款后额度恢复减少了,0.8819147615358182
141,好人贷账户是否为新网银行二类户？,0.8818041716462794
142,如何查询是否开通银联在线支付,0.8817096763378214
143,京东存款是否支持提前支取/提前部分支取？,0.8816845578303895
144,好人贷提额会查询征信吗,0.8815457578768062
145,提前结清贷款后还会扣款吗,0.8812951219578404
146,购买存款页面为何提示“额度不足，无法购买”,0.8812359420527782
147,新网银行二类户与好人贷是否为同一个手机号码,0.8811791015510019
148,借款到账后页面未更新借款状态,0.880974762667344
149,好人贷交易密码如何设置,0.8808478850310765
150,身份证更换期间会影响好人贷贷款吗,0.8807701716498406
151,修改手机号码的处理时间是多久,0.8805801777502076
152,好人贷申请是否查询芝麻信用,0.8804974558022506
153,销户后是否上征信,0.8804201844365904
154,好人贷扣款账户如何查看,0.8802921994301425
155,好人贷账户如何挂失,0.8801047339629438
156,如何查看银行卡管理列表,0.8800408669166223
157,好人贷手动还款时为何提示批次执行中,0.8799437363569813
158,无法提供消费凭证可以取消贷款吗,0.8797152786210597
159,怎样用其他手机登录好人贷,0.8796395990664092
160,如何查询好人贷借据收款银行卡,0.8795390574036994
161,好人贷审核时是否给填写的联系人去电,0.8795360032416408
162,线上开据证明为何和征信金额不符,0.8794438361682633
163,为什么收到美利车金融的短信,0.8794129572356669
164,合作平台如何取消贷款,0.8791615926503009
165,好人贷支持微信/支付宝扣款吗,0.8789437502652961
166,还款日当天是否自动扣款,0.878825837185003
167,如何激活新网二类户,0.8787259475217283
168,如何查看手机号是否实名制,0.8787236834299722
169,新网银行有哪些活动,0.878689597537466
170,进入随心存为何提示手机号码不一致,0.8785092478136912
171,好人贷授信首页显示利率是否为固定利率,0.8783506353666605
172,为什么银行还款存在限额？,0.8782554700309188
173,好人贷借款如何上报征信,0.8780999308638653
174,为何销户后还能看到好人贷信息,0.8779814754032325
175,好人贷账户如何更换手机号码,0.8779098689675255
176,提前支取有限制吗,0.8779074418600781
177,新网银行以何名义查询征信,0.8778448056175088
178,随心存可以在我行公众号查询/操作吗,0.8777747183835057
179,车贷如何更换还款银行卡,0.8776595315749206
180,线上开据证明有次数限制吗,0.8775130154886701
181,客服能否看到客户申请好人贷的信息,0.87736385101656
182,有额度不使用有什么影响吗,0.8772229316759134
183,随心存如何修改交易密码,0.8771566327243492
184,好人贷申请是否可以使用临时身份证,0.8771521348877502
185,获取额度后多久可发起借款,0.8769961215103956
186,好人贷支持在国外发起借款吗,0.8769230016568
187,好人贷注册手机号无法使用,0.876818655967783
188,如何邀请好友申请好人贷,0.8765425509290298
189,借款时选错收款账户怎么办？,0.8765084489323974
190,为何无法申请好人贷,0.8763095556961227
191,为何提示支付平台账户余额不足,0.8762753769111598
192,为何提示支付平台支取金额超过可用余额,0.876236207296751
193,新网二类户为何无法转入/转出,0.8761768506854164
194,可以查询注册手机号码吗,0.8761490183808283
195,好人贷不借款会产生利息或费用吗,0.8760384144150393
196,新网银行是否上市,0.8759715192450653
197,为何征信上的放款日期与实际借款日期不一致,0.8759504427235504
198,未正常还款我行会进行催收吗,0.8758415768182898
199,好人贷借款后能否修改贷款信息,0.8758117071505632
200,为什么提前还款显示联合贷批次执行中？,0.8758074170787855
201,好人贷如何查看所支持的还款方式,0.8757443885247185
202,如何确保还款日当天会扣款成功,0.8756959989288098
203,存管账户充值限额,0.8756083152085778
204,好人贷-云闪付如何提前还款,0.875576617729954
205,如何查询好人贷申请的授信结果,0.875297040769605
206,如何查看委托支付协议,0.8752494055415084
207,好人贷为什么提示“账户存在异常操作”,0.8752428237069214
208,贷款结清之后能否删除贷款记录,0.875198612140265
209,电脑端可以登录好人贷吗,0.8751438217502451
210,为什么好人贷第一期还款金额与之后不一致,0.8751416500072
211,还款后页面显示等待中,0.8751324120115906
212,为何提示用户未实名认证,0.875080477062785
213,黑户/白户是否可以申请好人贷,0.8748806135222641
214,58车金融客服电话是多少,0.8748744191939575
215,修改手机号后是否需要重置登录密码,0.8746173946390211
216,如何查看随心存购买情况,0.8745954276804319
217,如何更换微信号,0.874591189307124
218,新网银行公众号如何取消关注,0.874583783251078
219,自动扣款失败怎么办,0.8745737669838041
220,好人贷还款后额度何时恢复,0.8744611256995323
221,如何购买新网银行存款产品,0.8744292604634397
222,新网银行存款属于理财产品吗,0.8743093921186535
223,我们是四川新网银行吗,0.874238730692979
224,还款日当天支持手动还款吗,0.874227193287956
225,提前还款会影响个人征信吗,0.8742237098676411
226,关闭其他平台额度后，能否恢复好人贷额度,0.8742139738907492
227,存管账户如何注销,0.8741978689093489
228,好人贷申请能否撤销,0.8739163199940028
229,为何提示支付平台账户状态异常,0.8737079587430772
230,如何修改征信上的个人信息,0.873690921687082
231,为什么取消了提前部分还款,0.8736330566223625
232,优信客服电话是多少,0.8734072014752817
233,新网银行有哪些产品可以提额,0.8733389895373688
234,好人贷是否支持提前还当期账单,0.8732891951156746
235,是否可以取消自动扣款,0.8731946896370834
236,如何取消征信查询及使用授权书,0.8730870907786338
237,好人贷只能使用微信登录吗？,0.8730753381870978
238,新网二类户上的资金是否计息,0.8730607885011894
239,自助提额什么时候上线,0.8728213926819463
240,线上是否可开据征信版结清证明,0.8726238643546654
241,公众号是否有还款提示,0.8722821684115756
242,好人贷有回访电话吗,0.8721633106793459
243,好人贷额度他人能否使用,0.8720712453921043
244,新网二类户转入/转出有时间限制吗,0.8719800501021352
245,任性还款是什么,0.8718907549083177
246,手机号归属地与定位地不一致是否有影响,0.8718409221405914
247,好人贷借款金额与到账金额是否一致,0.8716228947293727
248,随心存提前支取到账时间,0.871541307430753
249,客服是否是随机分配,0.8714916655298216
250,好人贷额度必须一次性借完吗,0.871347892138951
251,五年定期存款支持提前支取吗,0.8712572137984175
252,新网银行合作平台有哪些,0.8712333514079202
253,好人贷-云闪付是什么,0.87114681481111
254,选择任性还款/按期还款利息如何计算,0.8709940542453045
255,好人贷是否支持归还逾期部分账单,0.870974879767512
256,好人贷额度是否会发生变化,0.8709466831278164
257,"好人贷有回访电话吗""",0.8709064400556369
258,新办的手机号可以申请好人贷吗,0.8707863593198648
259,申请好人贷后有没有回复,0.8706556076914748
260,好人贷部分提前还款规则,0.8706219142395343
261,合作平台如何还款,0.8705410363974991
262,如何查询合作平台贷款是否结清,0.8705399864232221
263,借款合同是否有展示提前还款会收取违约金的情况,0.8705389817073919
264,存款产品如何重置交易密码,0.8705117567599404
265,客服能否查看聊天记录,0.8704566870040853
266,我行对客邮箱是多少,0.870454078813781
267,新网银行好事贷如何申请,0.8704527873931364
268,额度占用问题,0.8704282046879781
269,新网二类户可以升级为一类户吗？,0.8703042345095131
270,查询车贷的注册手机号码是什么,0.8702648497050494
271,自动扣款时间段是多久,0.870254987190917
272,提前支取时为何显示存入,0.8700482777370233
273,征信上显示的贷款金额是否包含利息,0.8699982893882152
274,好人贷是否有临时额度,0.8699787334188793
275,额度冻结怎么办,0.86973464661237
276,好人贷额度是否循环使用,0.869690660742933
277,车贷如何修改注册手机号码,0.8696652659058356
278,如何修改实名认证手机号码,0.8696044923473879
279,页面为何提示“开户失败”、“账户存在异常操作/账户异常”,0.8695942836695442
280,新网银行以什么名义放款,0.8692404440208387
281,好人贷借款规则,0.8692035337910249
282,客户发送截图以及个人信息等,0.8691270292178686
283,电话客服是否可以受理结清证明,0.8691102984153521
284,随心存如何登录,0.8689868344302476
285,为何无法登录存管查询,0.8689706432902562
286,好人贷支持扣款的银行有哪些,0.868969815276512
287,新网银行有几个网点,0.8689667923835106
288,在线咨询是否支持客户发送语音,0.8687796823566595
289,随心存操作渠道有哪些,0.8686829887395392
290,新网银行存款类产品有哪些,0.8686791192030094
291,好人贷能否人工操作提额,0.868575934492194
292,可以让别人代还款吗？,0.8684999528183629
293,好人贷账户如何查询,0.8684787311409732
294,微信号更换成功后何时可以正常使用,0.868433281016042
295,如何注销新网注册用户,0.868388274390766
296,为什么收到提额短信但额度未提升,0.8683604992469597
297,新网银行的官网地址是什么,0.8683352291669776
298,京东存款为什么显示当日额度为什么已售罄？,0.8683319294875308
299,银行渠道维护时间一般是多久,0.8680276687426823
300,注销注册用户后是否可恢复？,0.8679402568204093
301,实名认证审核时间,0.8678990194541911
302,新网银行的活期利率是多少,0.867827514212823
303,京东存款的计息规则及计息公式,0.867719338898647
304,能否让客服回电,0.867710204370282
305,好人贷为何无法还款,0.8674166376952634
306,为何申请好人贷后显示未获取额度,0.8672885604690228
307,如何把注册用户与结算用户都注销,0.8672004363450609
308,开据证明时为何提示账户存在异常,0.8671542037941378
309,好人贷是否支持提前还款,0.8671189775560416
310,提额会有通知吗,0.8669769060859692
311,销户后可以再开户吗,0.866902341582764
312,如何修改新网随心存注册号码,0.8668250530612138
313,新网诺诺发票贷如何申请,0.8666912771114056
314,申请好人贷有区域或者号段等限制吗,0.8664208094434747
315,存款产品支取通用路径,0.8663922533585814
316,银行转账未到账怎么办,0.8661639994111798
317,新网银行有企业贷款吗？,0.8661240806947303
318,还款后为何未更新还款状态,0.86611924793612
319,是否会发生重复扣款情况,0.8656834616802209
320,好人贷如何主动还款,0.8656572663735441
321,为何无法提交好人贷申请资料,0.8654087725359044
322,审核电话可更改接听电话吗,0.8654060217441955
323,自动扣款如何操作,0.8654022060008405
324,注册手机号更换成功后何时可以正常使用,0.8651930946338614
325,接收短信的手机号是否为注册手机号,0.8650420851885935
326,如何注销新网二类户,0.8650367910398725
327,扣款失败的原因,0.8650008505646627
328,新网银行人工客服服务时间,0.8647455619847615
329,车贷可以修改还款日吗,0.8644896063341375
330,可以查询个人信息资料吗？,0.8644230104628952
331,为何同时收到了还款成功和失败的短信,0.864194553822561
332,随心存存入限额,0.8641340000242448
333,提前还款有次数限制吗,0.8640476343643416
334,注销账户的处理时间,0.8640334259674186
335,车贷合同为何无法查看,0.8639692875314715
336,好人贷以什么贷款类型上报人行征信？,0.8639003579246133
337,如何查看好人贷还款计划,0.8637976632637083
338,申请好人贷后，可否更改授信结果,0.8637193821768532
339,如何删除身份证信息,0.8635395468264507
340,目前支持的银行有哪些,0.8631565651294983
341,申请好人贷需要开个人账户吗？,0.8631469355245853
342,好人贷电话回访时间,0.8630363199287944
343,实名认证为什么不符,0.8625012164315302
344,车贷还款只扣除部分是什么原因,0.8624464038987274
345,为何提示还款存在差错,0.8623940844491861
346,密码被锁定怎么办,0.8623152077456127
347,在线客服是否是人工客服,0.8619246420207802
348,为何结清证明显示日期与平台不符,0.86184940035309
349,申请好人贷必须填写联系人信息吗,0.861748651275888
350,为何申请好人贷页面显示暂无资格,0.8615647320590994
351,白骑士认证失败是什么意思,0.8615633283984483
352,好人贷借款记录如何查询,0.8613706585096903
353,实际申请金额与放款金额不一致可否取消车贷,0.8613102109700868
354,如何进入好人贷页面,0.8612935495949732
355,如何查询征信报告,0.8612583367581021
356,好人贷的办理时间,0.8610586222416288
357,节假日可以操作各类存款吗,0.8610050410868282
358,关于消费凭证,0.8608373924980318
359,滴水贷客服电话是多少,0.8608135688495316
360,好人贷个人资料如何修改,0.8606390437643889
361,哪些渠道可以购买京东存款产品？,0.8604773633227873
362,好人贷放款至什么账户,0.8604735354169396
363,好人贷为什么无法借款,0.8603782116190386
364,申请好人贷是否都有额度,0.8602297487041968
365,好人贷如何实名认证,0.8602069932106152
366,借款后如何判定下次还款日期,0.8599701727521785
367,如何查询申请相关的协议书,0.8598806126903488
368,在哪个平台操作提现,0.8597733588008885
369,如何查询账户是否冻结,0.859681689419481
370,美团客服热线是多少,0.8594577776927022
371,好人贷还款记录如何查询,0.8592780174070123
372,好人贷申请成功会有短信通知吗,0.859136299469829
373,转账时为何提示未面核,0.8589358260188393
374,为何存管查询提示没有密码,0.8588933541177668
375,存款产品是否存满五年才能支取,0.8587502806160274
376,其他贷款怎么办理,0.8586138729780743
377,开据证明时为何需要实名认证,0.8583515902488358
378,未接到好人贷回访电话会被拒吗,0.8583037011455613
379,好人贷消费用途,0.8582767737141512
380,个人可以在新网开立几个账户,0.8582579728164667
381,好人贷贷款利息如何计算,0.8579548403093379
382,手机号无法使用为什么,0.8578809637107784
383,好人贷被拒后为何没有下次开放时间,0.8577237289098709
384,消费凭证有效期是多久,0.8576873097490607
385,实名认证失败的原因是什么,0.8576729198885069
386,好人贷支持周末借款吗？,0.8575006770871879
387,车辆信息如何查询,0.8573682847042636
388,半年得利提前支取影响已发放利息吗,0.8569703017902717
389,好人贷借款超时未到账如何处理,0.8568975889484903
390,好人贷为什么无法登录,0.8567621046983012
391,能否删除个人信息,0.8565580821239857
392,按期还款和任性还款的区别是什么,0.8565367153326267
393,可否补充企业邮箱,0.8564523592174166
394,为什么没有扣款,0.8561211135167296
395,还款日可以修改吗,0.8560993846945083
396,选择任何还款方式都可以提前还款吗,0.8559851223312975
397,随心存如何查看收益情况,0.8558716360154792
398,结清证明印章无法查看,0.8557688515192651
399,好人贷上征信吗,0.8557084918004632
400,还款记录如何查看,0.855689175121433
401,车贷合同里的金额是否包含利息,0.8555819813301172
402,存款页面是否会显示每日收益,0.8552779179608786
403,节假日可以借/还款吗,0.8551402004369708
404,好人贷如何提前还款,0.8549849184775175
405,如何查询还款日,0.8549352783632767
406,好人贷申请必须使用身份证原件吗,0.8548815189561232
407,好人贷如何自助提额,0.8548767485804454
408,如何查询车贷还款日,0.8546173833641104
409,好人贷可以重新申请吗,0.8543935918644483
410,开具结清证明时为何无法登录,0.8542542874790406
411,为何提示交易密码验证失败,0.8541658058812888
412,新网银行地址在哪里,0.8539210363864783
413,如何查询存管账户流水,0.8538405098041213
414,人脸识别失败怎么办,0.8538356285723275
415,登录时的图文验证码是否区分大小写,0.8537971224644466
416,存在迁户问题怎么处理,0.8537622784577934
417,诺诺发票贷的利率是多少,0.8537043130934744
418,能否人工开据贷款证明,0.8536788133978214
419,身份证信息变更后如何更新,0.8533514886729138
420,视频认证录制失败的原因是什么,0.8532637211097426
421,为什么提示用户不存在,0.8530938285881137
422,借款失败怎么办,0.8530155388371912
423,车贷如何办理解押手续,0.8528894391823428
424,客户咨询其他平台催收问题,0.8528527641782626
425,客户表示还款成功,0.8525431758998021
426,好人贷如何试算利息,0.8525282938415539
427,新网银行简介,0.8524149801442771
428,为何按期还款只能选择部分贷款期限,0.852361302865919
429,视频认证的步骤是什么,0.8523544236781446
430,什么是无卡支付及免密支付,0.852299576773142
431,提前还款手续费是多少,0.8522618173681502
432,存管查询为何提示用户不存在或者信息有误,0.8520576049624871
433,获取验证码次数超限怎么办,0.852025812471644
434,季得利提前支取影响已发放利息吗,0.8519234421354444
435,好人贷如何审核,0.8519138188792164
436,好人贷需要面签吗,0.8515816150088925
437,如何查询是否已申请好人贷,0.8515733498200678
438,贷款证明开据失败怎么办,0.8511558596579715
439,为什么拍照认证时总是不成功或显示系统崩溃,0.8510668909328432
440,如何降低/关闭额度,0.8510407084395556
441,如何操作随心存大额存款,0.8510117563832242
442,新网银行合作的存管平台有哪些,0.8509785214664305
443,好事贷如何还款,0.8508360763062361
444,手持身份证拍照的注意事项,0.8508058671249616
445,好人贷如何提高额度,0.8507907718053642
446,如何查询当期车贷还款金额,0.850736657293637
447,好人贷审核不通过对个人有什么影响,0.8507178430064871
448,好人贷借款合同有效期是多久,0.850696833632776
449,征信上报周期及更新时间,0.8504711341771244
450,好人贷还款后多久到账,0.8501912794096408
451,居住信息如何填写,0.8501766163933536
452,车贷还款记录如何查询,0.8498250723435792
453,好事贷收取哪些费用,0.8497533169590074
454,存管账户如何查询,0.8497489977520618
455,人工是否可操作扣款,0.8495548449896277
456,如何通过线下方式转入新网二类户,0.8495290725536011
457,如何登录微信公众号,0.8493741487250683
458,好人贷收取哪些费用,0.8493224065975541
459,好人贷审核电话是多少,0.8492755599542854
460,好人贷额度为什么变低了,0.8492054720108658
461,为何申请好人贷无结果,0.849142479453228
462,平台方提供的客户审批资料能否提供给客户,0.8491020126995532
463,申请好人贷后为何页面显示仍可提交申请,0.8489965453644115
464,什么是我的额度和可借额度,0.8487319452647093
465,好人贷有额度后如何进行贷款,0.8485949329598292
466,车贷如何提前还款,0.8484541201895183
467,客户催促需要加急办理,0.8484414138105272
468,可以重新注册吗,0.8484084442440989
469,逾期后还款金额是否会增加,0.8479641606944349
470,申请好人贷没有公司邮箱怎么办,0.8478183869566123
471,为何无法销户,0.8476681909388543
472,申请被拒怎么办,0.8475756732043624
473,为何人脸识别提示光线太足,0.8472189683386274
474,车贷平台如何查询,0.8469843247030058
475,有多少人获得好人贷额度,0.8469103974038383
476,如何选择按期还款/任性还款,0.8465073711325938
477,活体检测失败怎么办,0.8464751933046056
478,创客贷额度是多少,0.8463838586799257
479,各还款方式如何进行还款,0.846381299192883
480,怎样才能成功申请到额度,0.8463165535277849
481,关于客户个人信息安全问题,0.8462831924447172
482,如何查看好人贷相关协议/合同？,0.8460277451063869
483,存款产品的资金可以用于好人贷还款吗,0.8459417902529386
484,好人贷为什么额度低,0.8458727649015125
485,申请好人贷使用的邮箱是公司邮箱还是个人邮箱,0.8458428779927286
486,周得利提前支取如何计息,0.8457861217994572
487,好人贷申请需要填写哪些个人信息,0.8457563790285343
488,如何查看优惠券的使用情况,0.845742132178334
489,查询各类工单办理进度,0.845720887454796
490,审核电话内容是什么,0.8456406943535588
491,好人贷借款多久到账,0.8454314546882102
492,操作好人贷是否需要开启定位,0.8453834853329758
493,贷款证明的电子章是否具有法律效应,0.8451779571846358
494,好人贷贷款期限是多久,0.8451003549188308
495,随心存停售后有影响吗,0.844834868858469
496,车贷如何申请,0.844472574362417
497,好人贷定位如何开启,0.8444214209016555
498,好人贷还款方式有哪些,0.8441856397809573
499,贷款证明如何开据,0.843217337956517
500,一个身份证可以申请好人贷两次吗？,0.8430456874359414
501,如何查看开户结果,0.8429626452571406
502,如何录制活体检测,0.8421008341076317
503,额度冻结是什么意思？,0.8419886036835786
504,车贷如何还款？,0.841742048110968
505,随心存产品停售原因,0.8413914556969748
506,公众号页面的“我的排号”是什么意思,0.8410646730474783
507,申请诺诺发票贷需要什么条件,0.8410604682627602
508,随心存T+1是什么,0.8410426348974096
509,身份证上传失败怎么办,0.8408488237513242
510,如何退出微信公众号,0.8405014489142233
511,能否开具非恶意逾期证明,0.8404911957233113
512,定期存款是否有存单,0.8402138688207477
513,好人贷如何还款,0.8401899313595314
514,好人贷如何降低利率,0.840164052726527
515,批扣时间段是多久,0.840073874601671
516,如何查看贷款合同,0.8399597843560894
517,车贷收取哪些费用,0.8398931110835455
518,好人贷额度是多少,0.839792082002382
519,上传身份证时需填写的内容是什么,0.839662974381617
520,申请好人贷需要下载APP吗？,0.8396451852613599
521,好人贷当期能否最低还款,0.8385816543404865
522,合同为何无法打开,0.838356800370299
523,好人贷是邀请制吗,0.8381451252379449
524,工新借如何申请,0.8380443141949628
525,什么是分批次扣款,0.837920353489365
526,好人贷提额周期是多久,0.8377338144865584
527,申请好人贷工作信息如何填写,0.8372651809904884
528,随心存利率为何会发生变化,0.8372101756904649
529,征信报告是什么样的,0.8370128340719317
530,为何存管信息与平台显示不一致,0.8367359763813385
531,随心存到期后何时到账,0.8366315018691559
532,好人贷申请的渠道有哪些,0.8366036355556934
533,好人贷提前还款最低还多少,0.8365748619881999
534,可否对公还款,0.8363530385481258
535,客户表示知道了,0.8363506132946693
536,结清贷款后什么时候可以开据结清证明,0.8362297285480853
537,忘记密码怎么办,0.8362187062463441
538,开户失败原因,0.8361577392962262
539,为何提示系统异常,0.8361539560918325
540,好人贷利率为什么调高了,0.8359934546122695
541,如何获取线上核身链接,0.8357926706724701
542,五年定期存款是什么,0.8355374381398264
543,什么是注册号码？,0.8355067389801526
544,车贷合同如何查看,0.8352511951712284
545,客户表示没有问题了,0.8352214166966637
546,好人贷如何申请,0.8351961622771025
547,注册规则是什么,0.8347610519826555
548,存管提现到账时间是多久,0.8347211220847977
549,为什么点击拍照没有反应,0.834713932241623
550,定期存款操作的渠道有哪些,0.8345556034995637
551,如何注销公众号,0.8342581378008389
552,如何知晓已注销成功,0.8341237992669607
553,登录密码为何无法重置,0.8340415076706681
554,好人贷通过率多少,0.8340372269455618
555,公众号如何注册,0.8335888115240812
556,令牌无效是什么,0.8330443046202546
557,征信是什么,0.8330184171167859
558,查询结清证明申请是否已提交,0.8329445975820923
559,随心存存款期限有哪些,0.8328998352835137
560,如何开据存款证明,0.8326149936163552
561,存管查询的余额如何提现,0.8321301500306314
562,什么是单笔借据和多笔借据,0.8318926694097908
563,如何关注新网银行公众号,0.8318533895275241
564,为何图文验证码输入正确却提示错误,0.8314294241639936
565,开通什么业务,0.8313092053893576
566,下一次开放时间是什么意思,0.8312185186542954
567,好人贷支持随借随还吗,0.8307227684592338
568,页面为什么异常跳转,0.8303569823303137
569,结清证明会展示哪些信息,0.8303212367501162
570,密码如何修改,0.830278173965807
571,他人可以使用本人信息申请好人贷吗,0.8299303877797284
572,结清证明的发送方式有哪些,0.8297191636962313
573,好人贷额度有效期是多久,0.8297030882293135
574,系统繁忙是什么原因,0.8294368494672781
575,抵押类贷款如何办理,0.829380028382732
576,车贷申请多久可以放款,0.8289581724079771
577,存款产品是否保本保息,0.8281313670220087
578,开据证明为何显示没有符合要求的订单,0.827254049477171
579,什么平台的贷款,0.8270280865845798
580,月得利提前支取如何计息,0.8267892810203815
581,可否延期还款,0.8263924275894529
582,车贷逾期如何还款,0.8262954154134544
583,客户表示需要考虑,0.826089289624255
584,为何提示不具备开具资格,0.8258342996109206
585,输入身份证号码时，为何无法输入字母,0.8254969811008325
586,定期存款到期如何支取,0.8253493670441265
587,好人贷审核时间是多久,0.8249839938601474
588,按期还款是什么,0.8248958874073615
589,企业邮箱格式是什么,0.8248509057784231
590,工新借是什么,0.824464899116918
591,企业邮箱为何验证不了,0.8239893591195455
592,季得利的操作渠道有哪些,0.8231123374899866
593,好人贷与其他平台类似产品的区别是什么,0.8228406751016923
594,销户与否会产生什么影响,0.822182340087081
595,客户要求发送相关模板,0.8221612437960147
596,如何进入个人中心,0.8217101967091144
597,如何签署借款合同,0.8209437029339822
598,随心存利率是多少,0.8208139990514866
599,逾期造成的影响是什么,0.8208045992062889
600,页面为何无法打开,0.8205462312890202
601,逾期未还款如何处理,0.8203808908732572
602,新网有哪些产品,0.8198246404682132
603,如何开立存管账户,0.8196752704790821
604,五年定期存款的利率是多少,0.8193963411663998
605,好人贷利率为什么高,0.8192942670000691
606,房产保证金是什么,0.819017889952329
607,为何重置密码后仍提示密码错误,0.8188923564878781
608,身份证过期可以申请好人贷吗,0.8185129421537515
609,结清证明是否是还款记录证明,0.8184785626066683
610,车贷利息是多少,0.8183634658547698
611,如何办理对公业务,0.8166923512521854
612,定期存款的利率是多少,0.8166231764046423
613,人脸识别使用的是照片还是视频,0.8154997559829215
614,存管是什么,0.8154451507422688
615,为什么无法注册,0.8151878153164057
616,结清证明的印章是否可以用公章,0.8141301396923294
617,什么情况算违约,0.8134398538774521
618,咨询可以发送图片吗？,0.8129932039697185
619,退汇是什么意思,0.8127033744998104
620,罚息能否减免,0.8122517881384519
621,好人贷月利率是多少,0.8122385271152861
622,存款利率是多少,0.8116642957921798
623,结清证明开据时间是多久,0.8109779470453388
624,客户表示不满,0.8109757132706218
625,企业邮箱填写错误怎么办,0.8105586046443407
626,可以咨询吗,0.8103971357915459
627,美利车联系电话,0.8103931837740291
628,季得利是什么,0.8101056206987001
629,好人贷是什么,0.8099987702155288
630,申请好人贷需要哪些资料,0.809681017986747
631,企业邮箱验证码可否重新获取,0.8077958829522975
632,客户表示有合作意向,0.807255721365872
633,周得利计息规则,0.8070998925238801
634,什么是风控审核中,0.8070974203569948
635,好人贷利率是多少,0.8066005633521229
636,什么情况算逾期,0.8057305553690595
637,随心存如何计息,0.8055115913291444
638,申请创客贷需要什么条件,0.8047387579802704
639,为何提示缺少必要参数,0.8045303524265466
640,客户表示稍等,0.8044349865815217
641,什么是一、二、三类户,0.8030162748085723
642,季得利如何计息,0.8023153613571182
643,季得利如何支取,0.8009045742401562
644,优惠券如何使用,0.8000875068360791
645,客户提到投诉,0.8000396326661896
646,申请好人贷需要什么条件,0.7998376663313291
647,人脸拍摄规范,0.7966776592158353
648,开户是什么意思,0.7957059047375955
649,验证码发送至什么手机号,0.7949610673609407
650,罚息介绍,0.7931568384360548
651,什么是登录密码,0.7930301423828118
652,如何获得优惠券,0.7923422469329432
653,什么是当期账单,0.7918177792479536
654,迁户是什么意思,0.7914979432183702
655,随心存是什么,0.7902395016864139
656,什么是还款日,0.7836014378020036
657,好人贷年化利率是多少,0.7834277667671495
658,申请好人贷需要公积金、社保吗？,0.781144701985771
659,客户称赞服务好,0.7744999721688027
660,经侦是指什么,0.771968735177119
661,什么是活体检测,0.7708286821373773
662,客户提出建议,0.7648636398565322
663,什么是综合评估,0.7639423040264449
664,为何提示该证件已被使用,0.7535880251616657
665,核身链接失效的原因,0.7208264969009601
666,手机获取验证码失败,0.7105207759901174
