0,绑定银行卡，显示信息错误,1.0
1,绑定银行卡失败,0.9548681002787686
2,为何提示支付平台持卡人信息有误,0.9280599518800371
3,为何之前绑定的银行卡不支持扣款了,0.918360815236058
4,进入随心存为何提示手机号码不一致,0.9130437843849614
5,为何提示支付平台账户余额不足,0.9127599689117726
6,为何提示交易密码验证失败,0.9116540116769389
7,绑卡时页面上的银行卡预留手机号码可以修改吗,0.9039949224766429
8,为何提示还款卡不存在,0.9039770628162088
9,交易密码无法设置,0.9017479474335217
10,购买存款页面为何提示“额度不足，无法购买”,0.9009677227341663
11,为何提示支付平台账户状态异常,0.9006802545905335
12,为何图文验证码输入正确却提示错误,0.9002217611138889
13,为何提示用户未实名认证,0.9000872842592105
14,为何提示支付平台其他错误,0.8971399050991901
15,修改手机号码/微信号是否会影响自动扣款,0.896493022212128
16,如何绑定银行卡,0.8964583517764232
17,为何提示支付平台银行卡未开通银联无卡认证支付,0.8954430492635418
18,页面为何提示“开户失败”、“账户存在异常操作/账户异常”,0.8949363236017983
19,为何提示支付平台渠道不支持的银行,0.8937198939653663
20,新网账户绑定微信/支付宝后支持提现或充值吗,0.8932140382515138
21,为何提示支付平台支取金额超过可用余额,0.8922595065597605
22,更换银行卡会影响自动扣款吗,0.8913189527626855
23,线下转账如何填写新网银行开户信息,0.8913122583430303
24,扣款结果会有短信提示吗,0.8910323962124802
25,微信/支付宝等可否与新网银行账户互相绑定,0.8905243597053013
26,为何提示支付平台交易金额超限,0.8902531488045607
27,更改银行卡预留手机号的方法,0.8896882521416483
28,为何提示还款存在差错,0.8892634767551765
29,新网银行账户的交易记录如何查看,0.8880374207963895
30,绑定银行卡产生费用吗,0.8877029898712878
31,为何存管查询提示没有密码,0.8876250145980025
32,自动扣款失败怎么办,0.8863983520474273
33,为何提示支付平台暂不支持的银行或限额,0.8856337037337472
34,为何提示支付平台该客户无默认扣款卡，交易没有发给统一支付,0.8852507089099342
35,还款后页面显示等待中,0.8847114825082757
36,修改手机号后是否需要重置登录密码,0.8843829072275866
37,为何提示支付平台当日交易次数超限,0.8842539126792277
38,系统升级会影响扣款吗,0.8840991642661057
39,如何解绑银行卡,0.8832353536462607
40,银行渠道维护无法操作怎么办,0.8832229800428889
41,转账到新网银行账户是否还款成功,0.8825129519743493
42,好人贷为什么提示“账户存在异常操作”,0.8822990596848055
43,为何存管信息与平台显示不一致,0.8819540464691096
44,存管密码被锁定怎么办,0.8806608942770907
45,如何修改实名认证手机号码,0.8805751886624599
46,好人卡绑定云闪付/微信等失败怎么办,0.8804733609918125
47,优信扣款成功后为何显示待还款,0.880410219183993
48,为何提示支付平台签约关系不存在,0.8803184896725409
49,开据证明时为何提示账户存在异常,0.8802566306213776
50,手机号无法使用为什么,0.8799142971800401
51,新网银行发送的短信验证码的有效时长？,0.8796520618499212
52,如何查询转账到新网银行的记录,0.8795359187918784
53,通过本人微信找回密码是指什么,0.8791469455176929
54,如何设置存管支付密码,0.8791076947308101
55,新网银行人工客服电话打不通,0.8790961128597636
56,如何换绑银行卡,0.8789075507243528
57,银行卡挂失会影响自动扣款吗,0.8779922360835379
58,为什么拍照认证时总是不成功或显示系统崩溃,0.8779897719798437
59,密码被锁定怎么办,0.8779443024763942
60,存管查询为何提示用户不存在或者信息有误,0.8776652633889414
61,为何收到新网银行还款短信,0.877600709283552
62,如何修改存管账户预留手机号码,0.877571010005985
63,如何冻结新网银行账户,0.8772079709385442
64,借款到账后页面未更新借款状态,0.8771213856883435
65,销户后为何还能解绑银行卡,0.8769737353485763
66,好人贷注册手机号与银行卡预留手机号是否需要一致？,0.8762566624142615
67,为何提示支付平台不允许持卡人进行的交易,0.8754055271136637
68,登录时的图文验证码是否区分大小写,0.8753116964703582
69,存款产品如何修改手机号,0.8752894380788143
70,支持绑定的银行卡类型有哪些,0.8748058432513556
71,为何无法登录存管查询,0.8745138110461784
72,如何更改其他平台的注册手机号码,0.8741451983334554
73,为何提示支付平台受发卡行资金用途限制拒绝交易,0.8741254439769566
74,银行卡开通银联在线支付后是否可正常还款,0.8740105377752351
75,还款银行卡是否需要开通银联在线支付业务,0.8739305769629464
76,为何收到新网银行逾期提醒短信,0.8736109951931226
77,银行转账未到账怎么办,0.8736016212510891
78,京东存款如何修改注册手机号码,0.8733743565217489
79,为什么收到提额短信但额度未提升,0.8727120233436815
80,平台还款信息为何与新网银行不一致,0.8726814405130232
81,为何页面出现多个新网银行账户,0.8722201874990984
82,为何提示系统异常,0.8721239167667095
83,可以通过他人银行卡转入到新网银行账户吗,0.8720432707787472
84,为何好人贷还款时提示“交易处理中”,0.8717395565874703
85,为何申请好人贷页面显示暂无资格,0.871194740283983
86,如何查询是否开通银联在线支付,0.8709132882353501
87,如何查看银行卡管理列表,0.8706896186001539
88,还款金额超银行卡限额怎么办,0.8706604241143578
89,如何查看手机号是否实名制,0.8706581246336457
90,借款成功会有短信等提醒吗,0.8706157467557945
91,客服能否查看聊天记录,0.870367674079214
92,为何重置密码后仍提示密码错误,0.8702606574336076
93,什么是银行卡预留手机号？,0.8700106788224925
94,登录密码为何无法重置,0.8697758456789069
95,为何申请好人贷后显示未获取额度,0.8697511208601603
96,转入新网银行使用的密码是交易密码还是银行卡密码,0.8692123032835848
97,好人贷注册手机号无法使用,0.8688217551470707
98,新网银行能否绑定云闪付,0.8687184844811437
99,注册手机号及微信号需要实名制吗,0.8682735050760196
100,申请好人贷后为何页面显示仍可提交申请,0.8682046788134969
101,获取验证码次数超限怎么办,0.8681722735075592
102,为何提示支付平台发卡行拒绝,0.8680860450880987
103,如何更换好人贷默认还款账户,0.8669580271235315
104,如何查询其他平台扣款银行卡,0.8668220525530158
105,如何删除身份证信息,0.866381140694149
106,好人贷账户如何更换手机号码,0.8662713287971638
107,可绑定银行卡数量上限,0.8661371713192665
108,好人贷能否绑定他人银行卡,0.8658556283842703
109,为何无法提交好人贷申请资料,0.865674205644829
110,转账到新网银行如何操作,0.8656104793587811
111,为何同时收到了还款成功和失败的短信,0.8655721947895046
112,忘记密码怎么办,0.8653835630622789
113,为何结清证明显示日期与平台不符,0.8653181587439517
114,如何查询新网账户,0.8651971439852963
115,人脸识别失败怎么办,0.8650843829563173
116,车贷能否绑定他人银行卡,0.8649059318565219
117,还款后为何未更新还款状态,0.86473312738146
118,非绑定银行卡可否与新网二类户转账,0.8645779810405035
119,随心存如何修改交易密码,0.8640784717958905
120,银联在线支付如何开通,0.8639931005420366
121,是否需要使用本人手机操作好人贷,0.8636408245767374
122,好人贷借款金额与到账金额是否一致,0.8631463306380271
123,身份证上传失败怎么办,0.8626020360230482
124,如何查询账户是否冻结,0.8623856349527913
125,如何增加银行卡,0.8622940874876214
126,公众号是否有还款提示,0.8618956950798551
127,注册手机号更换成功后何时可以正常使用,0.8617928052276609
128,实名认证失败的原因是什么,0.8614782685355915
129,为何还款后额度恢复减少了,0.8613260192070928
130,身份证信息变更后如何更新,0.8612043475314798
131,好人贷申请身份证可否添加水印,0.8607500908034522
132,转账时为何提示未面核,0.8603952130282595
133,好人贷交易密码如何设置,0.8601426139341525
134,怎样用其他手机登录好人贷,0.8598475858425015
135,收款卡发卡行拒绝放款失败什么意思？,0.8593886660942004
136,存管账户充值限额,0.8591736265036068
137,输入身份证号码时，为何无法输入字母,0.8590731128429301
138,好人贷手动还款时为何提示批次执行中,0.8589628255136895
139,借款时选错收款账户怎么办？,0.8585752198705133
140,如何更换借款收款银行卡,0.8583053481721203
141,存款产品如何重置交易密码,0.8580991469458278
142,新网银行自动扣款时间,0.8580244432122779
143,新网银行视频认证的QQ号码是多少,0.8579477602680498
144,新网银行如何联系客户,0.8579182531144575
145,好人贷为什么无法登录,0.8578597404341561
146,新网银行公众号如何取消关注,0.8577910500595205
147,名下所有卡被冻结后如何还款,0.8575176079507023
148,京东存款为什么显示当日额度为什么已售罄？,0.8573983726964396
149,如何更换微信号,0.8569817780248757
150,实名认证为什么不符,0.8568485189255188
151,新网银行存款产品为何暂停交易,0.8563416210330604
152,开具结清证明时为何无法登录,0.8562575324300765
153,新网账户之间能否互相转账,0.8561912264860128
154,线上转入新网银行账户到账时间是多久,0.8561788434118164
155,如何修改征信上的个人信息,0.8559715916832755
156,新网银行账户可以设置为好人贷借/还款账户吗,0.8559278119654665
157,实名认证是否查询征信,0.8557982416110136
158,如何查看开户结果,0.855660638807574
159,为什么点击拍照没有反应,0.8552722166763373
160,视频认证录制失败的原因是什么,0.8551553610196787
161,新网银行扣款通道是什么,0.855038854475443
162,新网银行二类户与好人贷是否为同一个手机号码,0.8549648503385636
163,接收短信的手机号是否为注册手机号,0.8547357797914635
164,白骑士认证失败是什么意思,0.8546581084037504
165,申请好人贷必须填写联系人信息吗,0.8541988474495286
166,为什么提示用户不存在,0.8540822921755247
167,可以查询个人信息资料吗？,0.8538030806188813
168,如何解约快捷支付？,0.8534205941455054
169,为何无法申请好人贷,0.85315003345643
170,为何人脸识别提示光线太足,0.8531415257353466
171,为何征信上的放款日期与实际借款日期不一致,0.853131742325397
172,新网银行开户支持的证件有哪些,0.8530857674764493
173,如何查看随心存购买情况,0.852902967777881
174,如何登录微信公众号,0.85245035711393
175,申请好人贷后，可否更改授信结果,0.8524115638139447
176,好人贷借款后能否修改贷款信息,0.8523716279202904
177,存管账户如何注销,0.851950390621011
178,如何查询好人贷申请的授信结果,0.8516555294544429
179,新网银行账户是什么,0.8515431206237937
180,好人贷只能通过绑定的银行卡还款吗,0.8512817721829248
181,客服能否看到客户申请好人贷的信息,0.851213708772975
182,客户发送截图以及个人信息等,0.8510702999304165
183,平台方手机号变更导致我行无法直接开据结清证明问题,0.8509555973976246
184,贷款结清之后能否删除贷款记录,0.8506395339671591
185,手机号归属地与定位地不一致是否有影响,0.8506294143314709
186,自动扣款如何操作,0.8501855817485396
187,车贷如何修改注册手机号码,0.8501599926417812
188,如何确保还款日当天会扣款成功,0.8500825010476127
189,好人贷申请是否可以使用临时身份证,0.850027443348516
190,好人贷必须绑定银行卡使用吗,0.850022766839233
191,好人贷个人资料如何修改,0.8495400744592966
192,新网银行账户可以在哪些地方使用,0.8494371005398514
193,银联在线支付是什么,0.8493320433649695
194,线上开据证明为何和征信金额不符,0.8492049518784203
195,为何销户后还能看到好人贷信息,0.8491008430141459
196,微信号更换成功后何时可以正常使用,0.8489688009811279
197,能否删除个人信息,0.8489681445862178
198,联系新网银行客服有哪几种方式,0.8485019623828978
199,无法提供消费凭证可以取消贷款吗,0.8484729755936278
200,使用优惠券后提前还款利息如何计算,0.848367368245651
201,可以查询注册手机号码吗,0.8478110200728723
202,如何退出微信公众号,0.8472580756846667
203,是否可以取消自动扣款,0.8471235697223223
204,额度冻结怎么办,0.8470190057815944
205,如何查看优惠券的使用情况,0.8468264823860036
206,提前支取时为何显示存入,0.8463657081079251
207,好人贷如何查看所支持的还款方式,0.8462773573941627
208,车贷如何解绑银行卡,0.8462725882847049
209,还款日当天是否自动扣款,0.8460136001625461
210,还款记录如何查看,0.8458750257522092
211,实际申请金额与放款金额不一致可否取消车贷,0.8456500936874232
212,注销注册用户后是否可恢复？,0.845626891713493
213,为什么收到美利车金融的短信,0.8454381375171933
214,如何查看委托支付协议,0.8451759383021877
215,如何购买新网银行存款产品,0.8445557581210978
216,为何提示缺少必要参数,0.8445036057393372
217,修改手机号码的处理时间是多久,0.8442249895286323
218,如何办理好人卡？,0.8437457037710413
219,为什么好人贷第一期还款金额与之后不一致,0.8436881935126255
220,车贷合同为何无法查看,0.8435604403451867
221,关闭其他平台额度后，能否恢复好人贷额度,0.8434482366618018
222,好人贷扣款账户如何查看,0.8433140823221438
223,页面为何无法打开,0.843073557845809
224,结清贷款后征信上是否会显示结清,0.843032469837171
225,合作平台如何取消贷款,0.8430126394041776
226,在线咨询是否支持客户发送语音,0.8428195604486118
227,好人贷账户如何注销,0.842778650409949
228,如何邀请好友申请好人贷,0.8426903703130946
229,如何查询申请相关的协议书,0.8423443311647232
230,他行渠道汇入新网账户的到账时间是多久,0.841911615921488
231,银行卡是二类户影响扣款吗,0.8418315252019338
232,新网银行自动扣款次数,0.8416879641751251
233,开据证明时为何需要实名认证,0.8416654378029885
234,实名认证审核时间,0.8416336287063605
235,扣款失败的原因,0.8414506985697416
236,好人贷为何无法还款,0.8412821864068496
237,存管账户如何查询,0.841218487036036
238,好人贷账户如何挂失,0.8411964337596533
239,页面为什么异常跳转,0.8409357489308035
240,好人贷-云闪付如何更换收/还款银行卡,0.8407810226493517
241,随心存如何登录,0.8406340208206142
242,为什么提前还款显示联合贷批次执行中？,0.8403973610304387
243,如何修改新网随心存注册号码,0.8402624973098027
244,密码如何修改,0.8401935467190748
245,是否会发生重复扣款情况,0.840166689625755
246,再次申请好人贷会查询征信吗,0.8400783014290089
247,借款失败怎么办,0.8400404715838983
248,存款需要先开立银行账户吗,0.83965650652878
249,新网银行人工客服电话是多少,0.8389845130700536
250,上传身份证时需填写的内容是什么,0.8388008392335188
251,好人贷只能使用微信登录吗？,0.8387795640822462
252,合同为何无法打开,0.8386073408894267
253,如何在新网银行开户,0.8384043897545626
254,新网银行有实体卡片吗,0.8381371687252006
255,关于客户个人信息安全问题,0.8380310154303566
256,好人贷借款超时未到账如何处理,0.8380309392914025
257,如何查询存管账户流水,0.838027983322528
258,为何征信上有新网银行的贷款审批记录,0.8380161248738935
259,额度占用问题,0.8378326721897882
260,新网银行二类户如何转入/转出,0.837630285318351
261,当期账单支持再分期吗,0.8373963280091312
262,如何查询是否已申请好人贷,0.8373685021729164
263,存款页面是否会显示每日收益,0.8372460389975545
264,好人贷账户如何查询,0.8369983089576397
265,新网银行存款是否受保障,0.8366207086488198
266,银行卡还款限额是多少,0.8365240004626272
267,活体检测失败怎么办,0.8363695131306967
268,好人贷自动扣款规则,0.8363088356370104
269,随心存如何查看收益情况,0.8363049415199819
270,新网二类户为何无法转入/转出,0.8360844266810512
271,好人贷申请成功会有短信通知吗,0.8356378664174926
272,新网银行业务办理时间,0.8353734555300394
273,电脑端可以登录好人贷吗,0.8353042768279251
274,贷款证明开据失败怎么办,0.8350892472296993
275,还款日当天支持手动还款吗,0.8350793582094325
276,征信上显示的贷款金额是否包含利息,0.834362042576804
277,新网银行行号是多少,0.834322999810221
278,如何取消征信查询及使用授权书,0.8342721576471067
279,车辆信息如何查询,0.8341476496695613
280,为什么取消了提前部分还款,0.8338908130880524
281,京东存款是否支持提前支取/提前部分支取？,0.8338752551262623
282,好人贷如何实名认证,0.8337594802824391
283,结清证明印章无法查看,0.8337370087756448
284,好人贷申请需要填写哪些个人信息,0.833375156080253
285,未接到好人贷回访电话会被拒吗,0.8332431139575132
286,新网银行有信用卡吗,0.8331967642930254
287,为什么银行还款存在限额？,0.8331285622717729
288,好人贷支持微信/支付宝扣款吗,0.8331230042240526
289,新网银行APP下载,0.8330195963212391
290,银行渠道维护是指什么,0.8325693408634837
291,优信客服电话是多少,0.8324980334193276
292,客户表示还款成功,0.8321729268934503
293,好人贷为什么无法借款,0.8321723345024419
294,好人贷审核时是否给填写的联系人去电,0.8319937716012304
295,如何进入好人贷页面,0.8319693391207922
296,可否取消银行卡限额,0.8319578642796477
297,好人贷是否支持提前还当期账单,0.8316594404930039
298,好人贷额度是否会发生变化,0.8315709427997144
299,申请好人贷后有没有回复,0.8315501704181633
300,申请好人贷工作信息如何填写,0.8315105202471065
301,好人贷账户是否为新网银行二类户？,0.8314483545645821
302,为何申请好人贷无结果,0.8313731447171355
303,车贷如何更换还款银行卡,0.8313113776421692
304,如何查询还款日,0.8311949796915908
305,获取额度后多久可发起借款,0.8310803865032679
306,好人贷申请是否查询芝麻信用,0.8308322321279427
307,如何查询合作平台贷款是否结清,0.830806253218577
308,为何提示不具备开具资格,0.8305059362491802
309,如何查询好人贷借据收款银行卡,0.830454029639617
310,查询车贷的注册手机号码是什么,0.8302834021720645
311,居住信息如何填写,0.829969649883202
312,随心存支持提前支取吗,0.8296880195880982
313,如何查询当期车贷还款金额,0.8295192971020889
314,如何查询征信报告,0.829096246430677
315,新办的手机号可以申请好人贷吗,0.8288397334810805
316,如何进入个人中心,0.8287456296449479
317,好人贷授信首页显示利率是否为固定利率,0.8287039746327158
318,电话客服是否可以受理结清证明,0.828047941106486
319,如何查看好人贷还款计划,0.8279495952476728
320,好人贷还款后额度何时恢复,0.827832416751601
321,身份证更换期间会影响好人贷贷款吗,0.827675427149543
322,好人贷借款记录如何查询,0.8274129023136055
323,为什么无法注册,0.827319146369082
324,存管查询的余额如何提现,0.8270717452979421
325,好人贷申请能否撤销,0.8270611433749336
326,随心存操作渠道有哪些,0.8268965954819858
327,平台方提供的客户审批资料能否提供给客户,0.8267295331231894
328,为什么没有扣款,0.826678883617486
329,随心存可以在我行公众号查询/操作吗,0.8264865812120977
330,挖财还款是否为新网银行代扣,0.8263057951653776
331,好人贷申请是否支持人工受理,0.8261882111245599
332,好人贷还款记录如何查询,0.8261422397998645
333,如何知晓已注销成功,0.8260817778321536
334,借款后如何判定下次还款日期,0.8260640608023985
335,如何注销新网注册用户,0.8259268341227413
336,为何征信上有新网上报的贷款记录,0.8258492898380637
337,为何征信上有新网银行上报的逾期,0.8257391863648004
338,哪些渠道可以购买京东存款产品？,0.8256339296537203
339,提前结清贷款后还会扣款吗,0.8255065827757091
340,新网银行合作平台有哪些,0.8254938687655136
341,好人贷是否支持归还逾期部分账单,0.825416290113287
342,视频认证的步骤是什么,0.8252706574045746
343,手持身份证拍照的注意事项,0.8252041808627655
344,企业邮箱为何验证不了,0.8249396959481474
345,新网银行二类户限额是多少,0.8248653081267008
346,申请好人贷需要开个人账户吗？,0.824815607571248
347,好人贷申请必须使用身份证原件吗,0.8247586001628895
348,新网银行有哪些产品可以提额,0.824758536749768
349,消费凭证有效期是多久,0.824549193161591
350,好人贷借款时还会审核吗,0.8244229262548788
351,新网银行存款类产品有哪些,0.8243357344063575
352,如何激活新网二类户,0.8242718030111092
353,合作平台如何还款,0.8240690531249026
354,新网银行有哪些活动,0.8239449200062408
355,可否按照征信订单号开据证明,0.8238316624563228
356,提前还款会影响个人征信吗,0.8233360813953601
357,借款合同是否有展示提前还款会收取违约金的情况,0.8233186011094511
358,未正常还款我行会进行催收吗,0.8230158786533487
359,客户咨询其他平台催收问题,0.8227288582508148
360,车贷扣款支持的银行卡有哪些,0.8224186258137531
361,线上开据证明有次数限制吗,0.8223328956248708
362,可以重新注册吗,0.8221621996247531
363,好人贷-云闪付如何提前还款,0.8212958147220952
364,如何查看好人贷相关协议/合同？,0.8211709878025065
365,存在迁户问题怎么处理,0.8209452440000103
366,自动扣款时间段是多久,0.8206809982780082
367,在哪个平台操作提现,0.8203326953373736
368,好人贷借款如何上报征信,0.820297888274499
369,能否让客服回电,0.8202011408763491
370,银行渠道维护时间一般是多久,0.8200177727641912
371,查询结清证明申请是否已提交,0.8200119760767676
372,新网银行存款属于理财产品吗,0.8198463023917254
373,存款产品支取通用路径,0.8197070653721403
374,58车金融客服电话是多少,0.8194447686570172
375,选择任性还款/按期还款利息如何计算,0.8193495914497729
376,审核电话可更改接听电话吗,0.8191341198080284
377,新网银行的官网地址是什么,0.818897781471696
378,开户失败原因,0.8188893558456588
379,好人贷被拒后为何没有下次开放时间,0.8188893059404745
380,好人贷能否人工操作提额,0.8188068106582429
381,新网银行以何名义查询征信,0.8184479569919995
382,新网银行人工客服服务时间,0.8177969291583285
383,好人贷额度他人能否使用,0.8176794768665583
384,申请好人贷使用的邮箱是公司邮箱还是个人邮箱,0.8176334327051378
385,好人贷审核不通过对个人有什么影响,0.8175255935237398
386,企业邮箱填写错误怎么办,0.817345564910539
387,企业邮箱验证码可否重新获取,0.8172715298985206
388,新网银行以什么名义放款,0.8171710812183135
389,黑户/白户是否可以申请好人贷,0.8170651051217337
390,如何查看贷款合同,0.8169455081320383
391,拨打我行人工客服电话是否收费,0.8167147116396376
392,好人贷是否支持提前还款,0.8164478135824654
393,申请好人贷没有公司邮箱怎么办,0.8163119571892945
394,如何注销公众号,0.8161316730091944
395,怎样才能成功申请到额度,0.8161310917815865
396,查询各类工单办理进度,0.8160043355713633
397,新网银行好事贷如何申请,0.8159550154279618
398,逾期后还款金额是否会增加,0.8159083587126965
399,好人贷支持随时借款吗,0.8156925371093559
400,选择任何还款方式都可以提前还款吗,0.815585162172732
401,提前还款有次数限制吗,0.815499898865975
402,京东存款的计息规则及计息公式,0.8154525886252721
403,注销账户的处理时间,0.815388514082896
404,目前支持的银行有哪些,0.8151543519702183
405,车贷还款记录如何查询,0.8151511591980745
406,什么是注册号码？,0.8149852513889454
407,好人贷部分提前还款规则,0.8146371529241023
408,好人贷如何主动还款,0.8146236592794647
409,补扣会影响信用吗,0.8145082272680982
410,客户催促需要加急办理,0.8144520824208644
411,如何把注册用户与结算用户都注销,0.814342082607383
412,公众号页面的“我的排号”是什么意思,0.8141792936408855
413,如何关注新网银行公众号,0.8141764735294381
414,新网银行是否上市,0.8140616476355113
415,好人贷支持在国外发起借款吗,0.8139194224938789
416,车贷还款只扣除部分是什么原因,0.813787788671671
417,在线客服是否是人工客服,0.8137558657174833
418,如何降低/关闭额度,0.8136359486885691
419,开据证明为何显示没有符合要求的订单,0.8136314373198583
420,好人贷如何自助提额,0.813124218650342
421,好人贷提额会查询征信吗,0.8131031239236182
422,系统繁忙是什么原因,0.8130447149224966
423,新网银行三类户是什么,0.8129828745307398
424,我行放款的其他平台借款会上报征信吗,0.8129350892253311
425,关于消费凭证,0.8128927173700248
426,新网二类户转入/转出收取手续费吗,0.8128252170864847
427,为何无法销户,0.812656356284536
428,节假日可以操作各类存款吗,0.8126094735530115
429,好人贷额度是否循环使用,0.8125620271583488
430,客服是否是随机分配,0.8125290819025311
431,新网银行地址在哪里,0.8125087805118129
432,申请被拒怎么办,0.8122885411944504
433,可否补充企业邮箱,0.8121819197839948
434,美团客服热线是多少,0.8119877359401437
435,随心存提前支取到账时间,0.8119084099355147
436,申请好人贷有区域或者号段等限制吗,0.811895082227497
437,公众号如何注册,0.8117149279009178
438,如何开立存管账户,0.8114964231370739
439,好人贷额度为什么变低了,0.8113780019366696
440,好人贷是否有临时额度,0.8112753558183443
441,五年定期存款支持提前支取吗,0.8111719308543849
442,销户后是否上征信,0.8111451343694527
443,他人可以使用本人信息申请好人贷吗,0.8110908167368789
444,车贷支持手动还款吗,0.8106356604522865
445,如何获取线上核身链接,0.8105773056307278
446,还款日可以修改吗,0.81048425572698
447,其他贷款怎么办理,0.8103188410891968
448,好人贷不借款会产生利息或费用吗,0.8098654863719381
449,如何注销新网二类户,0.8098254437934915
450,好人贷电话回访时间,0.8097102836936126
451,"好人贷有回访电话吗""",0.8095883860877616
452,为何按期还款只能选择部分贷款期限,0.8095306560824023
453,如何查询车贷还款日,0.8094548731759464
454,好人贷额度必须一次性借完吗,0.809353878919019
455,好人贷支持扣款的银行有哪些,0.8092376116553238
456,新网诺诺发票贷如何申请,0.8088821297335981
457,新网银行有招聘吗,0.8087298921480163
458,提前支取有限制吗,0.8084800651284935
459,什么是登录密码,0.8084605962771925
460,结清证明会展示哪些信息,0.8084241546292229
461,好人贷可以重新申请吗,0.808309324458374
462,好人贷借款规则,0.8081870796694672
463,额度冻结是什么意思？,0.8077007840220422
464,征信上报周期及更新时间,0.8076775907681228
465,贷款证明的电子章是否具有法律效应,0.8076570983755469
466,验证码发送至什么手机号,0.8076452434056779
467,滴水贷客服电话是多少,0.8073664419836535
468,客户要求发送相关模板,0.8069313166457978
469,什么是无卡支付及免密支付,0.8064974824342077
470,销户后可以再开户吗,0.8058442729896638
471,好人贷-云闪付是什么,0.8057909991135134
472,好人贷有回访电话吗,0.8054652294964015
473,自助提额什么时候上线,0.8053616951304499
474,申请好人贷是否都有额度,0.80516436847026
475,如何选择按期还款/任性还款,0.8049856986013875
476,新网二类户上的资金是否计息,0.8048605128140864
477,操作好人贷是否需要开启定位,0.8047958202761363
478,有额度不使用有什么影响吗,0.8045307730076444
479,新网二类户转入/转出有时间限制吗,0.8045249613549526
480,我行对客邮箱是多少,0.8038220520947149
481,线上是否可开据征信版结清证明,0.8034557897094049
482,新网银行合作的存管平台有哪些,0.8031458099678709
483,贷款证明如何开据,0.8030060193125972
484,存款产品是否存满五年才能支取,0.8029218723967563
485,好人贷放款至什么账户,0.8028789366646025
486,个人可以在新网开立几个账户,0.8028383162963669
487,如何通过线下方式转入新网二类户,0.8025685424293395
488,审核电话内容是什么,0.8024524311000321
489,存管提现到账时间是多久,0.8024147315283036
490,逾期未还款如何处理,0.8023492222024755
491,提额会有通知吗,0.8016637752344807
492,好人贷如何提前还款,0.8014861688035211
493,能否开具非恶意逾期证明,0.8014375651955731
494,好人贷为什么额度低,0.8014175204899449
495,存款产品的资金可以用于好人贷还款吗,0.8013619402108566
496,车贷如何办理解押手续,0.8011776924348158
497,新网银行简介,0.8007056290330566
498,能否人工开据贷款证明,0.8006330468826154
499,车贷合同里的金额是否包含利息,0.8001482804244161
500,新网银行有企业贷款吗？,0.8000359628714034
501,我们是四川新网银行吗,0.7991487390535157
502,好人贷贷款利息如何计算,0.7990767542690375
503,好人贷如何审核,0.7989754399332194
504,如何操作随心存大额存款,0.798868520496018
505,好人贷如何提高额度,0.7986552449576156
506,客户表示没有问题了,0.7986020222895448
507,好人贷的办理时间,0.7985590998021361
508,车贷可以修改还款日吗,0.7982802960242051
509,申请好人贷需要下载APP吗？,0.7982646198026431
510,什么是我的额度和可借额度,0.7982204953148666
511,任性还款是什么,0.7976598226188263
512,好人贷以什么贷款类型上报人行征信？,0.7975765843332557
513,好人贷还款后多久到账,0.797364151047118
514,令牌无效是什么,0.7972995283016509
515,随心存存入限额,0.7971534359104749
516,好人贷借款合同有效期是多久,0.7968590215339006
517,结清证明是否是还款记录证明,0.7967405723041561
518,好人贷有额度后如何进行贷款,0.7962944070301093
519,按期还款和任性还款的区别是什么,0.7961569788747259
520,结清证明的发送方式有哪些,0.7961235116093172
521,定期存款操作的渠道有哪些,0.7960936988769336
522,新网二类户可以升级为一类户吗？,0.7960098267749609
523,人脸识别使用的是照片还是视频,0.7960021814891752
524,可以让别人代还款吗？,0.7959059452046926
525,车贷平台如何查询,0.7956288757884962
526,如何录制活体检测,0.7954114301612395
527,好人贷审核电话是多少,0.7948523889846566
528,如何开据存款证明,0.7939486417459418
529,申请诺诺发票贷需要什么条件,0.7937801834729176
530,新网银行有几个网点,0.7933260076668809
531,人工是否可操作扣款,0.7933028530603898
532,随心存利率为何会发生变化,0.7932124456637137
533,好人贷支持周末借款吗？,0.7930394696452803
534,节假日可以借/还款吗,0.7929319835838853
535,提前还款手续费是多少,0.7929315730209973
536,各还款方式如何进行还款,0.7927578544431927
537,新网银行的活期利率是多少,0.7926945491117396
538,好事贷如何还款,0.7924091622938679
539,定期存款是否有存单,0.7920198118846165
540,车贷如何提前还款,0.7919368404727278
541,客户表示知道了,0.7916736157153389
542,好人贷申请的渠道有哪些,0.7915254432687334
543,好人贷与其他平台类似产品的区别是什么,0.7912636504384711
544,身份证过期可以申请好人贷吗,0.791247029726943
545,好人贷借款多久到账,0.7910962614954878
546,好人贷定位如何开启,0.7910738633576736
547,如何办理对公业务,0.7908345111466939
548,周得利提前支取如何计息,0.790811578753829
549,半年得利提前支取影响已发放利息吗,0.7904988309478832
550,季得利提前支取影响已发放利息吗,0.7903259419203096
551,一个身份证可以申请好人贷两次吗？,0.7902839686526005
552,有多少人获得好人贷额度,0.7898759497649155
553,如何签署借款合同,0.7897067570232776
554,注册规则是什么,0.7892259838378102
555,好人贷如何申请,0.7889322745725996
556,好人贷还款方式有哪些,0.7885603941981012
557,好人贷当期能否最低还款,0.7883427734574899
558,申请好人贷需要哪些资料,0.7881110425215176
559,好人贷如何还款,0.7879052388937724
560,什么是单笔借据和多笔借据,0.7877319021235134
561,可否延期还款,0.7874146434602605
562,结清贷款后什么时候可以开据结清证明,0.7873467939546588
563,车贷合同如何查看,0.787230526410694
564,抵押类贷款如何办理,0.7870094908648417
565,随心存产品停售原因,0.7870059176248174
566,车贷如何申请,0.7869766061988847
567,逾期造成的影响是什么,0.7857748247430157
568,车贷逾期如何还款,0.7854868220542848
569,存款产品是否保本保息,0.7853944612041545
570,手机获取验证码失败,0.7853837682727052
571,好人贷消费用途,0.7849373069572865
572,车贷如何还款？,0.7843233699144246
573,客户表示需要考虑,0.7843104730305025
574,好人贷贷款期限是多久,0.7838742000797668
575,好人贷需要面签吗,0.7831842355473009
576,定期存款到期如何支取,0.7829963349852322
577,好人贷提额周期是多久,0.782659298321113
578,好人贷利率为什么调高了,0.7825323763543899
579,季得利的操作渠道有哪些,0.7813426750399788
580,好人贷如何试算利息,0.780074730796071
581,销户与否会产生什么影响,0.7800309458840473
582,咨询可以发送图片吗？,0.779806301403742
583,客户表示不满,0.7797174447351319
584,好人贷额度有效期是多久,0.7790252106734551
585,诺诺发票贷的利率是多少,0.778718563363765
586,好人贷提前还款最低还多少,0.7787119532993747
587,开通什么业务,0.7786574259007677
588,下一次开放时间是什么意思,0.7783519934299966
589,什么是分批次扣款,0.7779372288292613
590,优惠券如何使用,0.7774346137491719
591,好事贷收取哪些费用,0.7774042465484094
592,随心存到期后何时到账,0.7772119903183771
593,客户提到投诉,0.7772115553107811
594,企业邮箱格式是什么,0.7770994178174824
595,五年定期存款是什么,0.7770077577645977
596,好人贷审核时间是多久,0.7768600160770694
597,好人贷收取哪些费用,0.7766363491813976
598,征信报告是什么样的,0.7762867263463898
599,好人贷如何降低利率,0.7761357228472486
600,好人贷支持随借随还吗,0.7757202653527039
601,好人贷通过率多少,0.7755162827139186
602,车贷申请多久可以放款,0.7753967433608169
603,随心存存款期限有哪些,0.7751022009354371
604,创客贷额度是多少,0.7746811950097631
605,客户表示有合作意向,0.7738394580038785
606,随心存T+1是什么,0.7728540899610771
607,客户表示稍等,0.7715916910346926
608,退汇是什么意思,0.7710413235915432
609,月得利提前支取如何计息,0.7708797155610786
610,好人贷额度是多少,0.7698285302552674
611,工新借如何申请,0.7697138581961169
612,批扣时间段是多久,0.7690595296891919
613,按期还款是什么,0.7680684983966319
614,新网有哪些产品,0.7677842368345081
615,什么是风控审核中,0.7672365122721797
616,申请创客贷需要什么条件,0.7666837111026573
617,申请好人贷需要什么条件,0.7664260476236576
618,什么情况算违约,0.7662497222236329
619,征信是什么,0.766149024034735
620,结清证明的印章是否可以用公章,0.7656621556661473
621,房产保证金是什么,0.7656107148685566
622,好人贷上征信吗,0.7652723420799153
623,为何提示该证件已被使用,0.7652565701454797
624,随心存停售后有影响吗,0.7644194066384515
625,结清证明开据时间是多久,0.7640475612672102
626,好人贷是邀请制吗,0.7637302826799501
627,可否对公还款,0.7608080498622837
628,车贷收取哪些费用,0.760021787336384
629,如何获得优惠券,0.7596748598275972
630,什么是当期账单,0.7594594791230317
631,五年定期存款的利率是多少,0.7592985581218736
632,好人贷利率为什么高,0.7582237263381542
633,季得利是什么,0.7575030952492154
634,什么情况算逾期,0.7571897725425826
635,好人贷是什么,0.7556926066421686
636,定期存款的利率是多少,0.7556703642649039
637,美利车联系电话,0.7529888262484257
638,存款利率是多少,0.7524460548720538
639,人脸拍摄规范,0.751907625231918
640,工新借是什么,0.7515271229409166
641,什么是还款日,0.7514302288981287
642,什么平台的贷款,0.7510052438308499
643,随心存利率是多少,0.7501336228437577
644,存管是什么,0.7492380444385175
645,客户提出建议,0.7491581585913096
646,开户是什么意思,0.7490968701947149
647,申请好人贷需要公积金、社保吗？,0.7438092915985431
648,季得利如何计息,0.7435357033213862
649,车贷利息是多少,0.7430534994109684
650,罚息能否减免,0.7430388173506169
651,周得利计息规则,0.7428847806349246
652,什么是一、二、三类户,0.7427590305833093
653,迁户是什么意思,0.741682141269004
654,好人贷月利率是多少,0.74159267621938
655,随心存如何计息,0.7395725182808471
656,好人贷利率是多少,0.7357566486919983
657,罚息介绍,0.7352781722514149
658,随心存是什么,0.7342843964102918
659,季得利如何支取,0.7336004733520465
660,什么是活体检测,0.7335386584893457
661,客户称赞服务好,0.7296714481751078
662,可以咨询吗,0.7272246779662868
663,什么是综合评估,0.7252381522637784
664,好人贷年化利率是多少,0.7219885187674833
665,核身链接失效的原因,0.7112146538781356
666,经侦是指什么,0.7099061157325572
