0,补扣不会影响征信什么的吧,1.0
1,补扣会影响信用吗,0.922808618571138
2,有额度不使用有什么影响吗,0.9012138356182803
3,为何征信上有新网上报的贷款记录,0.899430055691432
4,银行卡是二类户影响扣款吗,0.898198642087953
5,我行放款的其他平台借款会上报征信吗,0.8969898364408012
6,为何征信上有新网银行的贷款审批记录,0.8927703072959889
7,为何征信上有新网银行上报的逾期,0.8924565468413544
8,可否按照征信订单号开据证明,0.8911902889904059
9,银行卡挂失会影响自动扣款吗,0.8888415586659798
10,结清贷款后征信上是否会显示结清,0.8877266211718823
11,提前还款会影响个人征信吗,0.887155605924187
12,销户后是否上征信,0.886961078814419
13,身份证更换期间会影响好人贷贷款吗,0.8855434297059088
14,为什么提前还款显示联合贷批次执行中？,0.8840181810950616
15,再次申请好人贷会查询征信吗,0.8839550675399107
16,线上开据证明为何和征信金额不符,0.883629845731634
17,好人贷提额会查询征信吗,0.8832412591105072
18,更换银行卡会影响自动扣款吗,0.8829772065244351
19,好人贷审核时是否给填写的联系人去电,0.8818240334691285
20,好人贷不借款会产生利息或费用吗,0.8804103851956835
21,征信上显示的贷款金额是否包含利息,0.8799336447087708
22,好人贷借款时还会审核吗,0.8790530103750027
23,系统升级会影响扣款吗,0.8788252061368894
24,车贷还款只扣除部分是什么原因,0.8784890729662347
25,银行渠道维护是指什么,0.8774697065320574
26,新网二类户上的资金是否计息,0.8770147037739249
27,借款合同是否有展示提前还款会收取违约金的情况,0.8769937331607557
28,提前结清贷款后还会扣款吗,0.8757459153350702
29,半年得利提前支取影响已发放利息吗,0.8754954864212601
30,平台方手机号变更导致我行无法直接开据结清证明问题,0.875464501391258
31,好人贷以什么贷款类型上报人行征信？,0.8750890026384448
32,无法提供消费凭证可以取消贷款吗,0.8749560014159822
33,绑定银行卡产生费用吗,0.8745945017441648
34,车贷可以修改还款日吗,0.8743797442766351
35,自助提额什么时候上线,0.8743280820050492
36,随心存停售后有影响吗,0.8737413776445724
37,好人贷申请能否撤销,0.8736099783412005
38,新网二类户可以升级为一类户吗？,0.8734607187050323
39,为何还款后额度恢复减少了,0.8732126152059196
40,可以让别人代还款吗？,0.8726774971015784
41,为何征信上的放款日期与实际借款日期不一致,0.8726286797826412
42,线上是否可开据征信版结清证明,0.8725998234485716
43,好人贷申请是否查询芝麻信用,0.8717983283931136
44,新网银行三类户是什么,0.8711292571306495
45,收款卡发卡行拒绝放款失败什么意思？,0.8709667063898769
46,好人贷额度是否会发生变化,0.8708988136580793
47,好人贷授信首页显示利率是否为固定利率,0.8707340715584501
48,新网二类户转入/转出收取手续费吗,0.8705613718580343
49,好人贷借款如何上报征信,0.870433037247756
50,新网银行扣款通道是什么,0.8703878078825658
51,季得利提前支取影响已发放利息吗,0.8702558322304195
52,未正常还款我行会进行催收吗,0.8699009182548068
53,新网银行有招聘吗,0.8697949627314188
54,申请好人贷有区域或者号段等限制吗,0.8695405811940654
55,好人贷账户是否为新网银行二类户？,0.8694979144176318
56,为何销户后还能看到好人贷信息,0.8692650377895762
57,提额会有通知吗,0.8690513746046608
58,挖财还款是否为新网银行代扣,0.8688141619413712
59,随心存可以在我行公众号查询/操作吗,0.8686571092309245
60,贷款结清之后能否删除贷款记录,0.8686265419757562
61,新网银行二类户限额是多少,0.8684211529844647
62,新网银行以何名义查询征信,0.8683054775868161
63,为什么好人贷第一期还款金额与之后不一致,0.867999467298127
64,为什么取消了提前部分还款,0.8679066121141574
65,客服能否看到客户申请好人贷的信息,0.8678246014221176
66,线上开据证明有次数限制吗,0.8678037734530156
67,车贷合同里的金额是否包含利息,0.8677851512009072
68,申请好人贷后有没有回复,0.8676958925389219
69,车贷支持手动还款吗,0.8673696740466326
70,新网银行账户可以设置为好人贷借/还款账户吗,0.8673527108851818
71,如何查询合作平台贷款是否结清,0.8672001552718118
72,诺诺发票贷的利率是多少,0.8665400817378089
73,好人贷审核不通过对个人有什么影响,0.8665388981116089
74,平台还款信息为何与新网银行不一致,0.8663737664832502
75,好人贷手动还款时为何提示批次执行中,0.8662047728973781
76,为什么银行还款存在限额？,0.8658134240403905
77,如何取消征信查询及使用授权书,0.8657851574712208
78,新网二类户转入/转出有时间限制吗,0.8653329062229852
79,如何查询好人贷申请的授信结果,0.8650503637821467
80,好人贷有回访电话吗,0.8648117786616338
81,"好人贷有回访电话吗""",0.8645728473478956
82,存在迁户问题怎么处理,0.8644562689437479
83,为何好人贷还款时提示“交易处理中”,0.864096764710771
84,好人贷还款后额度何时恢复,0.8638333716797474
85,我们是四川新网银行吗,0.8635927569388262
86,如何查询其他平台扣款银行卡,0.8635369974792385
87,黑户/白户是否可以申请好人贷,0.8635331268549296
88,是否会发生重复扣款情况,0.863332276447602
89,手机号归属地与定位地不一致是否有影响,0.8633195897499009
90,为何提示支付平台该客户无默认扣款卡，交易没有发给统一支付,0.8632221112750533
91,合作平台如何取消贷款,0.8630677677249535
92,销户后可以再开户吗,0.8627344294914406
93,银行渠道维护时间一般是多久,0.8626183156905526
94,绑卡时页面上的银行卡预留手机号码可以修改吗,0.8623321006960315
95,借款成功会有短信等提醒吗,0.8622999164907027
96,如何修改征信上的个人信息,0.862137416511768
97,为何提示支付平台不允许持卡人进行的交易,0.8619248187399834
98,好人贷申请是否支持人工受理,0.8619116560967357
99,征信报告是什么样的,0.8616177499727532
100,为何提示支付平台签约关系不存在,0.8608973043119572
101,提前支取有限制吗,0.8608083602592511
102,好人贷自动扣款规则,0.8607289659479441
103,好人贷是否支持归还逾期部分账单,0.8604729740993535
104,好人贷额度是否循环使用,0.8604602466072957
105,新网银行存款是否受保障,0.8601711517369927
106,其他贷款怎么办理,0.8597854350321051
107,新网银行存款属于理财产品吗,0.859767908756649
108,好人贷借款后能否修改贷款信息,0.8596962689031827
109,为什么收到美利车金融的短信,0.8595348804258537
110,好人贷申请身份证可否添加水印,0.8593604325319427
111,销户后为何还能解绑银行卡,0.8592833248385021
112,能否人工开据贷款证明,0.8592543985418244
113,任性还款是什么,0.8591229371860414
114,自动扣款时间段是多久,0.8590350511094725
115,车贷如何解绑银行卡,0.8590263003509729
116,关闭其他平台额度后，能否恢复好人贷额度,0.8590169597410408
117,贷款证明的电子章是否具有法律效应,0.8588279676039176
118,好人贷是否有临时额度,0.8587579531724246
119,如何查询转账到新网银行的记录,0.8584626945969257
120,新网诺诺发票贷如何申请,0.8581860321304631
121,好人贷额度必须一次性借完吗,0.8580812382008837
122,实际申请金额与放款金额不一致可否取消车贷,0.858046652604195
123,车贷能否绑定他人银行卡,0.857484560944163
124,车贷如何更换还款银行卡,0.857479096314929
125,扣款结果会有短信提示吗,0.857430306254234
126,新网银行有企业贷款吗？,0.8573902489025808
127,为何提示支付平台受发卡行资金用途限制拒绝交易,0.8573692269008322
128,能否开具非恶意逾期证明,0.8572514859789613
129,车贷扣款支持的银行卡有哪些,0.8571770367238899
130,查询车贷的注册手机号码是什么,0.8568332351792062
131,按期还款和任性还款的区别是什么,0.8567257376742758
132,销户与否会产生什么影响,0.856474312074397
133,好人贷为什么提示“账户存在异常操作”,0.8563460566075262
134,新网银行人工客服电话是多少,0.8562388216411565
135,新网银行视频认证的QQ号码是多少,0.8562021318944139
136,车贷如何办理解押手续,0.856137733356111
137,银行卡还款限额是多少,0.856071646407951
138,客服是否是随机分配,0.8560493463978182
139,好人贷能否人工操作提额,0.855556546433353
140,新网银行以什么名义放款,0.8554816585367064
141,申请好人贷是否都有额度,0.8553644519968063
142,好人贷部分提前还款规则,0.8552688908718274
143,获取额度后多久可发起借款,0.8549991589230249
144,修改手机号码/微信号是否会影响自动扣款,0.854983049828372
145,好人贷如何主动还款,0.8548795560753247
146,新网银行二类户如何转入/转出,0.854793184926348
147,58车金融客服电话是多少,0.8547894786467701
148,修改手机号码的处理时间是多久,0.8547377769317156
149,如何查询车贷还款日,0.8546496115718908
150,为何按期还款只能选择部分贷款期限,0.8546451361655468
151,借款时选错收款账户怎么办？,0.8545989818605116
152,如何查询征信报告,0.854280219618854
153,他行渠道汇入新网账户的到账时间是多久,0.8537927034754502
154,联系新网银行客服有哪几种方式,0.8535671902430619
155,如何更换好人贷默认还款账户,0.8534820618466428
156,征信上报周期及更新时间,0.8534659244253232
157,结清贷款后什么时候可以开据结清证明,0.8532775526067699
158,新网银行能否绑定云闪付,0.8532282066198803
159,车贷还款记录如何查询,0.8530431582807692
160,批扣时间段是多久,0.8529924912382959
161,线上转入新网银行账户到账时间是多久,0.8529908823267838
162,开据证明时为何提示账户存在异常,0.8529887942887634
163,实名认证是否查询征信,0.8529147506486623
164,好人贷放款至什么账户,0.8520487313523469
165,还款金额超银行卡限额怎么办,0.8520057283903352
166,好人贷如何试算利息,0.851891854829137
167,新网银行自动扣款时间,0.8518731907600936
168,好人贷支持随时借款吗,0.8517759663949666
169,好人贷上征信吗,0.8517512052235442
170,选择任性还款/按期还款利息如何计算,0.8517155479730419
171,新网银行二类户与好人贷是否为同一个手机号码,0.851664239697849
172,名下所有卡被冻结后如何还款,0.8515838468660081
173,逾期造成的影响是什么,0.8514760830793252
174,如何查询好人贷借据收款银行卡,0.8513805904516735
175,可以通过他人银行卡转入到新网银行账户吗,0.8513668859200476
176,好人贷-云闪付如何更换收/还款银行卡,0.851341710877012
177,使用优惠券后提前还款利息如何计算,0.8513367161227425
178,好人贷贷款利息如何计算,0.8512840265563263
179,随心存支持提前支取吗,0.851267656772669
180,新网二类户为何无法转入/转出,0.851253472510104
181,好人贷扣款账户如何查看,0.8509596036831321
182,新网银行的活期利率是多少,0.8509473039667493
183,好人贷支持在国外发起借款吗,0.8509153253664201
184,还款日当天是否自动扣款,0.8509100304163207
185,客户咨询其他平台催收问题,0.8508508226239827
186,如何查看好人贷还款计划,0.850751810328411
187,好人贷申请是否可以使用临时身份证,0.8507020038028701
188,为何收到新网银行还款短信,0.850689490687575
189,创客贷额度是多少,0.8505960760553425
190,可否对公还款,0.8504315358472272
191,好人贷-云闪付是什么,0.8503724321430353
192,新网银行有哪些产品可以提额,0.8503714234135641
193,存款需要先开立银行账户吗,0.8503230607724319
194,节假日可以操作各类存款吗,0.8501205843692299
195,好人贷被拒后为何没有下次开放时间,0.8500137869098726
196,非绑定银行卡可否与新网二类户转账,0.8498311120970715
197,为何无法申请好人贷,0.849809006343165
198,随心存利率为何会发生变化,0.8496982811093202
199,为何提示支付平台发卡行拒绝,0.8496379718562003
200,电话客服是否可以受理结清证明,0.8496127681594259
201,好人卡绑定云闪付/微信等失败怎么办,0.849578491726599
202,通过本人微信找回密码是指什么,0.8495354443641774
203,为何结清证明显示日期与平台不符,0.8493682267096699
204,好人贷支持扣款的银行有哪些,0.8493557765586744
205,好人贷借款合同有效期是多久,0.8493537671806357
206,申请诺诺发票贷需要什么条件,0.8493316370400206
207,车贷如何提前还款,0.8491307383438481
208,新网银行有实体卡片吗,0.8491144746403552
209,为何提示支付平台其他错误,0.8485356108587861
210,可以查询个人信息资料吗？,0.8484670297322764
211,随心存T+1是什么,0.8484414598527691
212,新网银行有哪些活动,0.8484062604777094
213,平台方提供的客户审批资料能否提供给客户,0.8481006804391755
214,借款后如何判定下次还款日期,0.8477044731993711
215,节假日可以借/还款吗,0.8476795089080081
216,存款产品是否存满五年才能支取,0.84759067846798
217,新网银行账户是什么,0.8475102031167104
218,好人贷还款记录如何查询,0.8475032757791034
219,如何查询申请相关的协议书,0.8472820484998267
220,周得利提前支取如何计息,0.8472200685697778
221,好人贷借款记录如何查询,0.8472031028068403
222,好人贷贷款期限是多久,0.8470188417632513
223,银行渠道维护无法操作怎么办,0.8468694485710507
224,新网银行开户支持的证件有哪些,0.8468293840735165
225,银行卡开通银联在线支付后是否可正常还款,0.8466991685147687
226,车贷合同为何无法查看,0.8466620512884933
227,为何提示支付平台持卡人信息有误,0.8465424675748661
228,什么是银行卡预留手机号？,0.8465196363335797
229,车贷平台如何查询,0.8463400460224881
230,新网银行账户的交易记录如何查看,0.8462561977127065
231,好人贷-云闪付如何提前还款,0.8460659246054807
232,车辆信息如何查询,0.8459991610203411
233,贷款证明开据失败怎么办,0.8459967771935352
234,如何确保还款日当天会扣款成功,0.845709441001257
235,申请好人贷后，可否更改授信结果,0.8456997443803965
236,优信扣款成功后为何显示待还款,0.8456750674201163
237,新网银行的官网地址是什么,0.8456538534168329
238,逾期后还款金额是否会增加,0.845651628422345
239,好人贷如何查看所支持的还款方式,0.8455960868862635
240,好人贷账户如何挂失,0.845534024805155
241,存款产品如何修改手机号,0.8454801211467122
242,新网银行自动扣款次数,0.8454712856032008
243,提前还款手续费是多少,0.845416749677671
244,为何提示支付平台当日交易次数超限,0.8453693391271547
245,线下转账如何填写新网银行开户信息,0.8450089783002922
246,好人贷借款规则,0.8449986898156635
247,公众号是否有还款提示,0.844970173700199
248,滴水贷客服电话是多少,0.8449675219266458
249,五年定期存款支持提前支取吗,0.8449581729046841
250,好人贷审核电话是多少,0.8449353065928783
251,京东存款的计息规则及计息公式,0.8448961906628548
252,新网银行有信用卡吗,0.8448607232909122
253,借款到账后页面未更新借款状态,0.8448348281226387
254,更改银行卡预留手机号的方法,0.8445526856202852
255,好人贷注册手机号与银行卡预留手机号是否需要一致？,0.8445115555582582
256,为何提示还款存在差错,0.8444427019606943
257,新网银行是否上市,0.8444158662099244
258,如何注销新网二类户,0.8443083213422407
259,可否取消银行卡限额,0.8438638859898773
260,能否让客服回电,0.8438274462424789
261,如何更换借款收款银行卡,0.8438188299006409
262,好人贷账户如何注销,0.8437416454322374
263,新网银行账户可以在哪些地方使用,0.843588622026334
264,好人贷额度他人能否使用,0.843490642898299
265,如何办理好人卡？,0.843432908088514
266,新办的手机号可以申请好人贷吗,0.8434326201784936
267,提前支取时为何显示存入,0.8434234943782122
268,新网银行好事贷如何申请,0.8431191431327445
269,新网银行行号是多少,0.8431026447302922
270,审核电话内容是什么,0.8430589606210341
271,好人贷额度为什么变低了,0.8429007311913222
272,好人贷电话回访时间,0.842856135938916
273,为何提示支付平台暂不支持的银行或限额,0.8427438333258725
274,提前还款有次数限制吗,0.8426991647765047
275,新网银行存款产品为何暂停交易,0.8422665005589973
276,好人贷是否支持提前还款,0.842130214123051
277,什么平台的贷款,0.8420872661236534
278,转入新网银行使用的密码是交易密码还是银行卡密码,0.8420491965802184
279,贷款证明如何开据,0.8417066449573464
280,好人贷是否支持提前还当期账单,0.8416047460947699
281,合作平台如何还款,0.8415554457886149
282,新网银行如何联系客户,0.8415025105753088
283,申请好人贷必须填写联系人信息吗,0.84137601230456
284,好事贷如何还款,0.84124856219933
285,审核电话可更改接听电话吗,0.840997470368421
286,还款日可以修改吗,0.8407503413293187
287,车贷如何申请,0.8406738808405385
288,注销账户的处理时间,0.840628498665196
289,为何页面出现多个新网银行账户,0.8406165470352758
290,为何收到新网银行逾期提醒短信,0.8406136155993597
291,好人贷只能通过绑定的银行卡还款吗,0.8406020239864939
292,为何同时收到了还款成功和失败的短信,0.8405878321889759
293,好人贷消费用途,0.8405557609156564
294,居住信息如何填写,0.8403952553250961
295,新网银行有几个网点,0.8403469860864967
296,车贷收取哪些费用,0.8403374735971062
297,如何增加银行卡,0.8402382816270249
298,是否可以取消自动扣款,0.840118286553878
299,车贷如何还款？,0.8399624412662188
300,为何之前绑定的银行卡不支持扣款了,0.839797649684666
301,如何通过线下方式转入新网二类户,0.8397708767020488
302,我行对客邮箱是多少,0.8397304810467824
303,为何申请好人贷页面显示暂无资格,0.8395954863251168
304,好人贷如何降低利率,0.8395254703587531
305,好事贷收取哪些费用,0.8395001866082423
306,京东存款是否支持提前支取/提前部分支取？,0.8394904182923012
307,消费凭证有效期是多久,0.8394881924157516
308,好人贷的办理时间,0.8393457187162531
309,未接到好人贷回访电话会被拒吗,0.8392496739712717
310,额度冻结是什么意思？,0.8390818110797131
311,京东存款为什么显示当日额度为什么已售罄？,0.839075262291455
312,公众号页面的“我的排号”是什么意思,0.8389750700162342
313,好人贷可以重新申请吗,0.8389676722648048
314,为何提示还款卡不存在,0.8386701741650948
315,好人贷为何无法还款,0.8386647354063033
316,工新借是什么,0.8386492321977087
317,好人贷利率为什么调高了,0.8385036878624303
318,车贷利息是多少,0.8384922070598271
319,客户催促需要加急办理,0.8383703622727952
320,如何更改其他平台的注册手机号码,0.8383417613997408
321,如何查看随心存购买情况,0.8383388400031159
322,注册手机号及微信号需要实名制吗,0.8382334775677295
323,好人贷交易密码如何设置,0.8381889768909665
324,如何激活新网二类户,0.8381050682487242
325,为什么没有扣款,0.8380873954526745
326,新网银行人工客服电话打不通,0.8380298969510515
327,人工是否可操作扣款,0.8379165752535165
328,如何查询当期车贷还款金额,0.8376764895631746
329,随心存提前支取到账时间,0.8375980330290551
330,扣款失败的原因,0.8375911322366301
331,存款产品的资金可以用于好人贷还款吗,0.8374736997077125
332,新网银行存款类产品有哪些,0.8373961259211711
333,各还款方式如何进行还款,0.8373114576025608
334,还款后为何未更新还款状态,0.8372560810717069
335,好人贷需要面签吗,0.8371682038321532
336,新网银行业务办理时间,0.8370032354329103
337,车贷合同如何查看,0.8368815410653117
338,客户表示没有问题了,0.8368471983657079
339,客户发送截图以及个人信息等,0.8368415836473163
340,购买存款页面为何提示“额度不足，无法购买”,0.83683143358454
341,如何冻结新网银行账户,0.8366934396447299
342,如何查看好人贷相关协议/合同？,0.836315431599642
343,拨打我行人工客服电话是否收费,0.8363054301578561
344,好人贷支持周末借款吗？,0.8363008003628971
345,征信是什么,0.8359596301181599
346,为何提示支付平台渠道不支持的银行,0.8358916939895739
347,存款页面是否会显示每日收益,0.8358728968482585
348,一个身份证可以申请好人贷两次吗？,0.8355238320715532
349,好人贷有额度后如何进行贷款,0.835504516978112
350,为什么收到提额短信但额度未提升,0.8353979816631952
351,操作好人贷是否需要开启定位,0.8351769097801299
352,好人贷如何提前还款,0.8351647572947677
353,可以查询注册手机号码吗,0.8351250100130141
354,如何换绑银行卡,0.8350628713530154
355,白骑士认证失败是什么意思,0.8350229033902242
356,好人贷定位如何开启,0.8348341098664613
357,好人贷申请必须使用身份证原件吗,0.8348336906223505
358,为何申请好人贷后显示未获取额度,0.8346780557895122
359,申请好人贷需要开个人账户吗？,0.8346348148148259
360,好人贷申请需要填写哪些个人信息,0.8345527974762573
361,结清证明会展示哪些信息,0.8345293757535845
362,如何查看委托支付协议,0.834446084215059
363,为何无法提交好人贷申请资料,0.8343354844200963
364,随心存如何查看收益情况,0.8340034702537112
365,好人贷为什么无法借款,0.8339815005423505
366,在哪个平台操作提现,0.833891801552857
367,罚息能否减免,0.833872387495316
368,新网银行合作平台有哪些,0.8338531875818295
369,还款记录如何查看,0.8338507967692812
370,如何把注册用户与结算用户都注销,0.8336974107624803
371,什么是我的额度和可借额度,0.8335903765599298
372,新网银行发送的短信验证码的有效时长？,0.8335820993217942
373,为何提示支付平台交易金额超限,0.8334758736867159
374,额度占用问题,0.8334701295445498
375,车贷申请多久可以放款,0.8331462228616945
376,微信/支付宝等可否与新网银行账户互相绑定,0.8330163064039494
377,优信客服电话是多少,0.8329600458043184
378,存款产品支取通用路径,0.8329504255779517
379,新网银行公众号如何取消关注,0.832778119180552
380,申请被拒怎么办,0.8327011630749237
381,车贷如何修改注册手机号码,0.8325086442775013
382,结清证明开据时间是多久,0.8324946329487466
383,页面为何提示“开户失败”、“账户存在异常操作/账户异常”,0.8324916757655051
384,支持绑定的银行卡类型有哪些,0.8324252788355069
385,房产保证金是什么,0.8324163729864311
386,好人贷如何提高额度,0.8322992994652201
387,好人贷还款后多久到账,0.8322474723911992
388,好人贷当期能否最低还款,0.8322329391765337
389,如何修改存管账户预留手机号码,0.8321922095837953
390,存款产品是否保本保息,0.8321917835419279
391,下一次开放时间是什么意思,0.8321542144514634
392,好人贷借款金额与到账金额是否一致,0.8321296238346013
393,结清证明印章无法查看,0.8319592933942618
394,微信号更换成功后何时可以正常使用,0.8318303698841768
395,选择任何还款方式都可以提前还款吗,0.8318139850747036
396,工新借如何申请,0.8317254132259946
397,好人贷收取哪些费用,0.8316193250734358
398,如何操作随心存大额存款,0.8315823342138225
399,好人贷账户如何查询,0.8315373238673492
400,好人贷提额周期是多久,0.8314913175864018
401,好人贷额度是多少,0.8314248202626501
402,还款日当天支持手动还款吗,0.831363971487945
403,好人贷能否绑定他人银行卡,0.8312871959502767
404,还款后页面显示等待中,0.8312624592911148
405,查询各类工单办理进度,0.8310314177959207
406,为何提示支付平台银行卡未开通银联无卡认证支付,0.8309977989004886
407,好人贷为什么额度低,0.8308854913031583
408,月得利提前支取如何计息,0.8306874591572235
409,是否需要使用本人手机操作好人贷,0.8306732681974466
410,好人贷通过率多少,0.8304913398125513
411,好人贷如何审核,0.8303390415345011
412,存款产品如何重置交易密码,0.8301805543608919
413,结清证明的印章是否可以用公章,0.8300168347025818
414,美团客服热线是多少,0.8298839179063059
415,好人贷借款超时未到账如何处理,0.8297709204618908
416,可否补充企业邮箱,0.829748550725883
417,当期账单支持再分期吗,0.8295673512908144
418,好人贷与其他平台类似产品的区别是什么,0.8294115396230329
419,有多少人获得好人贷额度,0.829299062357303
420,好人贷申请成功会有短信通知吗,0.8292140147674476
421,注销注册用户后是否可恢复？,0.8291053826458833
422,如何降低/关闭额度,0.829046263780618
423,如何解约快捷支付？,0.8289598038675039
424,银联在线支付是什么,0.8289569565935216
425,京东存款如何修改注册手机号码,0.8289411265913939
426,哪些渠道可以购买京东存款产品？,0.8288608015438881
427,开据证明时为何需要实名认证,0.8285983364284047
428,好人贷还款方式有哪些,0.8285743587931131
429,好人贷个人资料如何修改,0.8285120919773238
430,好人贷是邀请制吗,0.8284908887977698
431,好人贷提前还款最低还多少,0.8283161534108622
432,转账到新网银行如何操作,0.8282428670107411
433,关于客户个人信息安全问题,0.8281047426235721
434,如何录制活体检测,0.8280111734392905
435,什么是分批次扣款,0.8279126347659794
436,好人贷如何自助提额,0.8274717477785124
437,随心存操作渠道有哪些,0.8274082515571257
438,如何查询还款日,0.827190605719121
439,额度冻结怎么办,0.8271291561471674
440,上传身份证时需填写的内容是什么,0.8271220384177905
441,如何选择按期还款/任性还款,0.8270562435872675
442,还款银行卡是否需要开通银联在线支付业务,0.8270301621482423
443,开据证明为何显示没有符合要求的订单,0.8268172610438048
444,如何购买新网银行存款产品,0.8266919403385983
445,如何修改新网随心存注册号码,0.8264049445545465
446,好人贷支持微信/支付宝扣款吗,0.8263238588885288
447,新网账户之间能否互相转账,0.8262116589707206
448,在线客服是否是人工客服,0.8262000744160893
449,申请好人贷没有公司邮箱怎么办,0.8260906884590346
450,好人贷借款多久到账,0.8258870594029363
451,随心存如何修改交易密码,0.8258336736336607
452,实名认证为什么不符,0.8257888464222631
453,为何申请好人贷无结果,0.8257295329544825
454,关于消费凭证,0.825553668503995
455,如何邀请好友申请好人贷,0.8254002568189227
456,开具结清证明时为何无法登录,0.8253663937500637
457,新网账户绑定微信/支付宝后支持提现或充值吗,0.8251000724823877
458,电脑端可以登录好人贷吗,0.8250137755174414
459,个人可以在新网开立几个账户,0.8249421908328177
460,如何进入好人贷页面,0.8247363649310554
461,怎样才能成功申请到额度,0.8246549832753445
462,好人贷只能使用微信登录吗？,0.8245953260503476
463,如何查看贷款合同,0.8245836133814911
464,自动扣款失败怎么办,0.8244610959393965
465,如何设置存管支付密码,0.8244273862317715
466,随心存利率是多少,0.8243825207423509
467,如何在新网银行开户,0.8241778654697075
468,随心存产品停售原因,0.8240528963354051
469,查询结清证明申请是否已提交,0.823991511038024
470,视频认证的步骤是什么,0.823827842691043
471,车贷逾期如何还款,0.8237375154087008
472,视频认证录制失败的原因是什么,0.8234984159198454
473,如何查询新网账户,0.8234272395192871
474,为何提示不具备开具资格,0.823325481913243
475,新网银行合作的存管平台有哪些,0.8233072930778128
476,五年定期存款是什么,0.8231698240125684
477,抵押类贷款如何办理,0.8230572770615491
478,结清证明是否是还款记录证明,0.823032650449154
479,新网银行地址在哪里,0.8229983311105191
480,借款失败怎么办,0.8227545932270923
481,季得利的操作渠道有哪些,0.8225134413752111
482,实名认证失败的原因是什么,0.8224213443279543
483,好人贷审核时间是多久,0.8223568619885484
484,如何注销新网注册用户,0.8222646712783855
485,可否延期还款,0.8221198002123777
486,自动扣款如何操作,0.8219108464873403
487,能否删除个人信息,0.8219013545567413
488,可以咨询吗,0.8217823828546741
489,申请好人贷工作信息如何填写,0.8217222133768575
490,如何查询是否已申请好人贷,0.8217160413585461
491,为何提示支付平台账户状态异常,0.8215870029801308
492,好人贷申请的渠道有哪些,0.8215006394532499
493,怎样用其他手机登录好人贷,0.8214039782167055
494,什么情况算违约,0.8213805816427028
495,为何人脸识别提示光线太足,0.8213234751040304
496,客户表示知道了,0.8206748482246652
497,好人贷利率为什么高,0.8206335675594166
498,为何无法销户,0.8206054196652269
499,按期还款是什么,0.8202622714091081
500,为什么拍照认证时总是不成功或显示系统崩溃,0.820119634513031
501,什么情况算逾期,0.8200210178720655
502,存管密码被锁定怎么办,0.820007959227176
503,身份证信息变更后如何更新,0.8198994736815218
504,新网银行APP下载,0.8196673948979516
505,随心存存款期限有哪些,0.8195326087265074
506,令牌无效是什么,0.8194355541363297
507,客户表示需要考虑,0.8191823349270188
508,结清证明的发送方式有哪些,0.8191820113382227
509,活体检测失败怎么办,0.8190191894351456
510,什么是一、二、三类户,0.8190044187774891
511,定期存款是否有存单,0.8190027533449704
512,如何开据存款证明,0.8188980664878924
513,如何删除身份证信息,0.8188653873407823
514,存管查询为何提示用户不存在或者信息有误,0.8184965538398177
515,客服能否查看聊天记录,0.8179904007378327
516,定期存款操作的渠道有哪些,0.8179267899584975
517,好人贷账户如何更换手机号码,0.8178155701482722
518,好人贷额度有效期是多久,0.8177429539879532
519,注册规则是什么,0.8177193332795039
520,好人贷必须绑定银行卡使用吗,0.8173745615445742
521,如何查询存管账户流水,0.8170939414194042
522,在线咨询是否支持客户发送语音,0.8165977619324154
523,如何更换微信号,0.8163437107405266
524,为什么提示用户不存在,0.8162329663921599
525,申请创客贷需要什么条件,0.8156184722590495
526,随心存如何计息,0.8154254088528694
527,如何查询账户是否冻结,0.8152796918785757
528,五年定期存款的利率是多少,0.8152506426715801
529,好人贷如何还款,0.8151488842120584
530,转账到新网银行账户是否还款成功,0.815051100908119
531,客户表示还款成功,0.8150354653888757
532,好人贷月利率是多少,0.8148556304416414
533,随心存存入限额,0.8148298521137199
534,转账时为何提示未面核,0.814714860956221
535,申请好人贷后为何页面显示仍可提交申请,0.8142184726743112
536,新网银行简介,0.8142105500749682
537,季得利如何计息,0.8134640627475329
538,申请好人贷使用的邮箱是公司邮箱还是个人邮箱,0.813174380848343
539,交易密码无法设置,0.8130795797950027
540,注册手机号更换成功后何时可以正常使用,0.8129745506956334
541,如何查看手机号是否实名制,0.8128273697591073
542,存管账户如何注销,0.8127965609722466
543,季得利是什么,0.8126813885219701
544,系统繁忙是什么原因,0.8122233331356471
545,目前支持的银行有哪些,0.8119463376731602
546,为何提示支付平台支取金额超过可用余额,0.8118806169846591
547,实名认证审核时间,0.8116061473495771
548,进入随心存为何提示手机号码不一致,0.8114748125986212
549,季得利如何支取,0.8110533385248629
550,定期存款的利率是多少,0.8109897353980793
551,申请好人贷需要下载APP吗？,0.8106009606715607
552,修改手机号后是否需要重置登录密码,0.8101750147938199
553,好人贷利率是多少,0.809409759982853
554,美利车联系电话,0.8086559289385953
555,定期存款到期如何支取,0.8084056282261506
556,存管提现到账时间是多久,0.808308520656782
557,周得利计息规则,0.8081661299836443
558,手持身份证拍照的注意事项,0.8081621134903234
559,什么是风控审核中,0.8080781391555787
560,为何提示用户未实名认证,0.8080456591398655
561,如何解绑银行卡,0.8076499083822708
562,新网有哪些产品,0.8075652998784631
563,他人可以使用本人信息申请好人贷吗,0.8072570107427575
564,存款利率是多少,0.8069389069711632
565,什么是单笔借据和多笔借据,0.8069117173592552
566,罚息介绍,0.8068996251868394
567,为何无法登录存管查询,0.8068539703503945
568,开通什么业务,0.8066816056541312
569,好人贷如何实名认证,0.8065260988196805
570,为何提示支付平台账户余额不足,0.8062575291171639
571,迁户是什么意思,0.8062468764402061
572,存管是什么,0.8061895856414563
573,可以重新注册吗,0.8061043497163766
574,可绑定银行卡数量上限,0.8057904619958578
575,如何签署借款合同,0.8056578318407532
576,如何查看银行卡管理列表,0.805624644314407
577,新网银行人工客服服务时间,0.8055447995408161
578,好人贷注册手机号无法使用,0.8054691811697583
579,人脸识别失败怎么办,0.804751678054598
580,为何存管查询提示没有密码,0.8042397916429677
581,随心存到期后何时到账,0.8039874710193297
582,如何办理对公业务,0.8032875562057905
583,如何获取线上核身链接,0.8030662878856742
584,如何绑定银行卡,0.8025045612111409
585,好人贷如何申请,0.8021477731132302
586,身份证过期可以申请好人贷吗,0.801570151138634
587,退汇是什么意思,0.8014727402659656
588,如何查询是否开通银联在线支付,0.801458267421183
589,客户要求发送相关模板,0.801362537003146
590,接收短信的手机号是否为注册手机号,0.8013299145311314
591,银联在线支付如何开通,0.8012960059933482
592,合同为何无法打开,0.8004284781178858
593,好人贷支持随借随还吗,0.799596495497589
594,好人贷为什么无法登录,0.7995314715644478
595,如何查看优惠券的使用情况,0.7990311414836648
596,随心存如何登录,0.7988475457013804
597,如何注销公众号,0.7988367922796995
598,申请好人贷需要哪些资料,0.7985749163546008
599,为什么点击拍照没有反应,0.797789837076784
600,如何关注新网银行公众号,0.7976736099224181
601,如何修改实名认证手机号码,0.7975754074386981
602,逾期未还款如何处理,0.7962693437187339
603,密码被锁定怎么办,0.7950527968913109
604,好人贷年化利率是多少,0.7949779845550244
605,经侦是指什么,0.7947283369765644
606,开户失败原因,0.7947259395175548
607,为何存管信息与平台显示不一致,0.7944767073035055
608,什么是注册号码？,0.7939919772065537
609,好人贷是什么,0.7939796178812955
610,绑定银行卡失败,0.793776578466411
611,企业邮箱格式是什么,0.793578260182259
612,为何提示系统异常,0.7934651559877696
613,存管账户如何查询,0.7932778205837603
614,人脸识别使用的是照片还是视频,0.7925812132666208
615,申请好人贷需要什么条件,0.7919028635497328
616,存管账户充值限额,0.7913010678234037
617,客户表示有合作意向,0.7912886966657527
618,开户是什么意思,0.7911916173201566
619,随心存是什么,0.7898016600476131
620,如何登录微信公众号,0.7885663199017817
621,存管查询的余额如何提现,0.788493694340304
622,登录时的图文验证码是否区分大小写,0.7880812313236901
623,如何查看开户结果,0.7876032436440485
624,页面为什么异常跳转,0.7872233551172924
625,如何退出微信公众号,0.7872107528729444
626,公众号如何注册,0.7863890292009575
627,客户表示不满,0.7862387304355583
628,获取验证码次数超限怎么办,0.7851434544273428
629,客户表示稍等,0.7826015524179291
630,什么是综合评估,0.7815115987487247
631,身份证上传失败怎么办,0.7813020602344123
632,如何知晓已注销成功,0.7809118561885581
633,咨询可以发送图片吗？,0.7782823865300849
634,手机号无法使用为什么,0.7781491703865608
635,客户提到投诉,0.7772872152565468
636,为何提示交易密码验证失败,0.7767553290616209
637,申请好人贷需要公积金、社保吗？,0.7747789002762973
638,什么是无卡支付及免密支付,0.7732843274819031
639,什么是当期账单,0.7707567379202651
640,密码如何修改,0.7707323295158472
641,人脸拍摄规范,0.7704505991077063
642,输入身份证号码时，为何无法输入字母,0.7690200288021485
643,登录密码为何无法重置,0.768858789682459
644,为何图文验证码输入正确却提示错误,0.7680520834455359
645,什么是活体检测,0.7666974870679116
646,什么是还款日,0.7662835366881955
647,如何开立存管账户,0.7659469019664226
648,银行转账未到账怎么办,0.7653667723990362
649,为何提示缺少必要参数,0.7653210609976843
650,企业邮箱填写错误怎么办,0.7646995774043878
651,企业邮箱为何验证不了,0.7621771765354605
652,为何重置密码后仍提示密码错误,0.7612671426687646
653,客户称赞服务好,0.7605983300712275
654,如何进入个人中心,0.7575325604163549
655,为什么无法注册,0.755864457003129
656,页面为何无法打开,0.7555910897181084
657,忘记密码怎么办,0.7538220121957575
658,企业邮箱验证码可否重新获取,0.7415725098675402
659,优惠券如何使用,0.7408273211539002
660,客户提出建议,0.7366003884513075
661,如何获得优惠券,0.7338187049647886
662,验证码发送至什么手机号,0.7307039661947461
663,什么是登录密码,0.7291378992065904
664,为何提示该证件已被使用,0.7123545560729039
665,核身链接失效的原因,0.6881946332632092
666,手机获取验证码失败,0.611075782958109
