0,Gps需要一直打开吗,1.0
1,车贷可以修改还款日吗,0.9395589803473258
2,申请好人贷需要下载APP吗？,0.9391914230157298
3,车贷合同为何无法查看,0.9382363079184737
4,手机号无法使用为什么,0.9371572009319376
5,为什么点击拍照没有反应,0.9368275041787096
6,进入随心存为何提示手机号码不一致,0.9365173567348709
7,未正常还款我行会进行催收吗,0.9358905542866176
8,还款日可以修改吗,0.9358486280757694
9,微信号更换成功后何时可以正常使用,0.9355447937397375
10,合同为何无法打开,0.9347022839523835
11,结清贷款后征信上是否会显示结清,0.9342466663861247
12,注册手机号及微信号需要实名制吗,0.9341934680971123
13,好人贷注册手机号与银行卡预留手机号是否需要一致？,0.9336524726432442
14,咨询可以发送图片吗？,0.9332647299310989
15,申请好人贷需要开个人账户吗？,0.9332497620525487
16,再次申请好人贷会查询征信吗,0.9329049055731338
17,随心存停售后有影响吗,0.9327702162014655
18,好人贷只能使用微信登录吗？,0.9325269170551107
19,申请好人贷需要哪些资料,0.9321120905625513
20,为何存管信息与平台显示不一致,0.9320433527178182
21,还款日当天支持手动还款吗,0.9313865905270257
22,线上是否可开据征信版结清证明,0.9313295480522339
23,手机号归属地与定位地不一致是否有影响,0.9311314766545002
24,银行渠道维护无法操作怎么办,0.931117956139829
25,新网二类户可以升级为一类户吗？,0.9308984389896995
26,随心存可以在我行公众号查询/操作吗,0.9308468396299645
27,好人贷申请成功会有短信通知吗,0.9306445764265426
28,如何查询申请相关的协议书,0.930553277300234
29,有额度不使用有什么影响吗,0.9304566864037577
30,为什么提示用户不存在,0.9302917349925983
31,存款需要先开立银行账户吗,0.930096916191173
32,线上开据证明为何和征信金额不符,0.9299864760246521
33,申请好人贷必须填写联系人信息吗,0.9299685783889249
34,好人贷必须绑定银行卡使用吗,0.9299507115996396
35,注册手机号更换成功后何时可以正常使用,0.9298926772864851
36,"好人贷有回访电话吗""",0.9296308019828693
37,操作好人贷是否需要开启定位,0.9292802119444289
38,可以咨询吗,0.929136289125623
39,平台方手机号变更导致我行无法直接开据结清证明问题,0.9290267316017018
40,新网二类户转入/转出有时间限制吗,0.9286753697258544
41,通过本人微信找回密码是指什么,0.9286586434643543
42,如何查询是否开通银联在线支付,0.9286578205201845
43,是否可以取消自动扣款,0.9285375575503813
44,提前支取有限制吗,0.9284583019154105
45,可以查询注册手机号码吗,0.9282866976567352
46,未接到好人贷回访电话会被拒吗,0.9281614149655835
47,可否按照征信订单号开据证明,0.928147720648107
48,为何同时收到了还款成功和失败的短信,0.9281293587340134
49,为何销户后还能看到好人贷信息,0.9281215124376765
50,好人贷被拒后为何没有下次开放时间,0.9280713689311039
51,新办的手机号可以申请好人贷吗,0.9279218155411099
52,为何提示还款卡不存在,0.9278906992032091
53,好人贷借款超时未到账如何处理,0.9278025328445572
54,线上开据证明有次数限制吗,0.9277441012684184
55,销户后是否上征信,0.9276932720450027
56,申请诺诺发票贷需要什么条件,0.9275828659637866
57,补扣会影响信用吗,0.92754139405784
58,好人卡绑定云闪付/微信等失败怎么办,0.9275045497647245
59,借款成功会有短信等提醒吗,0.9273572446611222
60,存管查询为何提示用户不存在或者信息有误,0.9273415409659311
61,为什么提前还款显示联合贷批次执行中？,0.9271026270612909
62,在线咨询是否支持客户发送语音,0.9270404163500074
63,为什么收到美利车金融的短信,0.9268971888424652
64,销户后为何还能解绑银行卡,0.9268369671503323
65,开据证明为何显示没有符合要求的订单,0.9267601634707964
66,随心存操作渠道有哪些,0.9267380998074004
67,为什么拍照认证时总是不成功或显示系统崩溃,0.9266146758430528
68,为何提示支付平台签约关系不存在,0.9265458654121357
69,电话客服是否可以受理结清证明,0.9265266987088722
70,提前支取时为何显示存入,0.9262680375210115
71,好人贷可以重新申请吗,0.92612564652058
72,新网银行账户可以在哪些地方使用,0.9261012951527506
73,好人贷有回访电话吗,0.9260184625635933
74,扣款结果会有短信提示吗,0.9256269929017781
75,好人贷借款时还会审核吗,0.9256020342179732
76,结清贷款后什么时候可以开据结清证明,0.9255862823014814
77,提前结清贷款后还会扣款吗,0.9249415350279503
78,京东存款为什么显示当日额度为什么已售罄？,0.9248821242461882
79,随心存支持提前支取吗,0.9247529529706041
80,页面为何无法打开,0.9247362537192266
81,什么是银行卡预留手机号？,0.924720013507481
82,客服能否查看聊天记录,0.9247197340805499
83,还款银行卡是否需要开通银联在线支付业务,0.9246295825420867
84,优信扣款成功后为何显示待还款,0.924547143422352
85,车贷支持手动还款吗,0.9244698734270852
86,好人贷只能通过绑定的银行卡还款吗,0.9241864792371575
87,如何查看好人贷相关协议/合同？,0.9241206203802543
88,存款页面是否会显示每日收益,0.9240715382248194
89,银行渠道维护是指什么,0.924030812510548
90,为何提示支付平台渠道不支持的银行,0.9238596802047997
91,新网银行能否绑定云闪付,0.9235443217423949
92,银行卡开通银联在线支付后是否可正常还款,0.9234872437344753
93,新网二类户为何无法转入/转出,0.9234826078661672
94,好人贷-云闪付如何提前还款,0.923464885678492
95,贷款证明开据失败怎么办,0.9234149060324199
96,逾期后还款金额是否会增加,0.9233563360504705
97,申请创客贷需要什么条件,0.9229213429943929
98,开据证明时为何提示账户存在异常,0.9229142407759405
99,好人贷申请的渠道有哪些,0.9228957358418755
100,申请好人贷后，可否更改授信结果,0.9228088216236029
101,为何提示缺少必要参数,0.9227086979959023
102,如何查看手机号是否实名制,0.9226205342784765
103,申请好人贷需要什么条件,0.9224678654939215
104,如何查看随心存购买情况,0.9223391230577858
105,提额会有通知吗,0.92230318726953
106,客户催促需要加急办理,0.9222369433928207
107,还款日当天是否自动扣款,0.922007791562957
108,当期账单支持再分期吗,0.9219251536105812
109,如何查询好人贷申请的授信结果,0.921868848061383
110,修改手机号后是否需要重置登录密码,0.9218397391831339
111,存在迁户问题怎么处理,0.921828121262512
112,为何征信上有新网上报的贷款记录,0.9216448982384416
113,好人贷额度必须一次性借完吗,0.9216336613969994
114,接收短信的手机号是否为注册手机号,0.9215936447891553
115,平台还款信息为何与新网银行不一致,0.921534946794081
116,查询车贷的注册手机号码是什么,0.9215283063836521
117,修改手机号码/微信号是否会影响自动扣款,0.9214826124467407
118,如何查询合作平台贷款是否结清,0.9213076469402157
119,转账时为何提示未面核,0.9212909142881283
120,实际申请金额与放款金额不一致可否取消车贷,0.921238800188395
121,车贷合同里的金额是否包含利息,0.9211908509772364
122,好人贷是否支持提前还款,0.9211351589132729
123,车贷还款只扣除部分是什么原因,0.9210938091329838
124,好人贷账户如何查询,0.9209543437704187
125,提前还款手续费是多少,0.9209264871009127
126,为什么银行还款存在限额？,0.9209046236449222
127,好人贷提额会查询征信吗,0.9208508219970796
128,为何提示不具备开具资格,0.9208276905746646
129,申请好人贷后为何页面显示仍可提交申请,0.9208040854305419
130,新网二类户转入/转出收取手续费吗,0.9208032501252729
131,随心存提前支取到账时间,0.9206727582400918
132,为什么收到提额短信但额度未提升,0.920661257504871
133,申请好人贷没有公司邮箱怎么办,0.9206589500107402
134,电脑端可以登录好人贷吗,0.9206162778084136
135,公众号是否有还款提示,0.9205801907109212
136,新网银行以何名义查询征信,0.9205485623590155
137,新网二类户上的资金是否计息,0.92053009251961
138,审核电话可更改接听电话吗,0.9205107443226072
139,开具结清证明时为何无法登录,0.9204869554743359
140,好人贷手动还款时为何提示批次执行中,0.9202761547687429
141,好人贷借款记录如何查询,0.9201806254311361
142,如何查看委托支付协议,0.9201535564655148
143,新网银行扣款通道是什么,0.9200866269755797
144,半年得利提前支取影响已发放利息吗,0.9200804084915694
145,挖财还款是否为新网银行代扣,0.9200554864819739
146,开据证明时为何需要实名认证,0.9200446091961123
147,下一次开放时间是什么意思,0.9200112961666016
148,申请好人贷后有没有回复,0.9200047924416076
149,为什么取消了提前部分还款,0.9198396280086412
150,月得利提前支取如何计息,0.9197048002199949
151,绑卡时页面上的银行卡预留手机号码可以修改吗,0.91970270988482
152,周得利提前支取如何计息,0.9196009775560224
153,好人贷如何查看所支持的还款方式,0.919583356292817
154,好人贷注册手机号无法使用,0.9195495589830435
155,为何无法提交好人贷申请资料,0.9194357173369053
156,可以让别人代还款吗？,0.9193397475875938
157,客服能否看到客户申请好人贷的信息,0.9192587306569265
158,新网银行有哪些产品可以提额,0.9192376540124004
159,好人贷申请需要填写哪些个人信息,0.9190035493747598
160,在线客服是否是人工客服,0.9189503447175205
161,注销注册用户后是否可恢复？,0.9188486300620414
162,销户后可以再开户吗,0.9186769291681366
163,如何取消征信查询及使用授权书,0.918583897102467
164,为何收到新网银行还款短信,0.9185550591354222
165,好人贷支持扣款的银行有哪些,0.91854369548519
166,季得利的操作渠道有哪些,0.9185340863895239
167,结清证明的发送方式有哪些,0.9184810724139449
168,为何提示支付平台暂不支持的银行或限额,0.9181779941514713
169,为何存管查询提示没有密码,0.918092798816262
170,为何征信上的放款日期与实际借款日期不一致,0.9180827882495675
171,车贷收取哪些费用,0.918059518758265
172,什么是无卡支付及免密支付,0.9180179820818516
173,如何查询其他平台扣款银行卡,0.9179331111024499
174,拨打我行人工客服电话是否收费,0.9179175700167288
175,车贷如何办理解押手续,0.9178997279847252
176,申请好人贷有区域或者号段等限制吗,0.9178200195536762
177,为何提示还款存在差错,0.9177912766014388
178,为何之前绑定的银行卡不支持扣款了,0.917789253855428
179,名下所有卡被冻结后如何还款,0.9177260679866389
180,车贷合同如何查看,0.9175994721227224
181,新网账户之间能否互相转账,0.9175153285947693
182,随心存如何查看收益情况,0.9174199305485063
183,新网银行账户可以设置为好人贷借/还款账户吗,0.9173819686229845
184,可以重新注册吗,0.9173691512692295
185,银联在线支付如何开通,0.9173674370520783
186,系统升级会影响扣款吗,0.9173604602762583
187,借款时选错收款账户怎么办？,0.9172596597432415
188,收款卡发卡行拒绝放款失败什么意思？,0.917224015838038
189,可否补充企业邮箱,0.9171062451871133
190,企业邮箱为何验证不了,0.917098416696064
191,好人贷支持在国外发起借款吗,0.9170044755635147
192,居住信息如何填写,0.9169704010068491
193,车贷申请多久可以放款,0.9169541510626363
194,结清证明会展示哪些信息,0.9168772202144501
195,为何好人贷还款时提示“交易处理中”,0.9168214475849183
196,黑户/白户是否可以申请好人贷,0.9166007986386252
197,好人贷需要面签吗,0.9163798402872559
198,无法提供消费凭证可以取消贷款吗,0.916369597787548
199,为何征信上有新网银行上报的逾期,0.916352470268193
200,好人贷申请是否查询芝麻信用,0.9163351939392598
201,如何查询车贷还款日,0.9162849800089641
202,好人贷还款记录如何查询,0.9162070660810694
203,存管密码被锁定怎么办,0.9161603796980428
204,好人贷支持随时借款吗,0.9161273381108689
205,为何还款后额度恢复减少了,0.9160489859226587
206,车辆信息如何查询,0.9159838212587218
207,如何查询是否已申请好人贷,0.9159480559822278
208,贷款结清之后能否删除贷款记录,0.9159402406831588
209,节假日可以借/还款吗,0.9158872066630203
210,季得利提前支取影响已发放利息吗,0.915841164249129
211,视频认证录制失败的原因是什么,0.9157501265059214
212,页面为何提示“开户失败”、“账户存在异常操作/账户异常”,0.9156702772592541
213,五年定期存款支持提前支取吗,0.9155796924486693
214,能否让客服回电,0.915542418438764
215,好人贷支持微信/支付宝扣款吗,0.9155290633009773
216,好人贷支持周末借款吗？,0.9154230235350563
217,存款产品是否存满五年才能支取,0.9151444662340958
218,如何查询新网账户,0.9151196471839959
219,新网银行有企业贷款吗？,0.9150651591136328
220,为什么好人贷第一期还款金额与之后不一致,0.9150561102798034
221,平台方提供的客户审批资料能否提供给客户,0.914909129930023
222,自动扣款失败怎么办,0.9148786483162837
223,个人可以在新网开立几个账户,0.9148420206439306
224,好人贷上征信吗,0.9148383000204185
225,新网银行账户的交易记录如何查看,0.9148190117645603
226,哪些渠道可以购买京东存款产品？,0.9148041228710383
227,好人贷审核不通过对个人有什么影响,0.9147414005796813
228,为何申请好人贷无结果,0.914693621686419
229,如何确保还款日当天会扣款成功,0.914530155670247
230,如何查询账户是否冻结,0.9144118999804325
231,好人贷审核时是否给填写的联系人去电,0.9144027743472046
232,存管账户如何查询,0.914395793597604
233,提前还款有次数限制吗,0.9143947000607281
234,罚息能否减免,0.9142556379552405
235,京东存款如何修改注册手机号码,0.9142330995203012
236,银行卡挂失会影响自动扣款吗,0.9141803785169654
237,车贷能否绑定他人银行卡,0.9140879168569293
238,如何修改新网随心存注册号码,0.9140786010993556
239,企业邮箱填写错误怎么办,0.9139973068071019
240,支持绑定的银行卡类型有哪些,0.9139814707401072
241,如何查询征信报告,0.9139510758519014
242,如何查看好人贷还款计划,0.9138933586483768
243,新网银行开户支持的证件有哪些,0.9138864551754537
244,为何申请好人贷后显示未获取额度,0.9138795037757589
245,京东存款是否支持提前支取/提前部分支取？,0.9136410429174934
246,选择任何还款方式都可以提前还款吗,0.91362305752136
247,还款后为何未更新还款状态,0.9135589993888449
248,随心存产品停售原因,0.9134358707236868
249,为何无法登录存管查询,0.9134306202171719
250,新网银行的官网地址是什么,0.9133214834009927
251,上传身份证时需填写的内容是什么,0.9133147979361371
252,好人贷扣款账户如何查看,0.9133125499653684
253,联系新网银行客服有哪几种方式,0.9133084198962014
254,如何查询存管账户流水,0.9130804089086392
255,更换银行卡会影响自动扣款吗,0.9130575745319804
256,页面为什么异常跳转,0.912999794280477
257,为何按期还款只能选择部分贷款期限,0.9129559499485936
258,为何提示支付平台其他错误,0.9127653982940306
259,车贷扣款支持的银行卡有哪些,0.9126848125349719
260,是否会发生重复扣款情况,0.9125257502550387
261,银行卡是二类户影响扣款吗,0.9125076177018547
262,绑定银行卡产生费用吗,0.9124455596356
263,什么是单笔借据和多笔借据,0.9123577836100295
264,好人贷申请能否撤销,0.9123383337015225
265,好人贷-云闪付如何更换收/还款银行卡,0.912321519235342
266,按期还款和任性还款的区别是什么,0.9122980162395274
267,新网银行以什么名义放款,0.9121636508371889
268,好人贷申请是否支持人工受理,0.9121397193646384
269,新网诺诺发票贷如何申请,0.9120748572567752
270,提前还款会影响个人征信吗,0.9119512231254826
271,可否取消银行卡限额,0.9119115274298759
272,好人贷贷款利息如何计算,0.911890613317535
273,好人贷为什么提示“账户存在异常操作”,0.9118267882343348
274,可以查询个人信息资料吗？,0.9117441823561059
275,为何申请好人贷页面显示暂无资格,0.9115667932175199
276,随心存利率为何会发生变化,0.9115294053143109
277,我行对客邮箱是多少,0.9115009554684392
278,结清证明是否是还款记录证明,0.911488692592642
279,我们是四川新网银行吗,0.9114752714449332
280,车贷还款记录如何查询,0.9113798299191904
281,为何提示支付平台持卡人信息有误,0.9113551951352286
282,销户与否会产生什么影响,0.9113400016463741
283,好人贷收取哪些费用,0.9112545914322433
284,存款产品如何修改手机号,0.9111755882169006
285,我行放款的其他平台借款会上报征信吗,0.9111657653881191
286,好事贷收取哪些费用,0.911145769407237
287,白骑士认证失败是什么意思,0.9110761012389209
288,为何图文验证码输入正确却提示错误,0.9110144295171936
289,节假日可以操作各类存款吗,0.910911361873548
290,好人贷为什么无法借款,0.9108160945682076
291,银联在线支付是什么,0.9107129521828469
292,注销账户的处理时间,0.9106052228973834
293,好人贷交易密码如何设置,0.9105674623018138
294,好人贷支持随借随还吗,0.910518659250552
295,为何提示支付平台不允许持卡人进行的交易,0.9104550886533824
296,好人贷借款金额与到账金额是否一致,0.9104345071360492
297,能否人工开据贷款证明,0.9104241719165376
298,好人贷账户如何挂失,0.9103594911337195
299,好人贷借款如何上报征信,0.9103425961260349
300,如何查看优惠券的使用情况,0.9103172590735117
301,如何查看开户结果,0.9103085130733374
302,如何办理对公业务,0.9102881415339964
303,如何把注册用户与结算用户都注销,0.9102728758006514
304,好人贷定位如何开启,0.9102391101163262
305,新网银行有信用卡吗,0.9101995262838867
306,如何修改征信上的个人信息,0.9101965951305602
307,银行转账未到账怎么办,0.9101612119930208
308,如何查询好人贷借据收款银行卡,0.9101514559215444
309,审核电话内容是什么,0.9101025373030706
310,车贷如何修改注册手机号码,0.9100862882454628
311,好人贷-云闪付是什么,0.9100745505391518
312,好人贷账户是否为新网银行二类户？,0.9100684379797671
313,公众号页面的“我的排号”是什么意思,0.909984016079881
314,好人贷是否支持提前还当期账单,0.9099743517402644
315,客户表示没有问题了,0.9099211667390679
316,目前支持的银行有哪些,0.909903046032552
317,新网银行发送的短信验证码的有效时长？,0.9098345067388819
318,能否开具非恶意逾期证明,0.9098219355425567
319,为何收到新网银行逾期提醒短信,0.9097200631230281
320,客户要求发送相关模板,0.909665587850294
321,好人贷账户如何注销,0.9096628497816884
322,如何查询转账到新网银行的记录,0.9095546666679849
323,逾期未还款如何处理,0.9095053548451163
324,58车金融客服电话是多少,0.9094858547161476
325,如何查询还款日,0.9094241688836046
326,新网银行存款是否受保障,0.9092477294249867
327,为何提示支付平台当日交易次数超限,0.9092364656439013
328,如何修改存管账户预留手机号码,0.9091889153639725
329,优信客服电话是多少,0.9091303383694768
330,逾期造成的影响是什么,0.909118468515496
331,好人贷以什么贷款类型上报人行征信？,0.9090557188075196
332,为何提示支付平台银行卡未开通银联无卡认证支付,0.9090010877188369
333,存款产品的资金可以用于好人贷还款吗,0.9089886616145838
334,更改银行卡预留手机号的方法,0.9089767317409012
335,新网银行有几个网点,0.9089500904711018
336,身份证更换期间会影响好人贷贷款吗,0.9089303621030299
337,视频认证的步骤是什么,0.9088398878625228
338,获取验证码次数超限怎么办,0.9088110009763413
339,申请好人贷使用的邮箱是公司邮箱还是个人邮箱,0.9087301511085689
340,新网银行有招聘吗,0.9087281028410351
341,他人可以使用本人信息申请好人贷吗,0.9086639192863689
342,开通什么业务,0.9086452818608843
343,为什么无法注册,0.9086365542733912
344,存管账户如何注销,0.9085809033356895
345,为何提示支付平台账户状态异常,0.9085655183070442
346,随心存利率是多少,0.908485020916028
347,企业邮箱验证码可否重新获取,0.9084531792679144
348,查询结清证明申请是否已提交,0.9084261322599283
349,是否需要使用本人手机操作好人贷,0.9084204464873439
350,交易密码无法设置,0.9083916227452273
351,为何提示该证件已被使用,0.9083781131722964
352,征信上显示的贷款金额是否包含利息,0.9083573406866078
353,如何通过线下方式转入新网二类户,0.9081848159914403
354,新网银行二类户如何转入/转出,0.9080930784840733
355,随心存到期后何时到账,0.9080075017153005
356,如何更换好人贷默认还款账户,0.9077823677957959
357,如何更改其他平台的注册手机号码,0.9077636843024869
358,征信上报周期及更新时间,0.9077389092289737
359,实名认证失败的原因是什么,0.907688728475052
360,选择任性还款/按期还款利息如何计算,0.9076761938604463
361,为何征信上有新网银行的贷款审批记录,0.9076036839570182
362,为何提示支付平台该客户无默认扣款卡，交易没有发给统一支付,0.9075702677612164
363,好人贷账户如何更换手机号码,0.9073101185661692
364,如何查询当期车贷还款金额,0.907282399056115
365,为何提示支付平台交易金额超限,0.9072056754173501
366,其他贷款怎么办理,0.9072029706758973
367,如何设置存管支付密码,0.9071914787121989
368,好人贷不借款会产生利息或费用吗,0.9071548409394709
369,抵押类贷款如何办理,0.9071393203569107
370,如何查看银行卡管理列表,0.90700882222606
371,新网银行存款属于理财产品吗,0.9068431739242471
372,为何重置密码后仍提示密码错误,0.9068362743356194
373,为何提示支付平台账户余额不足,0.9066917709856739
374,微信/支付宝等可否与新网银行账户互相绑定,0.9066909258295542
375,定期存款是否有存单,0.906642619481716
376,核身链接失效的原因,0.9065778822061443
377,验证码发送至什么手机号,0.9064228636169893
378,如何获取线上核身链接,0.9064084301424689
379,好人贷是否支持归还逾期部分账单,0.9063975261778747
380,人工是否可操作扣款,0.9063917589786087
381,为何提示支付平台支取金额超过可用余额,0.906358591827671
382,结清证明印章无法查看,0.9060522480848472
383,系统繁忙是什么原因,0.9060436225096724
384,身份证过期可以申请好人贷吗,0.9057914196770834
385,非绑定银行卡可否与新网二类户转账,0.9057676923536917
386,好人贷授信首页显示利率是否为固定利率,0.9057276301324446
387,好人贷还款方式有哪些,0.905723079889937
388,申请好人贷工作信息如何填写,0.9056602022857476
389,为何页面出现多个新网银行账户,0.905586413105231
390,借款后如何判定下次还款日期,0.9055596162328102
391,为何提示支付平台发卡行拒绝,0.9055578820552188
392,如何查看贷款合同,0.9055262524878398
393,新网银行人工客服电话打不通,0.905469568262093
394,购买存款页面为何提示“额度不足，无法购买”,0.9054015546788191
395,为何提示支付平台受发卡行资金用途限制拒绝交易,0.9051826046912528
396,新网银行是否上市,0.9051793585900622
397,为何提示用户未实名认证,0.9051132013511204
398,活体检测失败怎么办,0.9049535298000784
399,一个身份证可以申请好人贷两次吗？,0.9047857471264942
400,人脸识别失败怎么办,0.904695820793693
401,随心存如何修改交易密码,0.9045583831302385
402,什么是注册号码？,0.9043185562896251
403,为什么没有扣款,0.9041558463238356
404,为何结清证明显示日期与平台不符,0.904122596296671
405,新网银行有哪些活动,0.9040395894959692
406,好人贷还款后额度何时恢复,0.9040253963540498
407,贷款证明的电子章是否具有法律效应,0.9039275259419485
408,身份证上传失败怎么办,0.9037627708690965
409,输入身份证号码时，为何无法输入字母,0.9037545495764071
410,新网银行人工客服电话是多少,0.9037139014122061
411,银行渠道维护时间一般是多久,0.903643810093816
412,如何开立存管账户,0.9034680373596209
413,密码被锁定怎么办,0.903420156027414
414,为何无法销户,0.9033485977891197
415,客服是否是随机分配,0.9030716580939553
416,结清证明的印章是否可以用公章,0.9029326926478476
417,还款金额超银行卡限额怎么办,0.9028742977617261
418,好人贷额度是否循环使用,0.9027652969976254
419,如何更换微信号,0.9026969214001412
420,查询各类工单办理进度,0.902620419715756
421,申请好人贷需要公积金、社保吗？,0.9025826038001283
422,可以通过他人银行卡转入到新网银行账户吗,0.9024895262604642
423,好人贷提前还款最低还多少,0.9024022200155775
424,新网银行好事贷如何申请,0.9022454336088525
425,如何操作随心存大额存款,0.9021601084704861
426,借款到账后页面未更新借款状态,0.9021218589022706
427,关闭其他平台额度后，能否恢复好人贷额度,0.9021076419522639
428,随心存存款期限有哪些,0.9020115757649438
429,好人贷当期能否最低还款,0.9019372538840216
430,好人贷审核电话是多少,0.9018316250518823
431,人脸识别使用的是照片还是视频,0.9018206376185733
432,滴水贷客服电话是多少,0.9017849449172163
433,新网银行公众号如何取消关注,0.901681012485052
434,好人贷部分提前还款规则,0.9015847084860248
435,令牌无效是什么,0.9015612558183428
436,借款失败怎么办,0.9014996509140791
437,转账到新网银行如何操作,0.9014974078512722
438,新网银行二类户与好人贷是否为同一个手机号码,0.9014763998335175
439,什么是我的额度和可借额度,0.9014057037443932
440,好人贷利率为什么调高了,0.9013908466398941
441,为何人脸识别提示光线太足,0.9013859436340957
442,新网银行如何联系客户,0.9013630235402408
443,使用优惠券后提前还款利息如何计算,0.9013556829046275
444,什么是风控审核中,0.9011884450486317
445,新网银行二类户限额是多少,0.9011572863684317
446,新网银行有实体卡片吗,0.9010466365525419
447,新网银行合作平台有哪些,0.9008176366422402
448,怎样才能成功申请到额度,0.9006122245427327
449,京东存款的计息规则及计息公式,0.9004460719013241
450,车贷如何提前还款,0.9004441798852608
451,借款合同是否有展示提前还款会收取违约金的情况,0.900415655171799
452,身份证信息变更后如何更新,0.9002657455882459
453,转账到新网银行账户是否还款成功,0.9002239909629309
454,修改手机号码的处理时间是多久,0.9001257290071333
455,新网银行视频认证的QQ号码是多少,0.9000520372263099
456,好人贷借款后能否修改贷款信息,0.9000102569206536
457,好人贷如何提前还款,0.8999849619367396
458,登录时的图文验证码是否区分大小写,0.8999308409681565
459,客户表示需要考虑,0.8999086797059905
460,新网银行存款类产品有哪些,0.8998871197198336
461,好人贷申请必须使用身份证原件吗,0.8998187238744965
462,线下转账如何填写新网银行开户信息,0.899681201546044
463,转入新网银行使用的密码是交易密码还是银行卡密码,0.8996789826994517
464,车贷如何更换还款银行卡,0.8995277505232826
465,新网有哪些产品,0.8994218819731156
466,实名认证是否查询征信,0.8990537277968415
467,如何注销新网注册用户,0.8989633083899689
468,怎样用其他手机登录好人贷,0.898770537813086
469,实名认证为什么不符,0.8983470961653401
470,新网银行账户是什么,0.8980718647302112
471,征信报告是什么样的,0.8978329237605313
472,客户发送截图以及个人信息等,0.8978316198436902
473,自助提额什么时候上线,0.8978207474301463
474,如何解约快捷支付？,0.897691683823337
475,车贷利息是多少,0.8976266198149483
476,新网银行三类户是什么,0.8975323032080484
477,开户是什么意思,0.8974377151533958
478,好人贷额度是否会发生变化,0.8974111404818782
479,退汇是什么意思,0.8972539744803074
480,如何购买新网银行存款产品,0.8972232234273151
481,新网银行合作的存管平台有哪些,0.8971879208536306
482,新网银行地址在哪里,0.8971688857189836
483,新网银行自动扣款时间,0.8970722931688208
484,他行渠道汇入新网账户的到账时间是多久,0.8968792723556839
485,忘记密码怎么办,0.8965436262838671
486,能否删除个人信息,0.8963453618779738
487,如何选择按期还款/任性还款,0.8962316439129253
488,好人贷自动扣款规则,0.8962163164567233
489,银行卡还款限额是多少,0.8961987061996091
490,美团客服热线是多少,0.8960763293824563
491,客户咨询其他平台催收问题,0.8960578627431981
492,如何知晓已注销成功,0.8959630713015386
493,存款产品如何重置交易密码,0.8959586553904563
494,五年定期存款的利率是多少,0.8959430494434486
495,还款记录如何查看,0.895923034019128
496,好人贷是邀请制吗,0.8958017934117809
497,诺诺发票贷的利率是多少,0.8958015954887092
498,还款后页面显示等待中,0.8957874461793326
499,新网银行存款产品为何暂停交易,0.8956062255283478
500,为何提示交易密码验证失败,0.8953168505567688
501,好人贷申请是否可以使用临时身份证,0.8950561103930156
502,存款产品是否保本保息,0.8947744878949151
503,好人贷为何无法还款,0.894734915207423
504,新网账户绑定微信/支付宝后支持提现或充值吗,0.8943799596644336
505,定期存款操作的渠道有哪些,0.8939709689142568
506,如何更换借款收款银行卡,0.8939595891437799
507,五年定期存款是什么,0.8933660466943365
508,什么是分批次扣款,0.8931914308265941
509,申请被拒怎么办,0.8929954071197207
510,新网银行行号是多少,0.8927883336922315
511,好人贷能否绑定他人银行卡,0.8925379322441613
512,按期还款是什么,0.8924644029334622
513,为何无法申请好人贷,0.8924221559778382
514,在哪个平台操作提现,0.8924141419343345
515,好人贷借款合同有效期是多久,0.8923514635300572
516,企业邮箱格式是什么,0.8921993060527784
517,结清证明开据时间是多久,0.8918087376275753
518,如何修改实名认证手机号码,0.8917392665178517
519,可绑定银行卡数量上限,0.891331451317108
520,迁户是什么意思,0.891079926037768
521,新网银行的活期利率是多少,0.8910160116173406
522,为何提示系统异常,0.8909082464301585
523,车贷如何申请,0.8908252408955478
524,随心存T+1是什么,0.8907654240783802
525,如何开据存款证明,0.8906260272465728
526,线上转入新网银行账户到账时间是多久,0.8903682008528242
527,好人贷额度为什么变低了,0.8902906424043091
528,车贷逾期如何还款,0.8902756114687302
529,经侦是指什么,0.8900122616346823
530,好人贷电话回访时间,0.8897541977429627
531,工新借如何申请,0.8897411694104934
532,好人贷放款至什么账户,0.8889956091372299
533,好人贷通过率多少,0.8889699252290869
534,如何签署借款合同,0.8888953166944328
535,如何降低/关闭额度,0.8887093609462852
536,好人贷能否人工操作提额,0.8884300948824538
537,好人贷如何试算利息,0.8878376889964259
538,手机获取验证码失败,0.8876102350464475
539,存管提现到账时间是多久,0.8874788228287706
540,客户表示有合作意向,0.8874434755882992
541,车贷如何还款？,0.8874385403419932
542,周得利计息规则,0.8873001188234976
543,消费凭证有效期是多久,0.8871613668441618
544,注册规则是什么,0.887055550074133
545,车贷平台如何查询,0.8866256224327732
546,获取额度后多久可发起借款,0.8865705717394483
547,好人贷如何主动还款,0.8857671552211293
548,房产保证金是什么,0.8855713202610375
549,自动扣款如何操作,0.8855603229540712
550,如何关注新网银行公众号,0.8854598858248534
551,登录密码为何无法重置,0.8854303424616139
552,自动扣款时间段是多久,0.8854301984461729
553,好人贷有额度后如何进行贷款,0.8849972639464972
554,客户表示还款成功,0.8847159170652811
555,客户提到投诉,0.8846938908575103
556,随心存存入限额,0.8844799200140548
557,新网银行自动扣款次数,0.8844270350776099
558,手持身份证拍照的注意事项,0.883460049615934
559,如何激活新网二类户,0.8834270556882158
560,开户失败原因,0.8833879440194972
561,车贷如何解绑银行卡,0.8829434705786898
562,好人贷与其他平台类似产品的区别是什么,0.8827792130114713
563,各还款方式如何进行还款,0.8826404306234322
564,如何删除身份证信息,0.8825129867784617
565,关于消费凭证,0.8817685171416664
566,额度冻结是什么意思？,0.8813609991725135
567,新网银行业务办理时间,0.8811650633796324
568,什么情况算违约,0.881131314194095
569,好人贷申请身份证可否添加水印,0.8810045034580705
570,存款产品支取通用路径,0.8803494430410571
571,关于客户个人信息安全问题,0.8803041366192799
572,申请好人贷是否都有额度,0.8793922325586464
573,客户表示知道了,0.8784656922666005
574,新网银行人工客服服务时间,0.8782740287518191
575,如何在新网银行开户,0.8780263597310699
576,如何换绑银行卡,0.8778109685506543
577,如何注销新网二类户,0.8777960150128146
578,如何办理好人卡？,0.8777787515544708
579,定期存款的利率是多少,0.8773034247394643
580,好人贷个人资料如何修改,0.8771862682494165
581,好人贷月利率是多少,0.8767476598197395
582,好人贷年化利率是多少,0.876330962754892
583,美利车联系电话,0.875003277798001
584,存管账户充值限额,0.8740629062981302
585,定期存款到期如何支取,0.8739774673178606
586,季得利是什么,0.8737612462466886
587,扣款失败的原因,0.873636904630193
588,如何绑定银行卡,0.8727591240736907
589,可否对公还款,0.8726223524285914
590,存管查询的余额如何提现,0.8724999247724463
591,如何录制活体检测,0.8721270477569043
592,好人贷的办理时间,0.8719939288184044
593,什么情况算逾期,0.8713679567996586
594,什么是当期账单,0.8712378652593041
595,好人贷利率为什么高,0.8709668346222432
596,好人贷如何降低利率,0.8707440760506333
597,什么是综合评估,0.8705183052645569
598,如何冻结新网银行账户,0.8704661858792416
599,好人贷利率是多少,0.8704005914163312
600,存款利率是多少,0.8692751745081667
601,实名认证审核时间,0.8682640976987697
602,好人贷为什么无法登录,0.8679803078583235
603,贷款证明如何开据,0.8679295864855372
604,好人贷还款后多久到账,0.867755926364688
605,好人贷额度他人能否使用,0.8675322228648936
606,征信是什么,0.8671096336742439
607,什么是登录密码,0.8661079152426326
608,如何邀请好友申请好人贷,0.8659377747619024
609,绑定银行卡失败,0.8649251389902539
610,好人贷如何申请,0.8644929221103224
611,合作平台如何取消贷款,0.8629331213335454
612,好人贷如何自助提额,0.8618551193727476
613,好人贷审核时间是多久,0.8617133854877895
614,什么是活体检测,0.8616452034473654
615,如何注销公众号,0.8603845817725397
616,如何退出微信公众号,0.8599018864137692
617,工新借是什么,0.8596432046248602
618,好人贷贷款期限是多久,0.8594789343286573
619,什么是还款日,0.8592611034708544
620,好人贷提额周期是多久,0.8591413160121489
621,客户表示不满,0.8590655330270675
622,新网银行APP下载,0.8587332978474391
623,好人贷借款多久到账,0.8585457380651514
624,好人贷是否有临时额度,0.8584999855336888
625,好人贷消费用途,0.8573126111450027
626,创客贷额度是多少,0.857251657296851
627,新网银行简介,0.8569022790790247
628,随心存是什么,0.8557255906865916
629,好人贷如何审核,0.8553554609830143
630,客户表示稍等,0.8542592852948062
631,优惠券如何使用,0.8539911127106952
632,可否延期还款,0.8524470819491313
633,好人贷借款规则,0.8519787966954645
634,存管是什么,0.8517837805439427
635,公众号如何注册,0.851077189450686
636,季得利如何计息,0.8499965128204675
637,好人贷如何实名认证,0.848056816684038
638,批扣时间段是多久,0.8464268913187003
639,罚息介绍,0.8459587442571991
640,如何增加银行卡,0.8451142674996003
641,好人贷额度是多少,0.8423208212566898
642,客户称赞服务好,0.8418443795137556
643,如何解绑银行卡,0.8415066159221951
644,客户提出建议,0.841457821313216
645,什么是一、二、三类户,0.8398226459799149
646,好人贷额度有效期是多久,0.8376623338317447
647,额度占用问题,0.8376431689121149
648,好事贷如何还款,0.8358903893942804
649,好人贷如何提高额度,0.8340712667209957
650,密码如何修改,0.8336225700917655
651,有多少人获得好人贷额度,0.8319191089000071
652,人脸拍摄规范,0.8279598979147706
653,如何进入好人贷页面,0.8247128918091662
654,任性还款是什么,0.823674850541876
655,好人贷为什么额度低,0.8233300716604061
656,随心存如何计息,0.8219849629911551
657,好人贷如何还款,0.8210608113871953
658,合作平台如何还款,0.8196567770743649
659,如何登录微信公众号,0.8178037390532388
660,额度冻结怎么办,0.8156041361183111
661,如何进入个人中心,0.8073263175947238
662,随心存如何登录,0.7840060609862832
663,什么平台的贷款,0.7790870711714124
664,好人贷是什么,0.7745608475683097
665,如何获得优惠券,0.7742565743710165
666,季得利如何支取,0.7325397250630356
