0,下午补扣对信用有没有影响,1.0
1,补扣会影响信用吗,0.9738134158370525
2,收款卡发卡行拒绝放款失败什么意思？,0.9595897729837833
3,扣款结果会有短信提示吗,0.9586613873089047
4,线上开据证明为何和征信金额不符,0.9577759716615099
5,借款成功会有短信等提醒吗,0.9570633312767192
6,优信扣款成功后为何显示待还款,0.9561573318132606
7,好人贷审核不通过对个人有什么影响,0.956060245609119
8,征信上显示的贷款金额是否包含利息,0.9551225012022436
9,存管查询为何提示用户不存在或者信息有误,0.955048898552323
10,未正常还款我行会进行催收吗,0.9545460991879279
11,好人贷申请是否查询芝麻信用,0.9543933601614584
12,是否可以取消自动扣款,0.9543309786517404
13,有额度不使用有什么影响吗,0.9540254812934768
14,实际申请金额与放款金额不一致可否取消车贷,0.9532258602744944
15,好人贷不借款会产生利息或费用吗,0.9523557986904253
16,银行卡是二类户影响扣款吗,0.9520635011265031
17,随心存停售后有影响吗,0.9519666962462734
18,为何征信上有新网上报的贷款记录,0.9518372770393072
19,结清贷款后征信上是否会显示结清,0.9518102446647936
20,系统升级会影响扣款吗,0.9514746367119548
21,申请好人贷后，可否更改授信结果,0.9510526569691191
22,如何取消征信查询及使用授权书,0.950904622546264
23,银行卡挂失会影响自动扣款吗,0.9506833330992759
24,逾期后还款金额是否会增加,0.9501937813934698
25,好人贷必须绑定银行卡使用吗,0.9500271039466256
26,为何提示还款卡不存在,0.9499110213873443
27,好人贷申请成功会有短信通知吗,0.9498109549951299
28,线上开据证明有次数限制吗,0.9494964899871164
29,好人贷支持扣款的银行有哪些,0.9493998274756593
30,贷款证明的电子章是否具有法律效应,0.9493072729781028
31,如何查询好人贷申请的授信结果,0.9491586582931263
32,提前结清贷款后还会扣款吗,0.949134284836377
33,半年得利提前支取影响已发放利息吗,0.9490876056331874
34,更换银行卡会影响自动扣款吗,0.9489338049092567
35,无法提供消费凭证可以取消贷款吗,0.9488588714018794
36,车贷合同里的金额是否包含利息,0.9488267538745033
37,新网银行有哪些产品可以提额,0.9487959478775875
38,线上是否可开据征信版结清证明,0.9487942446019076
39,再次申请好人贷会查询征信吗,0.9486698288563082
40,好人卡绑定云闪付/微信等失败怎么办,0.9485933078668047
41,为何提示支付平台签约关系不存在,0.9482775231324738
42,季得利提前支取影响已发放利息吗,0.9481918540444173
43,可否按照征信订单号开据证明,0.9478247993590022
44,绑定银行卡产生费用吗,0.9478230246328584
45,好人贷只能通过绑定的银行卡还款吗,0.9476948139320925
46,好人贷提额会查询征信吗,0.9475474662356589
47,为何提示支付平台该客户无默认扣款卡，交易没有发给统一支付,0.9473392362298111
48,为何征信上的放款日期与实际借款日期不一致,0.9471271304220322
49,好人贷授信首页显示利率是否为固定利率,0.9470889795822162
50,贷款结清之后能否删除贷款记录,0.9469286702123622
51,为什么提前还款显示联合贷批次执行中？,0.9468262809657875
52,好人贷借款时还会审核吗,0.9468186831081183
53,可否取消银行卡限额,0.9466735517398671
54,开据证明为何显示没有符合要求的订单,0.9466454093516277
55,购买存款页面为何提示“额度不足，无法购买”,0.9465317793948278
56,为何之前绑定的银行卡不支持扣款了,0.9464167277472949
57,为何征信上有新网银行的贷款审批记录,0.9463852861651016
58,借款合同是否有展示提前还款会收取违约金的情况,0.9463573327317677
59,销户后是否上征信,0.9458727590266971
60,是否会发生重复扣款情况,0.9456625467805063
61,如何查询合作平台贷款是否结清,0.9456205917930244
62,提前还款有次数限制吗,0.9454947158919884
63,为何提示支付平台受发卡行资金用途限制拒绝交易,0.945413134074598
64,好人贷注册手机号与银行卡预留手机号是否需要一致？,0.9454030875706934
65,页面为何提示“开户失败”、“账户存在异常操作/账户异常”,0.9451490014540969
66,修改手机号码/微信号是否会影响自动扣款,0.9451238766393132
67,自动扣款失败怎么办,0.9450536096699306
68,为什么银行还款存在限额？,0.9450308974325966
69,开据证明时为何提示账户存在异常,0.9448004701939257
70,为何提示还款存在差错,0.9447888075862244
71,车贷扣款支持的银行卡有哪些,0.9445424349676553
72,新网银行存款是否受保障,0.9444641943317494
73,为何同时收到了还款成功和失败的短信,0.9442637577601954
74,为什么收到提额短信但额度未提升,0.9440773573116205
75,提前还款会影响个人征信吗,0.9436946622752203
76,贷款证明开据失败怎么办,0.9436706625104121
77,车贷还款只扣除部分是什么原因,0.943468760463482
78,银行卡开通银联在线支付后是否可正常还款,0.9432415347841061
79,好人贷贷款利息如何计算,0.9432221887197423
80,好人贷支持微信/支付宝扣款吗,0.9429868432406362
81,为何征信上有新网银行上报的逾期,0.9427378615022212
82,车贷可以修改还款日吗,0.9427166352916367
83,使用优惠券后提前还款利息如何计算,0.9427027183397579
84,平台方手机号变更导致我行无法直接开据结清证明问题,0.9426777026950233
85,好人贷借款超时未到账如何处理,0.9425154493766782
86,结清贷款后什么时候可以开据结清证明,0.9425064016335073
87,新网银行发送的短信验证码的有效时长？,0.942482273387549
88,销户后为何还能解绑银行卡,0.9424785442733671
89,绑卡时页面上的银行卡预留手机号码可以修改吗,0.9424668262429214
90,申请诺诺发票贷需要什么条件,0.9423830591434813
91,我行放款的其他平台借款会上报征信吗,0.9422200328247824
92,如何确保还款日当天会扣款成功,0.9421686841178543
93,好人贷被拒后为何没有下次开放时间,0.942114532881774
94,新网银行扣款通道是什么,0.9421024525102807
95,借款时选错收款账户怎么办？,0.9420629729441664
96,好人贷借款记录如何查询,0.9417584683536613
97,为何提示不具备开具资格,0.9417341838667938
98,存款页面是否会显示每日收益,0.9414785338458078
99,新网银行有企业贷款吗？,0.9412305441291148
100,存款产品的资金可以用于好人贷还款吗,0.9412090420025406
101,车贷合同为何无法查看,0.9411503153902822
102,为何提示支付平台持卡人信息有误,0.9411040289394402
103,为何存管查询提示没有密码,0.9410773577705112
104,挖财还款是否为新网银行代扣,0.9407883621707375
105,为何申请好人贷后显示未获取额度,0.9407527772394563
106,好人贷以什么贷款类型上报人行征信？,0.940738917412668
107,结清证明的发送方式有哪些,0.9406719837259802
108,注册手机号及微信号需要实名制吗,0.9405899616699497
109,转账时为何提示未面核,0.9405206069651233
110,微信号更换成功后何时可以正常使用,0.9404622703296669
111,提前还款手续费是多少,0.9403843787941136
112,支持绑定的银行卡类型有哪些,0.9403769503806115
113,车贷收取哪些费用,0.9403726807133477
114,借款到账后页面未更新借款状态,0.9401339096277876
115,好人贷支持在国外发起借款吗,0.9401014162006815
116,为何按期还款只能选择部分贷款期限,0.9400582818472191
117,好人贷如何查看所支持的还款方式,0.9400136116516651
118,好人贷借款金额与到账金额是否一致,0.9399292106552758
119,银行渠道维护无法操作怎么办,0.9398782521096396
120,申请好人贷需要开个人账户吗？,0.9398014604640945
121,新网银行以何名义查询征信,0.939766763893676
122,为何无法提交好人贷申请资料,0.9397267251999414
123,为什么拍照认证时总是不成功或显示系统崩溃,0.9396859614056379
124,好人贷借款后能否修改贷款信息,0.9395861779644858
125,新网二类户上的资金是否计息,0.939390190515088
126,查询结清证明申请是否已提交,0.939003080328278
127,为何提示支付平台支取金额超过可用余额,0.9387087159434726
128,如何查询是否开通银联在线支付,0.9386927325399459
129,京东存款的计息规则及计息公式,0.9386920604054892
130,申请好人贷需要下载APP吗？,0.9386228336340406
131,存款需要先开立银行账户吗,0.9385798415221092
132,新网银行有信用卡吗,0.9385120096073795
133,白骑士认证失败是什么意思,0.9382914360254162
134,好人贷扣款账户如何查看,0.9382713049925478
135,身份证更换期间会影响好人贷贷款吗,0.938224200204945
136,名下所有卡被冻结后如何还款,0.9381995354920872
137,视频认证录制失败的原因是什么,0.9380297015335299
138,在线咨询是否支持客户发送语音,0.937862515778672
139,罚息能否减免,0.9378146826656637
140,结清证明会展示哪些信息,0.9377802706303264
141,随心存利率为何会发生变化,0.937763020377786
142,选择任何还款方式都可以提前还款吗,0.9376483215259335
143,平台方提供的客户审批资料能否提供给客户,0.9376364936574252
144,能否开具非恶意逾期证明,0.937566920548573
145,为何销户后还能看到好人贷信息,0.9374598677449262
146,好事贷收取哪些费用,0.9372700858053898
147,还款银行卡是否需要开通银联在线支付业务,0.9371794118615184
148,新网银行账户可以在哪些地方使用,0.9371775325095515
149,进入随心存为何提示手机号码不一致,0.9371382371418359
150,电话客服是否可以受理结清证明,0.9370414227538508
151,如何查询申请相关的协议书,0.9369173854971473
152,新网银行账户的交易记录如何查看,0.936848171536729
153,转入新网银行使用的密码是交易密码还是银行卡密码,0.936702892578048
154,注册手机号更换成功后何时可以正常使用,0.9365028002706591
155,存款产品是否存满五年才能支取,0.9364948328161985
156,哪些渠道可以购买京东存款产品？,0.9364201475705243
157,申请好人贷必须填写联系人信息吗,0.9363967383843131
158,还款金额超银行卡限额怎么办,0.9363665535916709
159,好人贷申请需要填写哪些个人信息,0.9363230305367812
160,为何提示交易密码验证失败,0.9363116176034749
161,如何查看优惠券的使用情况,0.936292633615195
162,诺诺发票贷的利率是多少,0.9361785704413308
163,为何提示支付平台暂不支持的银行或限额,0.9361703043208247
164,什么是无卡支付及免密支付,0.9360701961368257
165,好人贷收取哪些费用,0.9360114576572247
166,为什么点击拍照没有反应,0.9360104539053171
167,新网银行开户支持的证件有哪些,0.9359872492776247
168,为何提示支付平台银行卡未开通银联无卡认证支付,0.935986511408915
169,结清证明是否是还款记录证明,0.9359789764890789
170,申请好人贷需要哪些资料,0.9358522284129361
171,为何提示支付平台渠道不支持的银行,0.9357862318276687
172,客服能否看到客户申请好人贷的信息,0.9356921741944992
173,选择任性还款/按期还款利息如何计算,0.9355737311003616
174,如何查询其他平台扣款银行卡,0.9353272037318265
175,公众号是否有还款提示,0.9353245255035323
176,新办的手机号可以申请好人贷吗,0.935165560528053
177,平台还款信息为何与新网银行不一致,0.9351412904487856
178,京东存款为什么显示当日额度为什么已售罄？,0.9350121171792832
179,咨询可以发送图片吗？,0.9349304066712681
180,为何图文验证码输入正确却提示错误,0.9348491779051252
181,如何查看委托支付协议,0.9348289968816142
182,好人贷是否支持归还逾期部分账单,0.9347524033161781
183,京东存款是否支持提前支取/提前部分支取？,0.9347203175025967
184,申请好人贷后为何页面显示仍可提交申请,0.9346239518081105
185,如何查询当期车贷还款金额,0.9345179620484891
186,为何提示支付平台不允许持卡人进行的交易,0.9345142120288817
187,当期账单支持再分期吗,0.9343514296064495
188,开具结清证明时为何无法登录,0.9342801017196329
189,能否人工开据贷款证明,0.9342428388242763
190,未接到好人贷回访电话会被拒吗,0.9341797223049747
191,节假日可以借/还款吗,0.9341558875332647
192,申请好人贷后有没有回复,0.934124007845054
193,通过本人微信找回密码是指什么,0.9340894964315962
194,月得利提前支取如何计息,0.9340286138425483
195,好人贷是否支持提前还款,0.9338770377873782
196,为何申请好人贷页面显示暂无资格,0.9338010720960443
197,新网银行账户可以设置为好人贷借/还款账户吗,0.9337022063100471
198,抵押类贷款如何办理,0.9336618924894396
199,转账到新网银行账户是否还款成功,0.9336025846976497
200,随心存产品停售原因,0.9335551911895221
201,好人贷支持周末借款吗？,0.9335176285921095
202,查询车贷的注册手机号码是什么,0.9334752903549389
203,新网银行存款属于理财产品吗,0.9334529270904531
204,实名认证失败的原因是什么,0.9334376676907828
205,新网诺诺发票贷如何申请,0.9334268671650765
206,好人贷申请的渠道有哪些,0.9333443557771032
207,交易密码无法设置,0.9332968202435005
208,新网二类户转入/转出有时间限制吗,0.9332834714237859
209,为什么取消了提前部分还款,0.933140715177281
210,随心存可以在我行公众号查询/操作吗,0.9331025489455116
211,如何查询好人贷借据收款银行卡,0.9330521552265985
212,提前支取有限制吗,0.9330475726960882
213,为何存管信息与平台显示不一致,0.9329814511563357
214,注销注册用户后是否可恢复？,0.9329505976524114
215,好人贷是否支持提前还当期账单,0.9329241980340252
216,好人贷借款如何上报征信,0.932919499627058
217,为什么好人贷第一期还款金额与之后不一致,0.9329083805599467
218,如何查看手机号是否实名制,0.9328183384486123
219,新网银行存款产品为何暂停交易,0.9327928023112929
220,定期存款是否有存单,0.9327756675800237
221,好人贷只能使用微信登录吗？,0.932661171033379
222,客户催促需要加急办理,0.9326066663404257
223,修改手机号后是否需要重置登录密码,0.9325917904249548
224,如何查看好人贷相关协议/合同？,0.9324579622080157
225,季得利的操作渠道有哪些,0.9323733075138665
226,随心存利率是多少,0.9323568608007131
227,好人贷上征信吗,0.932350664580253
228,借款后如何判定下次还款日期,0.9319795770937093
229,人工是否可操作扣款,0.9319643062615169
230,新网银行存款类产品有哪些,0.9319431688781751
231,手机号归属地与定位地不一致是否有影响,0.9319364329678061
232,审核电话可更改接听电话吗,0.9319032756393824
233,好人贷交易密码如何设置,0.9318904694144937
234,为何还款后额度恢复减少了,0.9318718292401659
235,为何好人贷还款时提示“交易处理中”,0.9318449698467888
236,新网二类户转入/转出收取手续费吗,0.9318434930126136
237,好人贷额度必须一次性借完吗,0.9317164953287179
238,申请好人贷有区域或者号段等限制吗,0.9316562685735282
239,客服能否查看聊天记录,0.9316269480232776
240,随心存存款期限有哪些,0.9315985163967991
241,核身链接失效的原因,0.9315192557528694
242,新网银行能否绑定云闪付,0.9314322138975426
243,好人贷为什么提示“账户存在异常操作”,0.9313783394919637
244,非绑定银行卡可否与新网二类户转账,0.9312775347575716
245,节假日可以操作各类存款吗,0.9312681227174396
246,结清证明印章无法查看,0.9312013728859787
247,周得利提前支取如何计息,0.9311725386868898
248,好人贷手动还款时为何提示批次执行中,0.9310756750159538
249,提额会有通知吗,0.9309773323598836
250,五年定期存款的利率是多少,0.9309651121551885
251,好人贷注册手机号无法使用,0.9309072471010963
252,好人贷为什么无法借款,0.930897092083515
253,好人贷部分提前还款规则,0.9308449014198916
254,好人贷自动扣款规则,0.9308032485563885
255,什么是银行卡预留手机号？,0.9307365014396437
256,可以让别人代还款吗？,0.9307249378721707
257,还款日可以修改吗,0.9306976651339944
258,还款日当天是否自动扣款,0.9306965757700891
259,好人贷账户是否为新网银行二类户？,0.9304814352439236
260,按期还款和任性还款的区别是什么,0.9304581352908531
261,为何重置密码后仍提示密码错误,0.9303921535706492
262,为何收到新网银行还款短信,0.9303367034634585
263,好人贷-云闪付如何更换收/还款银行卡,0.9302949012597885
264,获取验证码次数超限怎么办,0.9302590530499002
265,申请创客贷需要什么条件,0.9301693887673748
266,拨打我行人工客服电话是否收费,0.9301315119555452
267,好人贷支持随时借款吗,0.930085414252338
268,逾期造成的影响是什么,0.9299768369605005
269,新网银行的活期利率是多少,0.9299742322997301
270,为什么收到美利车金融的短信,0.9296132366366775
271,为何提示支付平台交易金额超限,0.9295086222358397
272,新网银行有招聘吗,0.9293197007577737
273,如何把注册用户与结算用户都注销,0.9292840569587895
274,为什么提示用户不存在,0.9292696793626308
275,手机号无法使用为什么,0.9292080590910248
276,存款产品是否保本保息,0.9291487629918636
277,新网银行自动扣款时间,0.9289422233895095
278,银行卡还款限额是多少,0.9289151313202619
279,新网银行有实体卡片吗,0.9289016693879406
280,新网二类户可以升级为一类户吗？,0.9289007325151115
281,如何查询存管账户流水,0.9288654686794537
282,微信/支付宝等可否与新网银行账户互相绑定,0.9288487053468788
283,存款产品如何重置交易密码,0.9288235221573212
284,好人贷审核时是否给填写的联系人去电,0.9287616569927536
285,线下转账如何填写新网银行开户信息,0.9287093069703138
286,实名认证是否查询征信,0.9286977565911961
287,为何提示支付平台账户余额不足,0.9285732870207511
288,为何提示支付平台当日交易次数超限,0.9284137547262076
289,还款日当天支持手动还款吗,0.9283454127267364
290,申请好人贷需要公积金、社保吗？,0.92831686451774
291,好人贷申请能否撤销,0.9283104565632722
292,随心存如何查看收益情况,0.9282787448646805
293,如何查询转账到新网银行的记录,0.9282650681179817
294,联系新网银行客服有哪几种方式,0.9282616148904514
295,提前支取时为何显示存入,0.9282490595349674
296,如何查看随心存购买情况,0.928235611878924
297,好人贷还款记录如何查询,0.928110462917455
298,如何修改征信上的个人信息,0.928081937147541
299,客户表示没有问题了,0.9280123697713704
300,可以查询个人信息资料吗？,0.9279556188552633
301,如何查看银行卡管理列表,0.9279103008837832
302,为何申请好人贷无结果,0.9278972402514063
303,借款失败怎么办,0.9278267699671293
304,好人贷申请是否支持人工受理,0.9277455289114868
305,好人贷可以重新申请吗,0.9276350786236028
306,什么是我的额度和可借额度,0.9276298803301533
307,车贷支持手动还款吗,0.9275825538568906
308,车贷还款记录如何查询,0.9275352839209613
309,申请好人贷没有公司邮箱怎么办,0.927461515540256
310,好人贷-云闪付如何提前还款,0.927402580402196
311,新网银行视频认证的QQ号码是多少,0.9273953813479465
312,如何查询征信报告,0.9273692156041564
313,新网银行有哪些活动,0.9272765325702086
314,合同为何无法打开,0.927265288982814
315,新网银行以什么名义放款,0.9271616142437068
316,可以查询注册手机号码吗,0.9271322170799885
317,征信上报周期及更新时间,0.9271237481072062
318,注销账户的处理时间,0.9269703569706188
319,五年定期存款支持提前支取吗,0.92681725752379
320,如何查询是否已申请好人贷,0.926814459684699
321,好人贷额度是否循环使用,0.926720975744542
322,开据证明时为何需要实名认证,0.9266527866384321
323,销户与否会产生什么影响,0.9266293055507164
324,随心存操作渠道有哪些,0.9266100314368803
325,新网账户之间能否互相转账,0.9265795002140585
326,结清证明的印章是否可以用公章,0.9265551546151477
327,随心存提前支取到账时间,0.9265182900308968
328,如何查询账户是否冻结,0.9265126899490727
329,什么是单笔借据和多笔借据,0.9264734372617006
330,为何收到新网银行逾期提醒短信,0.9260295802979872
331,好人贷利率为什么调高了,0.9259842324234843
332,定期存款操作的渠道有哪些,0.9258005429227956
333,为何提示支付平台发卡行拒绝,0.9257128017350948
334,如何修改新网随心存注册号码,0.9256557967055389
335,申请好人贷需要什么条件,0.9256458994274785
336,京东存款如何修改注册手机号码,0.9256395354612509
337,公众号页面的“我的排号”是什么意思,0.9256229680495087
338,存管账户如何查询,0.9256038974044235
339,如何设置存管支付密码,0.9255976295409567
340,为何提示用户未实名认证,0.9252944076273949
341,在线客服是否是人工客服,0.9251757976798917
342,存管密码被锁定怎么办,0.9250607971347051
343,银行渠道维护是指什么,0.9249779353241844
344,如何购买新网银行存款产品,0.9249133164868829
345,如何修改存管账户预留手机号码,0.9247603733897284
346,接收短信的手机号是否为注册手机号,0.9246588109057405
347,好人贷提前还款最低还多少,0.9245121488275921
348,"好人贷有回访电话吗""",0.9243173497469251
349,新网账户绑定微信/支付宝后支持提现或充值吗,0.9243051228305225
350,可绑定银行卡数量上限,0.9242735473229845
351,新网银行二类户限额是多少,0.9241298314891179
352,黑户/白户是否可以申请好人贷,0.9239396264138598
353,更改银行卡预留手机号的方法,0.9239333013129098
354,扣款失败的原因,0.9238962394985389
355,如何查看好人贷还款计划,0.9238660483085522
356,如何更换借款收款银行卡,0.9237809710329046
357,好人贷支持随借随还吗,0.9237172992895131
358,车贷能否绑定他人银行卡,0.9236332806469448
359,如何更换好人贷默认还款账户,0.9236031537351811
360,逾期未还款如何处理,0.9232579360876126
361,销户后可以再开户吗,0.9231538163982547
362,为何提示支付平台其他错误,0.9231369661805066
363,新网银行自动扣款次数,0.923092453046434
364,新网二类户为何无法转入/转出,0.9230683756438209
365,新网银行合作的存管平台有哪些,0.9230559551049637
366,好人贷账户如何查询,0.9229627122063955
367,周得利计息规则,0.9229393275588202
368,车贷利息是多少,0.9229335310076119
369,登录时的图文验证码是否区分大小写,0.9228906172911124
370,还款后为何未更新还款状态,0.9225805670031292
371,查询各类工单办理进度,0.922379881000721
372,居住信息如何填写,0.922321334532378
373,如何操作随心存大额存款,0.9222924290899974
374,车贷如何办理解押手续,0.9221170293906333
375,定期存款的利率是多少,0.9219582710522082
376,好人贷有回访电话吗,0.9219224292006934
377,申请好人贷工作信息如何填写,0.9218977635966182
378,其他贷款怎么办理,0.9218484857486443
379,银联在线支付如何开通,0.9217874175336134
380,好人贷借款合同有效期是多久,0.9217397224043032
381,银行转账未到账怎么办,0.9215088382676991
382,为何提示该证件已被使用,0.9214194600346753
383,新网银行人工客服电话打不通,0.9211937853857648
384,车贷申请多久可以放款,0.9211553389924452
385,好人贷审核电话是多少,0.9207490662778394
386,申请好人贷使用的邮箱是公司邮箱还是个人邮箱,0.9206449959412302
387,好人贷还款后额度何时恢复,0.920640207786598
388,上传身份证时需填写的内容是什么,0.9204826313855013
389,企业邮箱验证码可否重新获取,0.9204304128352514
390,随心存支持提前支取吗,0.9204179476026599
391,活体检测失败怎么办,0.9203559659075551
392,下一次开放时间是什么意思,0.9202001410501611
393,为何无法登录存管查询,0.9201749835384535
394,为何提示支付平台账户状态异常,0.9200420188472748
395,好人贷如何试算利息,0.9200044345190084
396,好人贷账户如何挂失,0.9200006047068221
397,如何查看开户结果,0.9199420296264059
398,如何查询车贷还款日,0.9198686891328083
399,随心存如何修改交易密码,0.9195826928850789
400,存管账户如何注销,0.9192816246043525
401,目前支持的银行有哪些,0.919253800979934
402,新网银行有几个网点,0.9189849799521185
403,客户咨询其他平台催收问题,0.9189027355374799
404,如何查看贷款合同,0.9186575915365591
405,身份证上传失败怎么办,0.9185226196422998
406,可以通过他人银行卡转入到新网银行账户吗,0.9184852921163967
407,操作好人贷是否需要开启定位,0.9183511347945422
408,好人贷当期能否最低还款,0.9179885454987008
409,企业邮箱填写错误怎么办,0.9178357590819052
410,车贷合同如何查看,0.9176804079230293
411,好人贷还款方式有哪些,0.9175349324399773
412,身份证过期可以申请好人贷吗,0.9174911645978231
413,新网银行是否上市,0.9174471670585547
414,存在迁户问题怎么处理,0.9174441824897999
415,好人贷额度是否会发生变化,0.9173850935796659
416,新网银行人工客服电话是多少,0.9173083164202303
417,实名认证为什么不符,0.9172242577835809
418,存款产品如何修改手机号,0.9170251237510919
419,好人贷需要面签吗,0.9169104652070024
420,为何页面出现多个新网银行账户,0.916847164154537
421,他人可以使用本人信息申请好人贷吗,0.9168221233482801
422,转账到新网银行如何操作,0.9164266469809116
423,身份证信息变更后如何更新,0.9162817230867352
424,审核电话内容是什么,0.9161787365654134
425,自动扣款如何操作,0.916118798586846
426,客户要求发送相关模板,0.9160157704147001
427,新网银行公众号如何取消关注,0.9159388892609661
428,可否补充企业邮箱,0.9158418065745267
429,获取额度后多久可发起借款,0.9154595258527588
430,个人可以在新网开立几个账户,0.915441109220542
431,如何查询还款日,0.9148164741648811
432,新网银行二类户如何转入/转出,0.9146156368252756
433,58车金融客服电话是多少,0.9144978808336435
434,车贷如何更换还款银行卡,0.9144397509296541
435,手机获取验证码失败,0.9141521243573454
436,车贷如何修改注册手机号码,0.9140037662661965
437,开户失败原因,0.913974193706143
438,企业邮箱为何验证不了,0.9136453055964296
439,消费凭证有效期是多久,0.9135534204811547
440,存管账户充值限额,0.9133662113081153
441,好人贷年化利率是多少,0.9133463226430945
442,如何注销新网注册用户,0.9132704341148956
443,关闭其他平台额度后，能否恢复好人贷额度,0.9127685746617736
444,如何获取线上核身链接,0.9127576802239125
445,可以咨询吗,0.912713384160575
446,关于客户个人信息安全问题,0.9126895809948774
447,他行渠道汇入新网账户的到账时间是多久,0.9126190100642521
448,什么是风控审核中,0.912592154240708
449,好人贷月利率是多少,0.9125905868003671
450,为何提示缺少必要参数,0.9125524219378255
451,好人贷账户如何更换手机号码,0.9123603948534066
452,好人贷通过率多少,0.9123584452448587
453,新网银行的官网地址是什么,0.9121457387892637
454,优信客服电话是多少,0.9121342120849303
455,怎样才能成功申请到额度,0.9118847970540538
456,能否删除个人信息,0.911711982143151
457,如何办理对公业务,0.9116082271625533
458,新网银行合作平台有哪些,0.9114690267248241
459,验证码发送至什么手机号,0.9114018572138538
460,令牌无效是什么,0.9113558539515737
461,客户表示还款成功,0.911303933569945
462,新网银行行号是多少,0.911231611823155
463,线上转入新网银行账户到账时间是多久,0.9112188815339781
464,客户发送截图以及个人信息等,0.9111647769124012
465,视频认证的步骤是什么,0.9110469249783083
466,好人贷账户如何注销,0.9109839292626694
467,一个身份证可以申请好人贷两次吗？,0.9107905305773584
468,为什么没有扣款,0.9107897253098737
469,随心存到期后何时到账,0.9106139951147245
470,存管查询的余额如何提现,0.910477574910667
471,输入身份证号码时，为何无法输入字母,0.9101901939486358
472,存款利率是多少,0.9100681508063173
473,新网银行好事贷如何申请,0.9100498106041052
474,银联在线支付是什么,0.9099935047384762
475,如何查询新网账户,0.9099818241498595
476,我行对客邮箱是多少,0.9097610988597166
477,如何开立存管账户,0.9095957514605341
478,绑定银行卡失败,0.9095603772202818
479,好人贷申请必须使用身份证原件吗,0.9094594550623466
480,电脑端可以登录好人贷吗,0.9092269673478466
481,存管提现到账时间是多久,0.9091871785038486
482,如何签署借款合同,0.9089866897968224
483,能否让客服回电,0.9088725427195089
484,什么是注册号码？,0.9083980751351721
485,新网银行二类户与好人贷是否为同一个手机号码,0.9083321611597173
486,如何选择按期还款/任性还款,0.9081978833810014
487,好人贷申请是否可以使用临时身份证,0.9075759102594518
488,页面为什么异常跳转,0.9073907498750247
489,好人贷能否绑定他人银行卡,0.9073749311081805
490,我们是四川新网银行吗,0.9072987640925843
491,可以重新注册吗,0.9072424588612256
492,如何修改实名认证手机号码,0.9062387694017525
493,好人贷有额度后如何进行贷款,0.9060603810542328
494,自动扣款时间段是多久,0.9055802054505447
495,申请被拒怎么办,0.9053176960314075
496,如何开据存款证明,0.9053082702389461
497,好人贷利率是多少,0.9050683541240874
498,如何更改其他平台的注册手机号码,0.904965299935749
499,客服是否是随机分配,0.9047501632718761
500,关于消费凭证,0.9046375953895679
501,自助提额什么时候上线,0.9041700798464083
502,客户表示需要考虑,0.9041597160991096
503,如何通过线下方式转入新网二类户,0.903901783667102
504,修改手机号码的处理时间是多久,0.9037188225170173
505,滴水贷客服电话是多少,0.9035329020197372
506,好人贷申请身份证可否添加水印,0.9034440391574085
507,新网银行地址在哪里,0.9033933303401716
508,好人贷-云闪付是什么,0.9029593078203151
509,客户表示有合作意向,0.9029419926457251
510,车辆信息如何查询,0.902895748882323
511,新网银行账户是什么,0.9020435458153183
512,密码被锁定怎么办,0.901875165943435
513,好人贷能否人工操作提额,0.9018243722484853
514,新网有哪些产品,0.9017424089227473
515,还款记录如何查看,0.9015552413345865
516,为何结清证明显示日期与平台不符,0.901505717783027
517,好人贷利率为什么高,0.9014657557273094
518,好人贷额度为什么变低了,0.9011879453505803
519,征信报告是什么样的,0.9011038336999064
520,好人贷如何降低利率,0.9006815489124825
521,人脸识别失败怎么办,0.9004756375644636
522,为何无法销户,0.9004690378809537
523,车贷逾期如何还款,0.9003512753624262
524,新网银行业务办理时间,0.9002493047629699
525,好人贷放款至什么账户,0.9001038447172537
526,美团客服热线是多少,0.9000519983923387
527,是否需要使用本人手机操作好人贷,0.8999248690078095
528,人脸识别使用的是照片还是视频,0.8998991243687159
529,页面为何无法打开,0.8997271891613846
530,如何解约快捷支付？,0.8997255378595533
531,为何无法申请好人贷,0.899480497050913
532,还款后页面显示等待中,0.8993273472627632
533,实名认证审核时间,0.8989427443445197
534,新网银行三类户是什么,0.8989282745367677
535,各还款方式如何进行还款,0.8980463277444709
536,开通什么业务,0.8978651013525214
537,银行渠道维护时间一般是多久,0.8978476522938219
538,什么是分批次扣款,0.8972346178026207
539,新网银行如何联系客户,0.8972257501207264
540,车贷如何提前还款,0.8969796347859325
541,定期存款到期如何支取,0.8966010704223906
542,如何知晓已注销成功,0.8965949698703541
543,退汇是什么意思,0.8964420304277574
544,在哪个平台操作提现,0.8962865373708727
545,工新借如何申请,0.8958558951081053
546,随心存存入限额,0.8957325620011862
547,如何更换微信号,0.895503028508227
548,为何人脸识别提示光线太足,0.8951571946776683
549,好人贷是邀请制吗,0.8946613376349766
550,车贷如何解绑银行卡,0.8945849114813295
551,好人贷为何无法还款,0.8943325572961663
552,开户是什么意思,0.8941353762720907
553,申请好人贷是否都有额度,0.8938568194374156
554,好人贷如何提前还款,0.8937673800796411
555,按期还款是什么,0.8934207126828282
556,为什么无法注册,0.8925659113639329
557,手持身份证拍照的注意事项,0.8925190426562573
558,存款产品支取通用路径,0.8925034588456886
559,五年定期存款是什么,0.892343607669597
560,结清证明开据时间是多久,0.8921626822001317
561,如何删除身份证信息,0.8919452404986723
562,房产保证金是什么,0.8913292735603018
563,好人贷个人资料如何修改,0.8912882543541537
564,系统繁忙是什么原因,0.8912738364220576
565,忘记密码怎么办,0.8911488206065434
566,新网银行人工客服服务时间,0.8907701996865419
567,如何降低/关闭额度,0.8900903705605591
568,登录密码为何无法重置,0.8893568999555023
569,车贷如何还款？,0.8887602144862158
570,如何关注新网银行公众号,0.8882990218195665
571,客户提到投诉,0.8873636341188955
572,好人贷与其他平台类似产品的区别是什么,0.8873190475918707
573,好人贷定位如何开启,0.8869725004007005
574,怎样用其他手机登录好人贷,0.8864921329039721
575,如何绑定银行卡,0.8854366467215654
576,注册规则是什么,0.8854051680230545
577,如何换绑银行卡,0.8850979958449681
578,好人贷额度他人能否使用,0.8850720319654901
579,贷款证明如何开据,0.8842454217291587
580,车贷如何申请,0.8838140273587041
581,什么是综合评估,0.8826691286280823
582,额度冻结是什么意思？,0.8822598765804339
583,如何冻结新网银行账户,0.8822585155792607
584,好人贷电话回访时间,0.8821107433859666
585,如何在新网银行开户,0.8814271870597702
586,企业邮箱格式是什么,0.8810083568584626
587,好人贷如何主动还款,0.8808789696171516
588,如何激活新网二类户,0.8808031822483401
589,好人贷审核时间是多久,0.8807583767934576
590,优惠券如何使用,0.8803994458626621
591,好人贷的办理时间,0.8803680453818105
592,车贷平台如何查询,0.8801700676137864
593,为何提示系统异常,0.8789778234770823
594,好人贷贷款期限是多久,0.8781930049210057
595,好人贷消费用途,0.8779674146015023
596,好人贷借款规则,0.8776965391815893
597,好人贷提额周期是多久,0.8772388163777834
598,创客贷额度是多少,0.8766359596412094
599,什么情况算违约,0.8761540049160128
600,可否对公还款,0.8759464673925776
601,如何注销新网二类户,0.8755390805201159
602,随心存T+1是什么,0.8748737014413435
603,好人贷如何审核,0.8739029393396057
604,合作平台如何取消贷款,0.8729111400983621
605,如何录制活体检测,0.8728122922369949
606,经侦是指什么,0.8721299541933443
607,如何办理好人卡？,0.8717264918326407
608,好人贷借款多久到账,0.8713944814863245
609,什么情况算逾期,0.8712799424603902
610,好人贷还款后多久到账,0.871234504950606
611,美利车联系电话,0.8706086204358212
612,好人贷是否有临时额度,0.8705887910617195
613,客户表示知道了,0.8703778875564557
614,迁户是什么意思,0.8688210607947806
615,新网银行APP下载,0.8665081504807781
616,额度占用问题,0.8660412853530242
617,好人贷额度有效期是多久,0.8660008985621421
618,好人贷如何实名认证,0.8650176590235725
619,好人贷如何自助提额,0.8636606486486252
620,客户表示不满,0.8633733348912521
621,什么是登录密码,0.8631571466485962
622,好人贷为什么无法登录,0.8626488571607922
623,什么是当期账单,0.8605115014986191
624,好人贷如何申请,0.8593379158511774
625,如何注销公众号,0.859014123854242
626,好人贷额度是多少,0.8580766642278512
627,如何邀请好友申请好人贷,0.8573489778267559
628,批扣时间段是多久,0.8564036460107828
629,什么是活体检测,0.8539794300469293
630,季得利是什么,0.8532780773254606
631,季得利如何计息,0.8528469330281407
632,工新借是什么,0.8521415970990551
633,如何增加银行卡,0.8516487915522821
634,新网银行简介,0.8513134692006562
635,客户表示稍等,0.8497121435056514
636,征信是什么,0.8496252702996971
637,可否延期还款,0.8494585461659387
638,如何退出微信公众号,0.8493216669876591
639,罚息介绍,0.8485062548921317
640,如何解绑银行卡,0.8484668856120507
641,好人贷如何提高额度,0.8471041408273935
642,客户称赞服务好,0.8470943263398751
643,什么是还款日,0.8470861072242634
644,有多少人获得好人贷额度,0.8418655557501564
645,公众号如何注册,0.8413645039881371
646,客户提出建议,0.8413573878303495
647,密码如何修改,0.8343484620468309
648,好事贷如何还款,0.8343071107116845
649,存管是什么,0.8321495010942471
650,好人贷为什么额度低,0.8274353876185532
651,随心存是什么,0.8231123396616981
652,人脸拍摄规范,0.8194776582304933
653,什么是一、二、三类户,0.81608746382225
654,好人贷如何还款,0.8150646063670394
655,任性还款是什么,0.8147771520946141
656,如何登录微信公众号,0.813533845818755
657,额度冻结怎么办,0.8126327904559697
658,合作平台如何还款,0.8111933126890783
659,如何进入好人贷页面,0.8100721604915813
660,随心存如何计息,0.8041353235940905
661,如何进入个人中心,0.7964144562500004
662,如何获得优惠券,0.791025891124231
663,随心存如何登录,0.7639171640877875
664,什么平台的贷款,0.7574541066500873
665,好人贷是什么,0.7411438394099978
666,季得利如何支取,0.714561156744608
