0,借款需要开启定位吗,1.0
1,借款成功会有短信等提醒吗,0.9648624733945186
2,无法提供消费凭证可以取消贷款吗,0.9612495056860603
3,存款需要先开立银行账户吗,0.9580419187336746
4,提前还款会影响个人征信吗,0.9573060739426645
5,未正常还款我行会进行催收吗,0.9572555878542836
6,车贷可以修改还款日吗,0.9570091242855177
7,借款时选错收款账户怎么办？,0.9556911790531173
8,提前结清贷款后还会扣款吗,0.9555765660382918
9,我行放款的其他平台借款会上报征信吗,0.9555395529159926
10,扣款结果会有短信提示吗,0.9550250589561301
11,车贷支持手动还款吗,0.9547460888813267
12,为何提示还款卡不存在,0.9545307611117388
13,提前还款有次数限制吗,0.9538248269302843
14,优信扣款成功后为何显示待还款,0.9530436813008674
15,还款银行卡是否需要开通银联在线支付业务,0.9530337228598489
16,好人贷提额会查询征信吗,0.9529452274924024
17,好人贷支持在国外发起借款吗,0.9525168609520572
18,可否按照征信订单号开据证明,0.9520142610457623
19,好人贷只能通过绑定的银行卡还款吗,0.9513348131048798
20,好人贷借款时还会审核吗,0.9508483252642322
21,借款到账后页面未更新借款状态,0.9506699430349627
22,收款卡发卡行拒绝放款失败什么意思？,0.9505495077982562
23,补扣会影响信用吗,0.9500044303947225
24,系统升级会影响扣款吗,0.9499658231298528
25,好人贷支持周末借款吗？,0.9499180837813234
26,银行卡挂失会影响自动扣款吗,0.9498730478169068
27,好人贷借款后能否修改贷款信息,0.9494816413566658
28,为何提示支付平台签约关系不存在,0.949059982296668
29,选择任何还款方式都可以提前还款吗,0.9483574900125519
30,存款产品的资金可以用于好人贷还款吗,0.9481645296996815
31,贷款结清之后能否删除贷款记录,0.9479971359879763
32,银行卡开通银联在线支付后是否可正常还款,0.9472920407975136
33,如何查询是否开通银联在线支付,0.9472362162188578
34,为什么提前还款显示联合贷批次执行中？,0.947097828036182
35,是否可以取消自动扣款,0.9470662207351472
36,车贷扣款支持的银行卡有哪些,0.9470241129812236
37,提前还款手续费是多少,0.9469654170013784
38,如何取消征信查询及使用授权书,0.9466676929275171
39,为何征信上有新网上报的贷款记录,0.9459627289584044
40,好人贷不借款会产生利息或费用吗,0.9457645494761212
41,贷款证明开据失败怎么办,0.9457326277015528
42,新网银行账户可以设置为好人贷借/还款账户吗,0.9457323096719691
43,存管账户如何查询,0.9455467209765794
44,借款合同是否有展示提前还款会收取违约金的情况,0.9453376756307831
45,好人贷借款记录如何查询,0.9453306621461063
46,新网银行有企业贷款吗？,0.9452724843039693
47,节假日可以借/还款吗,0.9452597658128381
48,线上开据证明有次数限制吗,0.9451638056952484
49,为何征信上有新网银行的贷款审批记录,0.9444980060445112
50,可以查询注册手机号码吗,0.9443362282055688
51,更换银行卡会影响自动扣款吗,0.9442288769450989
52,好人贷必须绑定银行卡使用吗,0.9441413497654143
53,存管查询为何提示用户不存在或者信息有误,0.9440664868176698
54,车贷合同为何无法查看,0.9439749707278355
55,好人贷支持微信/支付宝扣款吗,0.9437502652564017
56,征信上显示的贷款金额是否包含利息,0.9436288548418343
57,申请诺诺发票贷需要什么条件,0.9434355131696243
58,还款日当天支持手动还款吗,0.9434004298725767
59,再次申请好人贷会查询征信吗,0.9433501060205908
60,线上开据证明为何和征信金额不符,0.9431308302926066
61,注册手机号及微信号需要实名制吗,0.9430062125811639
62,结清贷款后征信上是否会显示结清,0.9428875141458206
63,实际申请金额与放款金额不一致可否取消车贷,0.942886331565328
64,哪些渠道可以购买京东存款产品？,0.9426757387400473
65,好人贷支持随时借款吗,0.9424746809141978
66,如何查询当期车贷还款金额,0.9424678352364254
67,好人贷支持扣款的银行有哪些,0.9424552249000636
68,京东存款是否支持提前支取/提前部分支取？,0.9424057662892208
69,定期存款是否有存单,0.94231030670313
70,随心存停售后有影响吗,0.9422297276274599
71,支持绑定的银行卡类型有哪些,0.9421440075188237
72,为何提示支付平台受发卡行资金用途限制拒绝交易,0.9420503345931254
73,季得利提前支取影响已发放利息吗,0.9419188189564707
74,新网银行以何名义查询征信,0.9418460403124261
75,修改手机号码/微信号是否会影响自动扣款,0.9418146800874645
76,好人贷借款如何上报征信,0.9417000455149938
77,为何提示还款存在差错,0.9416763677001458
78,新网银行能否绑定云闪付,0.9416548603058981
79,为何按期还款只能选择部分贷款期限,0.9415786408337018
80,使用优惠券后提前还款利息如何计算,0.9412988832611282
81,好人贷申请成功会有短信通知吗,0.9411646847934634
82,好人贷借款超时未到账如何处理,0.9410965637740943
83,选择任性还款/按期还款利息如何计算,0.940936407292528
84,逾期后还款金额是否会增加,0.9409116429965221
85,银行卡是二类户影响扣款吗,0.9405865358370443
86,可以让别人代还款吗？,0.9405376447484999
87,如何查看委托支付协议,0.9404183804590149
88,五年定期存款支持提前支取吗,0.9403947054099958
89,如何查询合作平台贷款是否结清,0.9403413953557992
90,如何查询好人贷申请的授信结果,0.9403297281003126
91,为何存管查询提示没有密码,0.9403029231491047
92,查询车贷的注册手机号码是什么,0.9402171152092745
93,车贷还款记录如何查询,0.9401678854937163
94,新网银行有哪些产品可以提额,0.9400695875401598
95,如何更换借款收款银行卡,0.9400393286724833
96,申请好人贷后，可否更改授信结果,0.9397906301429771
97,定期存款操作的渠道有哪些,0.93975676356413
98,为何提示支付平台银行卡未开通银联无卡认证支付,0.9396275567969338
99,新网银行存款是否受保障,0.9393563859027175
100,实名认证是否查询征信,0.9392614306728237
101,平台方提供的客户审批资料能否提供给客户,0.9391613306194802
102,结清证明的发送方式有哪些,0.939143394956978
103,绑定银行卡产生费用吗,0.9388953798668873
104,还款日可以修改吗,0.9385827268661538
105,公众号是否有还款提示,0.9385409367120153
106,审核电话可更改接听电话吗,0.9383322301295732
107,申请好人贷需要开个人账户吗？,0.9380875928743488
108,自动扣款失败怎么办,0.9378915277078238
109,如何查询车贷还款日,0.9378760607575369
110,新网银行开户支持的证件有哪些,0.9377964631518952
111,好人贷申请是否查询芝麻信用,0.9376966606448498
112,好人贷扣款账户如何查看,0.9376961036448879
113,微信号更换成功后何时可以正常使用,0.9376727314869243
114,结清贷款后什么时候可以开据结清证明,0.9376520720005549
115,半年得利提前支取影响已发放利息吗,0.9376057804174247
116,开据证明为何显示没有符合要求的订单,0.9373002986498111
117,如何查询好人贷借据收款银行卡,0.9372910988491795
118,可否取消银行卡限额,0.9372842526251169
119,好人贷是否支持提前还款,0.9372428477296995
120,为何之前绑定的银行卡不支持扣款了,0.9372184791698649
121,绑卡时页面上的银行卡预留手机号码可以修改吗,0.9369934910586089
122,随心存可以在我行公众号查询/操作吗,0.9369536446868673
123,转账到新网银行账户是否还款成功,0.9369028304254032
124,抵押类贷款如何办理,0.9368803900815486
125,销户后是否上征信,0.9367909133735822
126,挖财还款是否为新网银行代扣,0.9366956659642773
127,随心存存款期限有哪些,0.9365832000954256
128,为何征信上的放款日期与实际借款日期不一致,0.9365503442403377
129,平台方手机号变更导致我行无法直接开据结清证明问题,0.9363719835411024
130,好人卡绑定云闪付/微信等失败怎么办,0.9363196653881987
131,如何查询存管账户流水,0.9360556335573064
132,购买存款页面为何提示“额度不足，无法购买”,0.9360423477376363
133,为什么银行还款存在限额？,0.9359707957303003
134,车贷收取哪些费用,0.9355378130763535
135,新网银行账户可以在哪些地方使用,0.9355006984006907
136,京东存款的计息规则及计息公式,0.9354870551329814
137,为何提示支付平台暂不支持的银行或限额,0.9353436329472335
138,新网银行发送的短信验证码的有效时长？,0.9353059411180419
139,电话客服是否可以受理结清证明,0.935229503778714
140,存管账户如何注销,0.93512737071798
141,好人贷注册手机号与银行卡预留手机号是否需要一致？,0.9349690745105523
142,车贷合同里的金额是否包含利息,0.9349626557631742
143,新网银行存款属于理财产品吗,0.9348135767427839
144,为何提示支付平台支取金额超过可用余额,0.9347295300412782
145,好人贷贷款利息如何计算,0.9346763252345925
146,新网账户绑定微信/支付宝后支持提现或充值吗,0.9346532679829754
147,开据证明时为何提示账户存在异常,0.9345447448904021
148,如何查看贷款合同,0.9343802802640417
149,在线咨询是否支持客户发送语音,0.9343243922236713
150,为何提示支付平台不允许持卡人进行的交易,0.9343196934800561
151,视频认证录制失败的原因是什么,0.934317662845472
152,银联在线支付如何开通,0.9342149055824471
153,注册手机号更换成功后何时可以正常使用,0.9341759927548191
154,新网银行扣款通道是什么,0.9339623239870136
155,为何提示支付平台渠道不支持的银行,0.9338846305587237
156,为什么点击拍照没有反应,0.9338260322877134
157,为何提示支付平台该客户无默认扣款卡，交易没有发给统一支付,0.9338248878290744
158,为何同时收到了还款成功和失败的短信,0.9338077001965298
159,可以查询个人信息资料吗？,0.9337916333146571
160,如何查询征信报告,0.9337838391862606
161,诺诺发票贷的利率是多少,0.9337810714134196
162,开据证明时为何需要实名认证,0.9337776751892772
163,借款失败怎么办,0.9337264824603638
164,好人贷-云闪付如何更换收/还款银行卡,0.9334817043385352
165,如何确保还款日当天会扣款成功,0.9334713031985978
166,新网银行有信用卡吗,0.9333521870595071
167,新网银行存款产品为何暂停交易,0.9332817076651061
168,查询结清证明申请是否已提交,0.9332394735052685
169,随心存提前支取到账时间,0.9332133186271737
170,能否人工开据贷款证明,0.9331748395537082
171,新网银行存款类产品有哪些,0.9331581191795357
172,身份证更换期间会影响好人贷贷款吗,0.9330972305995274
173,咨询可以发送图片吗？,0.9330701261813219
174,车贷如何办理解押手续,0.9330031072368669
175,结清证明会展示哪些信息,0.9329544109296278
176,新办的手机号可以申请好人贷吗,0.9329005446038936
177,什么是无卡支付及免密支付,0.9328875619018018
178,新网二类户转入/转出收取手续费吗,0.9327496216393878
179,为何收到新网银行还款短信,0.9326004716424524
180,修改手机号后是否需要重置登录密码,0.9325071270693036
181,当期账单支持再分期吗,0.9324537723142875
182,节假日可以操作各类存款吗,0.9323972871355972
183,客户催促需要加急办理,0.9323938106459464
184,销户后为何还能解绑银行卡,0.9323052902120832
185,新网诺诺发票贷如何申请,0.9320511143841277
186,新网银行账户的交易记录如何查看,0.9319777802169129
187,线上是否可开据征信版结清证明,0.9318786964508519
188,贷款证明的电子章是否具有法律效应,0.9317313999348441
189,好人贷如何查看所支持的还款方式,0.931470069835454
190,微信/支付宝等可否与新网银行账户互相绑定,0.9311863046488654
191,为何征信上有新网银行上报的逾期,0.9311807278317592
192,定期存款的利率是多少,0.9311465357493455
193,为什么拍照认证时总是不成功或显示系统崩溃,0.9310781344139899
194,存款产品是否保本保息,0.9307826626998508
195,京东存款如何修改注册手机号码,0.9307630618062905
196,线下转账如何填写新网银行开户信息,0.930646793729231
197,好人贷是否支持提前还当期账单,0.9304017729835821
198,客服能否查看聊天记录,0.9303220180106115
199,白骑士认证失败是什么意思,0.930301405217864
200,如何设置存管支付密码,0.9302497929721297
201,平台还款信息为何与新网银行不一致,0.9300643262531493
202,好人贷借款金额与到账金额是否一致,0.9299159507448949
203,如何查询还款日,0.9298598875387913
204,更改银行卡预留手机号的方法,0.9298436370194397
205,申请好人贷必须填写联系人信息吗,0.9296379833123871
206,存款页面是否会显示每日收益,0.9295218573462927
207,如何查询申请相关的协议书,0.9294548982917535
208,为何提示不具备开具资格,0.929401118267607
209,月得利提前支取如何计息,0.929369123537168
210,实名认证失败的原因是什么,0.9293637253930266
211,结清证明是否是还款记录证明,0.929337699612953
212,为何提示交易密码验证失败,0.9291961045890376
213,好人贷以什么贷款类型上报人行征信？,0.929189360782932
214,为什么取消了提前部分还款,0.9291639719871922
215,存管查询的余额如何提现,0.9291504549537637
216,为何提示支付平台持卡人信息有误,0.9291447860803552
217,银行渠道维护无法操作怎么办,0.9290084862567309
218,注销注册用户后是否可恢复？,0.9289305326236086
219,如何购买新网银行存款产品,0.9288637259395722
220,进入随心存为何提示手机号码不一致,0.928830771249701
221,为何提示支付平台交易金额超限,0.9288067976872584
222,交易密码无法设置,0.928691481664315
223,银行卡还款限额是多少,0.928628556724693
224,能否开具非恶意逾期证明,0.9284992635973758
225,为何无法提交好人贷申请资料,0.9284838978550067
226,按期还款和任性还款的区别是什么,0.9283893121042613
227,好人贷支持随借随还吗,0.9282699371651846
228,转账时为何提示未面核,0.928245893719208
229,五年定期存款的利率是多少,0.9279082326100283
230,如何查询其他平台扣款银行卡,0.9278606796932356
231,新网银行合作的存管平台有哪些,0.9278533524780781
232,拨打我行人工客服电话是否收费,0.9277720114356504
233,未接到好人贷回访电话会被拒吗,0.9277244046663247
234,为何无法登录存管查询,0.9276547400186254
235,申请好人贷需要下载APP吗？,0.9275675894079386
236,存款产品如何重置交易密码,0.9275357478595566
237,为何存管信息与平台显示不一致,0.9274852395372046
238,如何修改存管账户预留手机号码,0.9273834109914072
239,借款后如何判定下次还款日期,0.9272775630961106
240,好人贷-云闪付如何提前还款,0.926834122621691
241,销户后可以再开户吗,0.9267965597978182
242,京东存款为什么显示当日额度为什么已售罄？,0.9266897683750478
243,申请创客贷需要什么条件,0.9266674773388869
244,好人贷上征信吗,0.9266575481443078
245,如何更换好人贷默认还款账户,0.9265982203749913
246,什么是银行卡预留手机号？,0.9265838767033511
247,好人贷账户如何查询,0.9265301061588171
248,什么是单笔借据和多笔借据,0.9265289611581693
249,为何提示支付平台账户余额不足,0.9264915427591458
250,好人贷只能使用微信登录吗？,0.9264457107836546
251,逾期未还款如何处理,0.9264338904042252
252,如何开立存管账户,0.9263921206797422
253,车贷合同如何查看,0.9263497506151261
254,如何查看手机号是否实名制,0.9261662968517002
255,随心存支持提前支取吗,0.92603680491956
256,注销账户的处理时间,0.9259191298373974
257,提额会有通知吗,0.9259052055078528
258,银行渠道维护是指什么,0.9257631861221247
259,页面为何提示“开户失败”、“账户存在异常操作/账户异常”,0.9257160404274657
260,如何查看好人贷还款计划,0.9256695486685282
261,如何查询转账到新网银行的记录,0.9256117614491031
262,申请好人贷后为何页面显示仍可提交申请,0.9255971935575568
263,客服能否看到客户申请好人贷的信息,0.9255407164910192
264,如何查看银行卡管理列表,0.9254002710141191
265,车贷如何更换还款银行卡,0.9252452383192432
266,车贷能否绑定他人银行卡,0.9251516926581936
267,周得利提前支取如何计息,0.9250451053534389
268,好人贷申请需要填写哪些个人信息,0.9248729298362053
269,存款产品是否存满五年才能支取,0.9248456372636844
270,为何销户后还能看到好人贷信息,0.9247118939112695
271,非绑定银行卡可否与新网二类户转账,0.9247093190078957
272,为何提示支付平台账户状态异常,0.924694775440893
273,好人贷还款记录如何查询,0.9246582439557105
274,转入新网银行使用的密码是交易密码还是银行卡密码,0.9245979035252084
275,新网二类户上的资金是否计息,0.9245546267059559
276,随心存操作渠道有哪些,0.9245479623204476
277,如何查看随心存购买情况,0.9245388633592367
278,为何提示用户未实名认证,0.9245331399518828
279,季得利的操作渠道有哪些,0.9244661943111545
280,为什么收到美利车金融的短信,0.9243920505790775
281,可以咨询吗,0.9243186223832739
282,新网银行的活期利率是多少,0.9242775038984726
283,手机获取验证码失败,0.924223873405639
284,新网二类户转入/转出有时间限制吗,0.9241799828752147
285,还款金额超银行卡限额怎么办,0.9241463576798616
286,结清证明印章无法查看,0.9238642390556187
287,存管账户充值限额,0.9238394658556205
288,提前支取时为何显示存入,0.92377325858455
289,如何查看开户结果,0.9236042404470737
290,如何签署借款合同,0.9231950369288177
291,操作好人贷是否需要开启定位,0.9231861047518384
292,罚息能否减免,0.9231264106943255
293,提前支取有限制吗,0.9230124371150272
294,为何还款后额度恢复减少了,0.922839036466194
295,申请好人贷需要哪些资料,0.9228166722701986
296,新网银行视频认证的QQ号码是多少,0.9227775385828897
297,新网账户之间能否互相转账,0.9225136705479581
298,客户咨询其他平台催收问题,0.9224989143779725
299,随心存产品停售原因,0.9223582759595395
300,好人贷注册手机号无法使用,0.9223493438328461
301,核身链接失效的原因,0.9222881912873985
302,通过本人微信找回密码是指什么,0.9222537433038055
303,好人贷部分提前还款规则,0.9220904514330742
304,好人贷申请的渠道有哪些,0.9220815992354439
305,好人贷手动还款时为何提示批次执行中,0.9218709749012342
306,好人贷为什么无法借款,0.9216167613047209
307,如何修改征信上的个人信息,0.9215807502242168
308,是否会发生重复扣款情况,0.9215643097416846
309,还款日当天是否自动扣款,0.921514338074791
310,为何提示支付平台当日交易次数超限,0.9214516338902327
311,车贷还款只扣除部分是什么原因,0.9213095270886705
312,好人贷授信首页显示利率是否为固定利率,0.9212711801657223
313,银行转账未到账怎么办,0.9211887412768327
314,如何办理对公业务,0.9211192341892867
315,车贷利息是多少,0.9210946800550344
316,车贷如何修改注册手机号码,0.920970546881483
317,如何把注册用户与结算用户都注销,0.920966295452866
318,还款后为何未更新还款状态,0.9208753792296143
319,居住信息如何填写,0.9208049445422991
320,如何查询新网账户,0.9207878113923044
321,好人贷账户是否为新网银行二类户？,0.9207750552715573
322,接收短信的手机号是否为注册手机号,0.9207738817045067
323,随心存利率是多少,0.9206895813526262
324,如何查询账户是否冻结,0.9206102498434086
325,合同为何无法打开,0.9205615451467244
326,开具结清证明时为何无法登录,0.9205060283622724
327,手机号归属地与定位地不一致是否有影响,0.9205041213656615
328,如何查看优惠券的使用情况,0.920360944045163
329,获取验证码次数超限怎么办,0.9202557684659466
330,好人贷有回访电话吗,0.9202459378674146
331,好人贷自动扣款规则,0.919808317400942
332,如何查看好人贷相关协议/合同？,0.9197930121969612
333,为何好人贷还款时提示“交易处理中”,0.9197096773102994
334,58车金融客服电话是多少,0.9195263726230029
335,为什么收到提额短信但额度未提升,0.9194567564944004
336,好人贷账户如何挂失,0.9194260160364289
337,好人贷是否支持归还逾期部分账单,0.9191834694081645
338,新网银行自动扣款时间,0.9191774928062315
339,企业邮箱验证码可否重新获取,0.9191592433562656
340,"好人贷有回访电话吗""",0.9190305687395313
341,随心存利率为何会发生变化,0.9189479788579752
342,好人贷额度必须一次性借完吗,0.918830483696396
343,如何开据存款证明,0.9188115343140248
344,为何收到新网银行逾期提醒短信,0.9188004337286031
345,新网二类户可以升级为一类户吗？,0.918363861551399
346,征信上报周期及更新时间,0.9180359278521376
347,车贷申请多久可以放款,0.9179920658735805
348,申请好人贷需要公积金、社保吗？,0.9178941036073608
349,好人贷交易密码如何设置,0.9175305016628749
350,如何修改新网随心存注册号码,0.9174207783272833
351,客户表示还款成功,0.9172007420427413
352,存款利率是多少,0.9170739819129643
353,为何图文验证码输入正确却提示错误,0.9170542779528243
354,新网银行有实体卡片吗,0.9170265278057695
355,人工是否可操作扣款,0.9170253531583263
356,扣款失败的原因,0.916806727983788
357,手机号无法使用为什么,0.916715617680819
358,在线客服是否是人工客服,0.9166813228018774
359,为何申请好人贷后显示未获取额度,0.9165897960609602
360,存款产品如何修改手机号,0.9165769960426803
361,新网银行人工客服电话打不通,0.9165466898157896
362,新网银行有招聘吗,0.9165204377998252
363,好人贷被拒后为何没有下次开放时间,0.9164146390657549
364,好人贷账户如何更换手机号码,0.9164136415894258
365,新网银行自动扣款次数,0.9161155267398787
366,可以通过他人银行卡转入到新网银行账户吗,0.9160041420206025
367,查询各类工单办理进度,0.915946025295197
368,自动扣款如何操作,0.9157256789581703
369,新网银行公众号如何取消关注,0.915672957759984
370,如何修改实名认证手机号码,0.9156471252923306
371,优信客服电话是多少,0.9156205103674904
372,定期存款到期如何支取,0.915472100514774
373,联系新网银行客服有哪几种方式,0.9154189890261637
374,有额度不使用有什么影响吗,0.9153945173045676
375,为何提示支付平台发卡行拒绝,0.9153754682991095
376,如何操作随心存大额存款,0.9151406692819529
377,好人贷可以重新申请吗,0.9150177970353414
378,可否补充企业邮箱,0.9145769744008492
379,周得利计息规则,0.9145669094874807
380,存管密码被锁定怎么办,0.9145637903020205
381,好人贷审核不通过对个人有什么影响,0.9143636867987601
382,车贷逾期如何还款,0.9143178615501154
383,车辆信息如何查询,0.9140408274607481
384,随心存到期后何时到账,0.9138731730398258
385,银联在线支付是什么,0.9138251340655986
386,目前支持的银行有哪些,0.9137374060534875
387,其他贷款怎么办理,0.9135518159299043
388,新网银行以什么名义放款,0.9134806374698594
389,开户失败原因,0.91341360054489
390,好事贷收取哪些费用,0.9133317572510553
391,好人贷需要面签吗,0.9133073545080509
392,好人贷提前还款最低还多少,0.9132741788045828
393,为何重置密码后仍提示密码错误,0.9132652925958853
394,好人贷还款方式有哪些,0.9130902330367296
395,申请好人贷有区域或者号段等限制吗,0.913056845839522
396,新网银行人工客服电话是多少,0.9125629455483905
397,如何选择按期还款/任性还款,0.912554183546253
398,存管提现到账时间是多久,0.9125414010255017
399,可绑定银行卡数量上限,0.9125144966109183
400,获取额度后多久可发起借款,0.9123140869325082
401,为什么提示用户不存在,0.912047589052085
402,身份证过期可以申请好人贷吗,0.9118435666806831
403,转账到新网银行如何操作,0.9117750802706721
404,为何提示支付平台其他错误,0.9117724368674478
405,新网银行二类户限额是多少,0.9117624351402964
406,企业邮箱为何验证不了,0.911570427629999
407,新网二类户为何无法转入/转出,0.9114176758150411
408,随心存如何修改交易密码,0.9113706265375963
409,绑定银行卡失败,0.9110751414750154
410,如何获取线上核身链接,0.9110227621833066
411,如何查询是否已申请好人贷,0.9108827676123734
412,新网银行合作平台有哪些,0.9108087964444277
413,还款记录如何查看,0.9108041873939074
414,好人贷审核时是否给填写的联系人去电,0.9106814194118701
415,新网银行有哪些活动,0.910520849943075
416,黑户/白户是否可以申请好人贷,0.9100481421425166
417,活体检测失败怎么办,0.9100219395583988
418,申请好人贷需要什么条件,0.9099059662261483
419,名下所有卡被冻结后如何还款,0.9096552109001395
420,为何页面出现多个新网银行账户,0.9095638610910407
421,新网银行二类户如何转入/转出,0.9093680926874662
422,随心存如何查看收益情况,0.9092791404138673
423,好人贷申请是否支持人工受理,0.9089460512209281
424,申请好人贷工作信息如何填写,0.9088347000699039
425,车贷如何提前还款,0.9086884009986697
426,身份证信息变更后如何更新,0.9084914870520704
427,好人贷账户如何注销,0.9082508448708558
428,好人贷审核电话是多少,0.9082311913925688
429,结清证明的印章是否可以用公章,0.9082310423842096
430,为何申请好人贷页面显示暂无资格,0.9081798590065192
431,视频认证的步骤是什么,0.9081029686430123
432,关于消费凭证,0.9080437664395675
433,好人贷申请能否撤销,0.9080011241821789
434,验证码发送至什么手机号,0.9077645042281475
435,实名认证审核时间,0.9077436100633086
436,企业邮箱填写错误怎么办,0.9076903601612037
437,如何更改其他平台的注册手机号码,0.907684127093457
438,新网银行的官网地址是什么,0.9076762454699915
439,好人贷收取哪些费用,0.9073549985326238
440,实名认证为什么不符,0.907305813791097
441,公众号页面的“我的排号”是什么意思,0.9072991974616537
442,为何申请好人贷无结果,0.9068066444306606
443,身份证上传失败怎么办,0.9067625992140405
444,能否让客服回电,0.9065651070514293
445,好人贷借款合同有效期是多久,0.9064690425170374
446,新网银行业务办理时间,0.9062414155981348
447,在哪个平台操作提现,0.906193990607091
448,申请好人贷使用的邮箱是公司邮箱还是个人邮箱,0.9060316463851865
449,什么是我的额度和可借额度,0.9058947425641171
450,新网银行地址在哪里,0.9056788436108633
451,我行对客邮箱是多少,0.9056178545007529
452,审核电话内容是什么,0.9053101415068685
453,他行渠道汇入新网账户的到账时间是多久,0.905281713212585
454,客户表示没有问题了,0.9050875148273908
455,个人可以在新网开立几个账户,0.9043960861824092
456,好人贷为什么提示“账户存在异常操作”,0.9041406997972531
457,线上转入新网银行账户到账时间是多久,0.9040197362688664
458,申请好人贷后有没有回复,0.9038574708742643
459,客户要求发送相关模板,0.9035729370556516
460,好人贷申请必须使用身份证原件吗,0.9034485079955957
461,上传身份证时需填写的内容是什么,0.9033358045936573
462,新网银行行号是多少,0.9032127972948922
463,登录时的图文验证码是否区分大小写,0.9030333400898481
464,新网银行是否上市,0.9029532151548901
465,开通什么业务,0.9029056391530812
466,存在迁户问题怎么处理,0.9025242393716629
467,为何提示该证件已被使用,0.9022411259506131
468,一个身份证可以申请好人贷两次吗？,0.9022016188324503
469,电脑端可以登录好人贷吗,0.9021953774939826
470,车贷平台如何查询,0.9021017473004326
471,什么是风控审核中,0.9020918536576238
472,好人贷还款后额度何时恢复,0.9020184757059961
473,修改手机号码的处理时间是多久,0.9017366192965909
474,新网银行有几个网点,0.9012336927599661
475,可以重新注册吗,0.9009323751771792
476,如何解约快捷支付？,0.9008573731267662
477,申请好人贷没有公司邮箱怎么办,0.9008389532706274
478,逾期造成的影响是什么,0.9006833612598291
479,为什么好人贷第一期还款金额与之后不一致,0.9006663733234784
480,如何注销新网注册用户,0.9006565287101577
481,好人贷通过率多少,0.9005274180709215
482,好人贷额度是否循环使用,0.9002358755843395
483,随心存存入限额,0.9000636138197754
484,各还款方式如何进行还款,0.8994594078180015
485,人脸识别使用的是照片还是视频,0.8993824813927903
486,好人贷定位如何开启,0.8993252480766573
487,关闭其他平台额度后，能否恢复好人贷额度,0.8991320311697292
488,还款后页面显示等待中,0.8987011142818091
489,关于客户个人信息安全问题,0.8986555633227078
490,新网银行好事贷如何申请,0.8985531250825016
491,车贷如何还款？,0.8985054280540562
492,输入身份证号码时，为何无法输入字母,0.8982475095106799
493,好人贷如何试算利息,0.8981333545092626
494,好人贷利率为什么调高了,0.8981120844861379
495,新网银行账户是什么,0.8976119031604729
496,为何结清证明显示日期与平台不符,0.8974077003630625
497,美团客服热线是多少,0.8972318379096755
498,什么是注册号码？,0.8971674404691958
499,人脸识别失败怎么办,0.8968961940551319
500,新网银行二类户与好人贷是否为同一个手机号码,0.8964124091488281
501,能否删除个人信息,0.8962287751098946
502,五年定期存款是什么,0.8961856103390856
503,好人贷当期能否最低还款,0.8961773495923256
504,他人可以使用本人信息申请好人贷吗,0.8954078576159549
505,新网银行如何联系客户,0.895150162946517
506,如何更换微信号,0.8950583558921666
507,客户发送截图以及个人信息等,0.8949484465029275
508,滴水贷客服电话是多少,0.8947103090439432
509,怎样才能成功申请到额度,0.8945550752059067
510,为何提示缺少必要参数,0.8942930289912083
511,好人贷-云闪付是什么,0.8937098533351032
512,按期还款是什么,0.8936823993911424
513,车贷如何解绑银行卡,0.8936097137550771
514,车贷如何申请,0.8933141743841928
515,消费凭证有效期是多久,0.892973448364878
516,客户表示需要考虑,0.8919191243571324
517,我们是四川新网银行吗,0.8918011549483805
518,页面为何无法打开,0.891578069837972
519,如何换绑银行卡,0.8910206546198965
520,存款产品支取通用路径,0.8904250047174692
521,为何人脸识别提示光线太足,0.8903538480822168
522,征信报告是什么样的,0.8901830392409353
523,房产保证金是什么,0.8898769020102312
524,申请被拒怎么办,0.889843714680655
525,好人贷如何提前还款,0.8892881521753563
526,好人贷月利率是多少,0.8891247666063922
527,好人贷能否绑定他人银行卡,0.8889421541114317
528,自助提额什么时候上线,0.8882384243668395
529,为何无法销户,0.8881174112680571
530,好人贷放款至什么账户,0.8879053233475203
531,客户提到投诉,0.8862745443621872
532,好人贷年化利率是多少,0.8860488068475191
533,页面为什么异常跳转,0.8859303583156681
534,下一次开放时间是什么意思,0.8858501504635377
535,银行渠道维护时间一般是多久,0.8858249454748347
536,好人贷申请是否可以使用临时身份证,0.8856788101927792
537,手持身份证拍照的注意事项,0.8853938931331015
538,新网银行三类户是什么,0.8853553328508768
539,密码被锁定怎么办,0.8851677816855757
540,自动扣款时间段是多久,0.8851481230081432
541,如何删除身份证信息,0.8845771090662715
542,如何通过线下方式转入新网二类户,0.8842969054891967
543,好人贷为何无法还款,0.8842339160649142
544,如何冻结新网银行账户,0.8841982168542358
545,好人贷额度是否会发生变化,0.8841752125877935
546,好人贷申请身份证可否添加水印,0.8834473215892131
547,新网银行人工客服服务时间,0.883352716517299
548,如何在新网银行开户,0.8832221880583403
549,为何提示系统异常,0.8829662403267757
550,如何绑定银行卡,0.8827571245477349
551,好人贷能否人工操作提额,0.8826696269045441
552,工新借如何申请,0.8826405028197992
553,如何关注新网银行公众号,0.8823737995763328
554,销户与否会产生什么影响,0.8820142740609818
555,为什么没有扣款,0.8818101976830396
556,什么是分批次扣款,0.8814778319810703
557,是否需要使用本人手机操作好人贷,0.8814666058234211
558,令牌无效是什么,0.8812599383703692
559,如何知晓已注销成功,0.8808871105495651
560,可否对公还款,0.8802224930220068
561,好人贷利率是多少,0.8783333738057649
562,为什么无法注册,0.8780019162504106
563,贷款证明如何开据,0.8779270353010072
564,客服是否是随机分配,0.8774619094169598
565,新网有哪些产品,0.8773465075610325
566,好人贷有额度后如何进行贷款,0.8773191065160404
567,开户是什么意思,0.8770680121688347
568,忘记密码怎么办,0.876755591527083
569,新网银行APP下载,0.8765502766792004
570,结清证明开据时间是多久,0.8760267884351216
571,为何无法申请好人贷,0.8757068689640968
572,好人贷利率为什么高,0.87549582836107
573,客户表示有合作意向,0.8750833495253862
574,好人贷如何主动还款,0.8746818603271341
575,登录密码为何无法重置,0.874550736409903
576,如何录制活体检测,0.8741161147325395
577,企业邮箱格式是什么,0.8734906244992773
578,系统繁忙是什么原因,0.8726028311922241
579,合作平台如何取消贷款,0.8721415461149585
580,好人贷电话回访时间,0.8709434054021391
581,怎样用其他手机登录好人贷,0.8707965322190572
582,美利车联系电话,0.8702773575439159
583,退汇是什么意思,0.8700211834478833
584,好人贷如何降低利率,0.8695353060120906
585,好人贷是邀请制吗,0.8694980735803608
586,如何降低/关闭额度,0.8689401091102847
587,好人贷额度为什么变低了,0.86760529752868
588,好人贷个人资料如何修改,0.8670709531442068
589,注册规则是什么,0.8666222230072362
590,好人贷借款规则,0.8656954185755283
591,如何激活新网二类户,0.8653511651489205
592,经侦是指什么,0.8650609640119009
593,客户表示知道了,0.864466982835968
594,随心存T+1是什么,0.8641248837344273
595,什么是综合评估,0.8614336202462338
596,好人贷借款多久到账,0.8612642475028628
597,如何注销新网二类户,0.8612219004250761
598,好人贷贷款期限是多久,0.8605571590016146
599,什么是还款日,0.8604457681108073
600,可否延期还款,0.8599437457647706
601,好人贷与其他平台类似产品的区别是什么,0.8599234047125939
602,好人贷的办理时间,0.858641441755388
603,优惠券如何使用,0.8582304051565003
604,申请好人贷是否都有额度,0.8571467355289853
605,什么情况算违约,0.8570492524270773
606,什么情况算逾期,0.8551053313545295
607,如何注销公众号,0.8550996580860838
608,好人贷审核时间是多久,0.8531217258702314
609,创客贷额度是多少,0.8529698780037095
610,好人贷还款后多久到账,0.8527092447827279
611,什么是活体检测,0.8525513511294286
612,好人贷如何实名认证,0.852361065673606
613,罚息介绍,0.8513342983170251
614,新网银行简介,0.8512040813281052
615,如何办理好人卡？,0.8508728681793445
616,如何退出微信公众号,0.8505569379745195
617,季得利如何计息,0.850400376411399
618,好人贷提额周期是多久,0.8494499907544693
619,什么是登录密码,0.8490284922967534
620,迁户是什么意思,0.8488096581828887
621,征信是什么,0.8485238288314839
622,额度冻结是什么意思？,0.8484923113191787
623,好人贷如何自助提额,0.8477507432984892
624,什么是当期账单,0.8477204940052419
625,好人贷如何审核,0.8472688922407943
626,好人贷消费用途,0.8459173636459596
627,公众号如何注册,0.8458011747874518
628,好人贷额度他人能否使用,0.8434217706057782
629,如何解绑银行卡,0.8421673590831451
630,季得利是什么,0.8400196569543552
631,好人贷为什么无法登录,0.8399423771420508
632,客户表示稍等,0.8380675739863611
633,额度占用问题,0.8370360427191161
634,好人贷如何申请,0.8359155353114909
635,如何增加银行卡,0.8356898195145621
636,客户提出建议,0.8354117465356956
637,人脸拍摄规范,0.8342644626486521
638,客户表示不满,0.8329695981113018
639,好人贷是否有临时额度,0.8327630184749706
640,存管是什么,0.8309003778606023
641,客户称赞服务好,0.8304828012705276
642,工新借是什么,0.8290219405392398
643,密码如何修改,0.8259088867219309
644,好事贷如何还款,0.8252177457236595
645,如何邀请好友申请好人贷,0.8243596325505201
646,好人贷额度有效期是多久,0.8242334742037705
647,好人贷额度是多少,0.8217338523388518
648,批扣时间段是多久,0.8207130648100694
649,任性还款是什么,0.8148060654313466
650,合作平台如何还款,0.80755089256788
651,好人贷如何提高额度,0.8061400403600272
652,随心存是什么,0.8049497178191372
653,如何登录微信公众号,0.8034184583451758
654,有多少人获得好人贷额度,0.8004075487776546
655,好人贷如何还款,0.7997943570829922
656,随心存如何计息,0.7989300833497018
657,好人贷为什么额度低,0.784957943898486
658,如何进入好人贷页面,0.7840298782816241
659,什么是一、二、三类户,0.7834303649104807
660,如何进入个人中心,0.7761993575717234
661,额度冻结怎么办,0.7756360675765016
662,如何获得优惠券,0.7674636312799354
663,什么平台的贷款,0.7645979511354463
664,随心存如何登录,0.7528674640697455
665,好人贷是什么,0.7140732470821511
666,季得利如何支取,0.7079360075044455
