0,工行卡绑定不起呢？,1.0
1,支持绑定的银行卡类型有哪些,0.9697603056357237
2,好人贷只能通过绑定的银行卡还款吗,0.9690103402338585
3,绑定银行卡产生费用吗,0.9684710408752548
4,好人贷必须绑定银行卡使用吗,0.967164975508932
5,新网银行能否绑定云闪付,0.9637239974012377
6,绑卡时页面上的银行卡预留手机号码可以修改吗,0.9634794648818863
7,好人卡绑定云闪付/微信等失败怎么办,0.9627853903346978
8,银行卡是二类户影响扣款吗,0.9620603588587185
9,银行卡挂失会影响自动扣款吗,0.9618190243131064
10,银行卡开通银联在线支付后是否可正常还款,0.960817990128928
11,新网银行以何名义查询征信,0.9608140896220512
12,还款银行卡是否需要开通银联在线支付业务,0.9591370097105615
13,为何提示还款卡不存在,0.9589467201809648
14,线上开据证明为何和征信金额不符,0.9586854602826717
15,更改银行卡预留手机号的方法,0.9580720266540126
16,可否按照征信订单号开据证明,0.9580301648285922
17,为何征信上有新网银行的贷款审批记录,0.9577038131686252
18,收款卡发卡行拒绝放款失败什么意思？,0.9572072649065251
19,新网银行存款是否受保障,0.9570232599948101
20,为何提示支付平台签约关系不存在,0.9569282338809997
21,可否取消银行卡限额,0.9568820324361293
22,好人贷支持微信/支付宝扣款吗,0.9565742354329454
23,存款需要先开立银行账户吗,0.9565622281840174
24,为何征信上有新网上报的贷款记录,0.9561974390580589
25,新网银行有企业贷款吗？,0.9558738899560861
26,新网银行账户可以设置为好人贷借/还款账户吗,0.9558372957476695
27,什么是银行卡预留手机号？,0.9558217828506597
28,新网银行发送的短信验证码的有效时长？,0.955585298991935
29,好人贷注册手机号与银行卡预留手机号是否需要一致？,0.9555210634453312
30,为何提示支付平台银行卡未开通银联无卡认证支付,0.9555176192537643
31,新网银行扣款通道是什么,0.9555118637859101
32,平台方手机号变更导致我行无法直接开据结清证明问题,0.9554290085042219
33,线上开据证明有次数限制吗,0.9551890029322038
34,车贷扣款支持的银行卡有哪些,0.9550954485854558
35,非绑定银行卡可否与新网二类户转账,0.95504920177275
36,销户后为何还能解绑银行卡,0.9550087816340563
37,为何提示支付平台暂不支持的银行或限额,0.9543800574331783
38,为何提示支付平台受发卡行资金用途限制拒绝交易,0.9543277093071023
39,为什么银行还款存在限额？,0.954062229462594
40,为何之前绑定的银行卡不支持扣款了,0.9538033438273268
41,系统升级会影响扣款吗,0.953690087878728
42,微信/支付宝等可否与新网银行账户互相绑定,0.9536867721475917
43,新网银行账户的交易记录如何查看,0.9535970413096632
44,新网银行有信用卡吗,0.9534476922687686
45,车贷能否绑定他人银行卡,0.953260079723764
46,我行放款的其他平台借款会上报征信吗,0.9532325058352284
47,查询车贷的注册手机号码是什么,0.9531829120742791
48,新网银行开户支持的证件有哪些,0.9530304056473998
49,车贷支持手动还款吗,0.952836061543077
50,借款时选错收款账户怎么办？,0.952629841360408
51,好人贷支持在国外发起借款吗,0.9523093687349318
52,银联在线支付如何开通,0.9522292911551365
53,如何购买新网银行存款产品,0.9522234885577965
54,随心存停售后有影响吗,0.9519519329258819
55,好人贷提额会查询征信吗,0.9519255551980808
56,注册手机号及微信号需要实名制吗,0.9518659397136963
57,如何取消征信查询及使用授权书,0.9517555429231044
58,如何查询好人贷借据收款银行卡,0.9515891710810666
59,新网银行账户可以在哪些地方使用,0.9515830031747364
60,好人贷支持扣款的银行有哪些,0.951515436073523
61,为何提示支付平台持卡人信息有误,0.9513069377369224
62,贷款证明开据失败怎么办,0.9512860721789547
63,如何查看银行卡管理列表,0.9512590606052158
64,新网银行存款类产品有哪些,0.9511946609686065
65,存款产品的资金可以用于好人贷还款吗,0.9510931264241886
66,可绑定银行卡数量上限,0.9510030899439591
67,好人贷借款记录如何查询,0.9508452861823057
68,更换银行卡会影响自动扣款吗,0.9507582685289502
69,新网银行有哪些产品可以提额,0.9507434096321875
70,车贷可以修改还款日吗,0.9506861401980358
71,为何征信上有新网银行上报的逾期,0.9505825797604398
72,为什么提前还款显示联合贷批次执行中？,0.9505100439966532
73,银行卡还款限额是多少,0.950417628144818
74,如何查询存管账户流水,0.950057531285611
75,好人贷支持周末借款吗？,0.9500420425957087
76,挖财还款是否为新网银行代扣,0.9499185336295403
77,可以查询注册手机号码吗,0.949813335352604
78,优信扣款成功后为何显示待还款,0.949797182688666
79,提前结清贷款后还会扣款吗,0.9497769479635879
80,线上是否可开据征信版结清证明,0.9497132483407589
81,好人贷-云闪付如何更换收/还款银行卡,0.949539354057581
82,好人贷借款时还会审核吗,0.9494714321149975
83,如何查询好人贷申请的授信结果,0.9494644164710708
84,好人贷如何查看所支持的还款方式,0.949462698223264
85,如何查询是否开通银联在线支付,0.9493138896297942
86,提前还款有次数限制吗,0.9492367084311214
87,什么是无卡支付及免密支付,0.9490778537140745
88,无法提供消费凭证可以取消贷款吗,0.9490508972829534
89,好人贷以什么贷款类型上报人行征信？,0.9489801109139672
90,新网银行存款属于理财产品吗,0.9489455055809888
91,好人贷账户是否为新网银行二类户？,0.9489263946504961
92,转账到新网银行账户是否还款成功,0.9489073899623582
93,为何收到新网银行还款短信,0.9488759482179491
94,新网银行人工客服电话打不通,0.9488735016557446
95,借款成功会有短信等提醒吗,0.9487945175617161
96,修改手机号码/微信号是否会影响自动扣款,0.9485922575260649
97,拨打我行人工客服电话是否收费,0.9485112862203603
98,线下转账如何填写新网银行开户信息,0.9485074953767985
99,补扣会影响信用吗,0.9484696882582059
100,扣款结果会有短信提示吗,0.9484419341964025
101,为何提示支付平台渠道不支持的银行,0.948269788747883
102,随心存存款期限有哪些,0.9482674277530279
103,实际申请金额与放款金额不一致可否取消车贷,0.9482588100976804
104,哪些渠道可以购买京东存款产品？,0.9482493060049441
105,存管查询为何提示用户不存在或者信息有误,0.9480192803581109
106,再次申请好人贷会查询征信吗,0.9480141805491281
107,未正常还款我行会进行催收吗,0.9479762249466152
108,提前还款会影响个人征信吗,0.9479471954040201
109,进入随心存为何提示手机号码不一致,0.947881525295247
110,新网银行存款产品为何暂停交易,0.9478550983081249
111,绑定银行卡失败,0.9478362662586811
112,银行渠道维护无法操作怎么办,0.9475041760646736
113,新网二类户上的资金是否计息,0.9474687694538374
114,存管账户如何查询,0.9474621330057201
115,车贷合同为何无法查看,0.9474153273537865
116,如何查询转账到新网银行的记录,0.9474132135830705
117,京东存款如何修改注册手机号码,0.947179074820423
118,转入新网银行使用的密码是交易密码还是银行卡密码,0.9471418827889139
119,好人贷扣款账户如何查看,0.9469692943940401
120,可以通过他人银行卡转入到新网银行账户吗,0.9469276909547494
121,借款到账后页面未更新借款状态,0.9468881837626
122,贷款结清之后能否删除贷款记录,0.9465090037058356
123,结清证明的发送方式有哪些,0.9464762956768452
124,自动扣款失败怎么办,0.9464575740208131
125,如何查询其他平台扣款银行卡,0.9463542271940191
126,如何查询当期车贷还款金额,0.9461898361929565
127,京东存款的计息规则及计息公式,0.9461589516858678
128,银行转账未到账怎么办,0.9460203262550122
129,为何征信上的放款日期与实际借款日期不一致,0.9460046938309997
130,如何设置存管支付密码,0.9459091670213651
131,为何提示支付平台不允许持卡人进行的交易,0.9458830911324082
132,结清贷款后征信上是否会显示结清,0.9458822235704184
133,好人贷借款如何上报征信,0.9458466065934358
134,银行渠道维护是指什么,0.9457688102498698
135,好人贷申请是否查询芝麻信用,0.9457674382408436
136,随心存可以在我行公众号查询/操作吗,0.9452144296520881
137,好人贷借款后能否修改贷款信息,0.9450753254649182
138,申请好人贷需要开个人账户吗？,0.9449238731897012
139,新网银行人工客服电话是多少,0.9448887621758855
140,存款产品如何重置交易密码,0.9447752162323422
141,好人贷注册手机号无法使用,0.944688923628276
142,如何查看委托支付协议,0.9446713110769019
143,平台还款信息为何与新网银行不一致,0.9445553987936246
144,好人贷支持随时借款吗,0.9445499515347137
145,还款金额超银行卡限额怎么办,0.9445433986298387
146,新网银行有实体卡片吗,0.9442135597485184
147,为何提示支付平台支取金额超过可用余额,0.9441693022671517
148,58车金融客服电话是多少,0.9441120588242595
149,新网银行视频认证的QQ号码是多少,0.9440467661174597
150,为何同时收到了还款成功和失败的短信,0.9439776839284686
151,如何修改存管账户预留手机号码,0.9438971783111069
152,如何查询合作平台贷款是否结清,0.9437229065769098
153,当期账单支持再分期吗,0.9436837986198846
154,核身链接失效的原因,0.9435890835691723
155,交易密码无法设置,0.9434217514038896
156,是否可以取消自动扣款,0.9433853596800281
157,为何提示支付平台该客户无默认扣款卡，交易没有发给统一支付,0.9433314450804907
158,存管账户如何注销,0.9432891209163409
159,新网银行二类户限额是多少,0.9430340195260895
160,销户后是否上征信,0.9429717775591475
161,提前还款手续费是多少,0.9429594727788909
162,好人贷部分提前还款规则,0.9429543509197746
163,逾期后还款金额是否会增加,0.9429116461946058
164,如何查询车贷还款日,0.9429000202453718
165,新网银行自动扣款时间,0.9428935883261408
166,好人贷上征信吗,0.9428582747234266
167,好人贷账户如何查询,0.9427152939179084
168,五年定期存款支持提前支取吗,0.9425934923027991
169,随心存产品停售原因,0.9425925654178431
170,好人贷借款超时未到账如何处理,0.9425773629831806
171,开据证明时为何提示账户存在异常,0.9425566854557396
172,为何提示还款存在差错,0.9425388788030662
173,如何修改征信上的个人信息,0.9424504209550244
174,平台方提供的客户审批资料能否提供给客户,0.9423623287798499
175,如何查看手机号是否实名制,0.9423018491432682
176,可以查询个人信息资料吗？,0.9422732391225302
177,如何更换好人贷默认还款账户,0.9422652408099393
178,如何更换借款收款银行卡,0.9422467831635951
179,好人贷账户如何挂失,0.9421630864596007
180,好人贷申请成功会有短信通知吗,0.942091955071908
181,新办的手机号可以申请好人贷吗,0.9420897193054429
182,为什么收到美利车金融的短信,0.942086209506646
183,注册手机号更换成功后何时可以正常使用,0.9420714872471636
184,电话客服是否可以受理结清证明,0.9418277629444679
185,选择任何还款方式都可以提前还款吗,0.9417952372463793
186,好人贷自动扣款规则,0.9416122610037138
187,新网账户绑定微信/支付宝后支持提现或充值吗,0.9415752951563059
188,选择任性还款/按期还款利息如何计算,0.9415740425723802
189,修改手机号后是否需要重置登录密码,0.9413549499783496
190,如何查看贷款合同,0.9413548471674344
191,实名认证失败的原因是什么,0.9413473900094371
192,为何按期还款只能选择部分贷款期限,0.9413380594177162
193,注销账户的处理时间,0.9413333105772664
194,如何查询征信报告,0.9412493847865901
195,如何查看随心存购买情况,0.9411797291629445
196,客服能否查看聊天记录,0.9411066900390199
197,申请好人贷后，可否更改授信结果,0.9410593618773978
198,好人贷不借款会产生利息或费用吗,0.9408932980772327
199,身份证更换期间会影响好人贷贷款吗,0.9408166405659876
200,定期存款是否有存单,0.9406883077471844
201,新网账户之间能否互相转账,0.940553195963923
202,车贷合同里的金额是否包含利息,0.9404888801756741
203,新网银行自动扣款次数,0.9404762389879635
204,新网二类户转入/转出收取手续费吗,0.9404059486989927
205,如何修改新网随心存注册号码,0.9403962101409477
206,为何提示支付平台账户余额不足,0.9403505105068215
207,实名认证是否查询征信,0.9403290826442201
208,新网诺诺发票贷如何申请,0.9403141645092452
209,定期存款操作的渠道有哪些,0.9402936738282658
210,为何提示支付平台交易金额超限,0.9402673547245934
211,使用优惠券后提前还款利息如何计算,0.9401361607436163
212,如何确保还款日当天会扣款成功,0.9399976950845708
213,京东存款是否支持提前支取/提前部分支取？,0.9399758612129642
214,好人贷只能使用微信登录吗？,0.9399478324179502
215,为何提示交易密码验证失败,0.9399045346636515
216,白骑士认证失败是什么意思,0.9398871033901989
217,视频认证录制失败的原因是什么,0.9398505592438879
218,好人贷贷款利息如何计算,0.9398384313749569
219,好人贷是否支持提前还款,0.9397110775354564
220,结清贷款后什么时候可以开据结清证明,0.9397059428715423
221,页面为何提示“开户失败”、“账户存在异常操作/账户异常”,0.9395643372155503
222,还款日当天支持手动还款吗,0.939563760587283
223,为何页面出现多个新网银行账户,0.9395345108830986
224,好人贷交易密码如何设置,0.93945757333303
225,新网银行合作的存管平台有哪些,0.93926612723289
226,能否人工开据贷款证明,0.9392382652280648
227,新网银行二类户如何转入/转出,0.93920149023845
228,为何销户后还能看到好人贷信息,0.939180120143423
229,新网二类户转入/转出有时间限制吗,0.9391090969967554
230,好人贷-云闪付如何提前还款,0.939015839209864
231,车贷如何修改注册手机号码,0.93897659860989
232,银联在线支付是什么,0.9388690723110787
233,联系新网银行客服有哪几种方式,0.9386925855662204
234,随心存提前支取到账时间,0.9386668844350781
235,好人贷账户如何更换手机号码,0.9386528464546148
236,为何提示不具备开具资格,0.9386352669615181
237,购买存款页面为何提示“额度不足，无法购买”,0.9386006865102199
238,新网银行的活期利率是多少,0.9384776447248308
239,征信上显示的贷款金额是否包含利息,0.9383740706325023
240,为何存管查询提示没有密码,0.9380840806993377
241,为什么拍照认证时总是不成功或显示系统崩溃,0.9380298911396149
242,为何无法提交好人贷申请资料,0.9378871828647252
243,结清证明是否是还款记录证明,0.9378502906612376
244,如何查询新网账户,0.9378384663862732
245,开据证明为何显示没有符合要求的订单,0.937711912101499
246,好人贷借款金额与到账金额是否一致,0.9374726114482262
247,开具结清证明时为何无法登录,0.9374712479879375
248,审核电话可更改接听电话吗,0.9373681437028334
249,如何把注册用户与结算用户都注销,0.9373264689608859
250,如何查看好人贷还款计划,0.9372673501165097
251,通过本人微信找回密码是指什么,0.9371305761169523
252,申请好人贷必须填写联系人信息吗,0.9370848491892826
253,优信客服电话是多少,0.9370261463216658
254,企业邮箱填写错误怎么办,0.9369311470780187
255,新网银行的官网地址是什么,0.936819912156531
256,如何办理对公业务,0.9366789168796796
257,抵押类贷款如何办理,0.9365236889549192
258,为何提示支付平台当日交易次数超限,0.9364512294354133
259,为何收到新网银行逾期提醒短信,0.9363455629073277
260,为何提示支付平台账户状态异常,0.9363244330020193
261,为何提示支付平台发卡行拒绝,0.9362765072169539
262,借款合同是否有展示提前还款会收取违约金的情况,0.9360527464894031
263,存管账户充值限额,0.9360449366523483
264,转账时为何提示未面核,0.9360432464774894
265,客服能否看到客户申请好人贷的信息,0.9360386631904353
266,如何修改实名认证手机号码,0.9360339436782298
267,季得利提前支取影响已发放利息吗,0.9359911471891516
268,如何开立存管账户,0.935969625042837
269,微信号更换成功后何时可以正常使用,0.935958253337665
270,好人贷是否支持提前还当期账单,0.9359196149906683
271,可以让别人代还款吗？,0.9357997660218478
272,如何查询申请相关的协议书,0.9357055483897482
273,手机获取验证码失败,0.9356932506468482
274,申请诺诺发票贷需要什么条件,0.9356508742428215
275,新网银行以什么名义放款,0.9354287320546076
276,半年得利提前支取影响已发放利息吗,0.9354201606234379
277,月得利提前支取如何计息,0.9352613515542211
278,新网银行行号是多少,0.9352454523674358
279,车贷还款记录如何查询,0.9352403640389607
280,诺诺发票贷的利率是多少,0.9351791207825078
281,贷款证明的电子章是否具有法律效应,0.9351270746569335
282,开据证明时为何需要实名认证,0.9350710213217599
283,我行对客邮箱是多少,0.9349302117683874
284,新网银行公众号如何取消关注,0.934920167330722
285,为何存管信息与平台显示不一致,0.9348754628121031
286,为何提示用户未实名认证,0.9348474758328108
287,新网二类户可以升级为一类户吗？,0.9348403490995347
288,接收短信的手机号是否为注册手机号,0.9347031615826007
289,公众号是否有还款提示,0.9347002682043188
290,能否开具非恶意逾期证明,0.9346496676787214
291,好人贷还款记录如何查询,0.9345254991716038
292,存管密码被锁定怎么办,0.9344590502199649
293,新网银行有哪些活动,0.9343893168244347
294,结清证明会展示哪些信息,0.9343857717840979
295,如何查看好人贷相关协议/合同？,0.9342685670841436
296,好人贷申请需要填写哪些个人信息,0.9342586309964203
297,随心存操作渠道有哪些,0.9342388692192307
298,是否会发生重复扣款情况,0.9341912235200931
299,存款产品如何修改手机号,0.9341284065830113
300,他行渠道汇入新网账户的到账时间是多久,0.934125067558159
301,新网银行业务办理时间,0.9341224113087814
302,在线客服是否是人工客服,0.9340553852053171
303,随心存利率是多少,0.9340159109027184
304,手机号无法使用为什么,0.9340061063780185
305,查询各类工单办理进度,0.9339499667634924
306,存款产品是否存满五年才能支取,0.9339354026107545
307,新网银行合作平台有哪些,0.9338114091894387
308,借款后如何判定下次还款日期,0.933810026590432
309,新网银行有几个网点,0.9336542268185556
310,结清证明印章无法查看,0.9336301681749329
311,车贷如何办理解押手续,0.9334626748308342
312,获取验证码次数超限怎么办,0.9334042102773394
313,节假日可以操作各类存款吗,0.9333723477559647
314,借款失败怎么办,0.9332442434141826
315,新网二类户为何无法转入/转出,0.9331572665069194
316,好人贷是否支持归还逾期部分账单,0.9331549240240051
317,存款产品是否保本保息,0.9330697831358992
318,线上转入新网银行账户到账时间是多久,0.933019358734964
319,好人贷手动还款时为何提示批次执行中,0.932969775371874
320,在线咨询是否支持客户发送语音,0.9329081854663235
321,企业邮箱为何验证不了,0.9328403814234749
322,注销注册用户后是否可恢复？,0.9326670710212115
323,如何查看优惠券的使用情况,0.9326437139066
324,车贷收取哪些费用,0.9326394253484044
325,节假日可以借/还款吗,0.9326304169841674
326,为何无法登录存管查询,0.9326291747214676
327,五年定期存款的利率是多少,0.9325453991025319
328,为何提示支付平台其他错误,0.9325304844518683
329,如何查看开户结果,0.9324830344959373
330,按期还款和任性还款的区别是什么,0.9324099935985937
331,随心存如何修改交易密码,0.9323555963090299
332,名下所有卡被冻结后如何还款,0.9323477091740013
333,可否补充企业邮箱,0.9322867388911058
334,企业邮箱验证码可否重新获取,0.9320607573763798
335,好人贷授信首页显示利率是否为固定利率,0.9319779428517291
336,周得利提前支取如何计息,0.9317400275861308
337,为何重置密码后仍提示密码错误,0.9316807532354039
338,如何查询账户是否冻结,0.9316661614454315
339,如何开据存款证明,0.9316545724819507
340,存款页面是否会显示每日收益,0.9316166339004924
341,新网银行账户是什么,0.9314353011888731
342,好人贷支持随借随还吗,0.9313561646371986
343,为何好人贷还款时提示“交易处理中”,0.931174949885699
344,还款日可以修改吗,0.9311093855263272
345,什么是单笔借据和多笔借据,0.9308904574811115
346,为什么取消了提前部分还款,0.9308602100416615
347,身份证上传失败怎么办,0.9308570528319988
348,居住信息如何填写,0.9308177734158708
349,如何操作随心存大额存款,0.9305534521421792
350,如何查询还款日,0.9305457036656637
351,申请好人贷有区域或者号段等限制吗,0.9305160527640781
352,好人贷账户如何注销,0.9303567365533125
353,如何更改其他平台的注册手机号码,0.9303511687158399
354,好人贷能否绑定他人银行卡,0.930287952213314
355,手机号归属地与定位地不一致是否有影响,0.9301917528044685
356,车贷合同如何查看,0.9300065774605398
357,新网银行是否上市,0.9299531946002163
358,好人贷为什么无法借款,0.9298877637719253
359,未接到好人贷回访电话会被拒吗,0.9298651407430135
360,为何图文验证码输入正确却提示错误,0.9298572998432983
361,季得利的操作渠道有哪些,0.9297961756680689
362,京东存款为什么显示当日额度为什么已售罄？,0.929729649381987
363,新网银行如何联系客户,0.929718789867659
364,好人贷有回访电话吗,0.9296313000514771
365,验证码发送至什么手机号,0.9295991551058331
366,周得利计息规则,0.929577538213166
367,征信上报周期及更新时间,0.9294699236132521
368,车贷如何更换还款银行卡,0.9294575556434451
369,定期存款的利率是多少,0.9292493453315119
370,"好人贷有回访电话吗""",0.9291818171806995
371,随心存利率为何会发生变化,0.9290018672999806
372,新网银行有招聘吗,0.9289180987822087
373,为什么点击拍照没有反应,0.9284288245458071
374,转账到新网银行如何操作,0.9283091789651878
375,好人贷被拒后为何没有下次开放时间,0.9283084421434015
376,如何解约快捷支付？,0.9282807590571468
377,人工是否可操作扣款,0.9279577940645848
378,如何签署借款合同,0.9279445076346757
379,客户催促需要加急办理,0.9279223570402364
380,查询结清证明申请是否已提交,0.9278734403888179
381,销户后可以再开户吗,0.9276630299711499
382,车贷还款只扣除部分是什么原因,0.9272873041769891
383,随心存支持提前支取吗,0.9272158562852175
384,新网银行二类户与好人贷是否为同一个手机号码,0.9271561325427656
385,如何获取线上核身链接,0.927068787127983
386,为什么收到提额短信但额度未提升,0.9268445015221344
387,申请好人贷后为何页面显示仍可提交申请,0.9268129707054902
388,随心存到期后何时到账,0.9267878058349873
389,合同为何无法打开,0.9265853612879373
390,咨询可以发送图片吗？,0.9265804733116269
391,申请好人贷使用的邮箱是公司邮箱还是个人邮箱,0.9264977595447469
392,身份证信息变更后如何更新,0.9259240995292769
393,为何申请好人贷后显示未获取额度,0.9259099690528757
394,申请好人贷需要下载APP吗？,0.9258622434516531
395,新网银行地址在哪里,0.9257302803649938
396,提前支取时为何显示存入,0.9257120348236001
397,好人贷额度必须一次性借完吗,0.925593872376579
398,关于客户个人信息安全问题,0.9255817005480891
399,电脑端可以登录好人贷吗,0.9255527725079702
400,活体检测失败怎么办,0.9255182168756693
401,客户表示还款成功,0.9254091284305764
402,还款后为何未更新还款状态,0.9253607432091412
403,为何还款后额度恢复减少了,0.9252139922615276
404,存管查询的余额如何提现,0.9250798828283063
405,目前支持的银行有哪些,0.925049338272821
406,为什么好人贷第一期还款金额与之后不一致,0.9247831829152989
407,如何注销新网注册用户,0.9246624070524248
408,随心存如何查看收益情况,0.9245589105031399
409,登录时的图文验证码是否区分大小写,0.9243211885961594
410,好人贷通过率多少,0.9242972885030385
411,申请好人贷没有公司邮箱怎么办,0.9237485512176237
412,如何绑定银行卡,0.9237463264460669
413,逾期未还款如何处理,0.923731115880495
414,公众号页面的“我的排号”是什么意思,0.9237180755665558
415,输入身份证号码时，为何无法输入字母,0.9236674846603277
416,好人贷申请的渠道有哪些,0.9236385697303183
417,修改手机号码的处理时间是多久,0.9236213090012481
418,如何冻结新网银行账户,0.9233600180681806
419,申请好人贷需要公积金、社保吗？,0.9231530311803228
420,新网银行三类户是什么,0.9230181980366251
421,个人可以在新网开立几个账户,0.9228087139754024
422,身份证过期可以申请好人贷吗,0.9227190781028053
423,申请好人贷需要哪些资料,0.9222709827976245
424,好人贷审核不通过对个人有什么影响,0.9221369385262371
425,为什么提示用户不存在,0.9221069785101861
426,开户失败原因,0.9220316388507047
427,存管提现到账时间是多久,0.9219291466915355
428,客户咨询其他平台催收问题,0.9219179267574984
429,好人贷借款合同有效期是多久,0.9218675273446937
430,好人贷审核时是否给填写的联系人去电,0.9218499080030033
431,好人贷为什么提示“账户存在异常操作”,0.921637493586488
432,黑户/白户是否可以申请好人贷,0.9216057403747799
433,美团客服热线是多少,0.921456205226589
434,关于消费凭证,0.9212278799871528
435,提额会有通知吗,0.9208599412145556
436,如何换绑银行卡,0.9207897389799039
437,车辆信息如何查询,0.9207876604288993
438,好人贷需要面签吗,0.9206827188755595
439,好人贷-云闪付是什么,0.9206780352466017
440,车贷利息是多少,0.9203554807737518
441,为何申请好人贷页面显示暂无资格,0.9201342380100012
442,客户发送截图以及个人信息等,0.9199312411383858
443,滴水贷客服电话是多少,0.9198859313693022
444,新网银行人工客服服务时间,0.9197429475139632
445,好人贷审核电话是多少,0.9196796404817327
446,好人贷还款后额度何时恢复,0.9194994234001209
447,实名认证审核时间,0.9194670095257879
448,还款日当天是否自动扣款,0.9193188484335825
449,好人贷申请是否支持人工受理,0.9193146526707224
450,结清证明的印章是否可以用公章,0.919256188447226
451,什么是注册号码？,0.9191340725957462
452,车贷申请多久可以放款,0.9190632865462272
453,扣款失败的原因,0.9190483050157038
454,好人贷提前还款最低还多少,0.9189779816686809
455,好人贷可以重新申请吗,0.9186545805323145
456,存款利率是多少,0.9186111631359611
457,我们是四川新网银行吗,0.9185558373655816
458,能否让客服回电,0.9185051866415991
459,随心存存入限额,0.9182659890410778
460,如何选择按期还款/任性还款,0.9179819895554052
461,自动扣款如何操作,0.9178520786456815
462,上传身份证时需填写的内容是什么,0.9177246284885278
463,提前支取有限制吗,0.9177099485863881
464,存在迁户问题怎么处理,0.9176424063984101
465,实名认证为什么不符,0.9175139029530723
466,申请好人贷工作信息如何填写,0.9173556081669056
467,好人贷收取哪些费用,0.9171022078265111
468,定期存款到期如何支取,0.9168382280065009
469,消费凭证有效期是多久,0.9167971705344828
470,如何查询是否已申请好人贷,0.916711191466188
471,开通什么业务,0.9165574461270996
472,为何申请好人贷无结果,0.9164434342010254
473,新网银行好事贷如何申请,0.9161477034600315
474,能否删除个人信息,0.9161404951416411
475,好人贷还款方式有哪些,0.91591245878531
476,好人贷额度是否循环使用,0.9158555634664706
477,车贷如何解绑银行卡,0.9155777636970188
478,什么是我的额度和可借额度,0.915485126397988
479,罚息能否减免,0.9151953827819416
480,银行渠道维护时间一般是多久,0.9150572356781568
481,好事贷收取哪些费用,0.9143818128202731
482,好人贷当期能否最低还款,0.914274854065946
483,客户要求发送相关模板,0.914255084781854
484,如何在新网银行开户,0.9140559310778081
485,一个身份证可以申请好人贷两次吗？,0.9140522105583233
486,其他贷款怎么办理,0.9139851221668708
487,好人贷放款至什么账户,0.9139123579241314
488,有额度不使用有什么影响吗,0.9139002124117224
489,好人贷申请能否撤销,0.9138811817856443
490,审核电话内容是什么,0.91375064993864
491,视频认证的步骤是什么,0.9136919649285986
492,如何关注新网银行公众号,0.9134679497702791
493,获取额度后多久可发起借款,0.9132206374279825
494,申请创客贷需要什么条件,0.9131197649627469
495,关闭其他平台额度后，能否恢复好人贷额度,0.9125701323627051
496,好人贷如何试算利息,0.9125474814029558
497,好人贷利率为什么调高了,0.9124568430795027
498,客户表示没有问题了,0.9120455203547364
499,人脸识别失败怎么办,0.9116403341355598
500,如何删除身份证信息,0.9113978369656824
501,操作好人贷是否需要开启定位,0.911381177130019
502,如何通过线下方式转入新网二类户,0.9112229911307782
503,密码被锁定怎么办,0.9106991841974884
504,自动扣款时间段是多久,0.9106869180593753
505,好人贷申请必须使用身份证原件吗,0.9103194236583934
506,存款产品支取通用路径,0.9100448955432525
507,他人可以使用本人信息申请好人贷吗,0.9099326116289663
508,为何提示该证件已被使用,0.9097334012414148
509,房产保证金是什么,0.9096455774062805
510,五年定期存款是什么,0.9093970571688847
511,车贷如何提前还款,0.9084176205148672
512,申请好人贷后有没有回复,0.908340352755975
513,什么是风控审核中,0.9080924592895866
514,逾期造成的影响是什么,0.9078166015611173
515,车贷逾期如何还款,0.9076700032338695
516,申请好人贷需要什么条件,0.9074956633467295
517,新网银行APP下载,0.9071390722727768
518,为何结清证明显示日期与平台不符,0.9068457458836983
519,好人贷月利率是多少,0.9066109864009421
520,好人贷年化利率是多少,0.9064661624380482
521,可以咨询吗,0.9063475792731134
522,为何无法销户,0.9062883460444078
523,企业邮箱格式是什么,0.9056085000198276
524,还款后页面显示等待中,0.9054836843577755
525,如何更换微信号,0.9053601317273953
526,怎样用其他手机登录好人贷,0.9046784923279039
527,还款记录如何查看,0.904453154700249
528,页面为什么异常跳转,0.9044198493300982
529,可以重新注册吗,0.9043373748826552
530,好人贷申请是否可以使用临时身份证,0.9041779869932397
531,好人贷定位如何开启,0.9040914275180919
532,令牌无效是什么,0.9040346401010635
533,车贷平台如何查询,0.9034692266735853
534,美利车联系电话,0.9030247452249475
535,各还款方式如何进行还款,0.9024082462856932
536,好人贷申请身份证可否添加水印,0.9015322983534771
537,在哪个平台操作提现,0.9004045053460609
538,工新借如何申请,0.9000256033295829
539,好人贷电话回访时间,0.8999186298017052
540,好人贷如何提前还款,0.899874612056088
541,手持身份证拍照的注意事项,0.8995484330648998
542,人脸识别使用的是照片还是视频,0.8994600501013061
543,忘记密码怎么办,0.8992401768390089
544,登录密码为何无法重置,0.8992138167750002
545,页面为何无法打开,0.8989769849598982
546,车贷如何还款？,0.8983728311921569
547,为何人脸识别提示光线太足,0.8981668551769362
548,客户表示需要考虑,0.8980984407704914
549,客服是否是随机分配,0.8978968227533298
550,是否需要使用本人手机操作好人贷,0.897707790533118
551,好人贷能否人工操作提额,0.8976946285108708
552,征信报告是什么样的,0.8975844896564816
553,结清证明开据时间是多久,0.8974720005901764
554,客户提到投诉,0.8972078000627767
555,好人贷为何无法还款,0.8971497826173299
556,好人贷额度是否会发生变化,0.8970762099230322
557,如何激活新网二类户,0.8966075169373777
558,好人贷利率是多少,0.8957937550897508
559,为何提示缺少必要参数,0.8951898166466902
560,下一次开放时间是什么意思,0.8947847143323439
561,好人贷如何降低利率,0.894495023648809
562,如何知晓已注销成功,0.8944902115566079
563,好人贷有额度后如何进行贷款,0.8939834244325089
564,好人贷个人资料如何修改,0.8937576823889029
565,为何无法申请好人贷,0.8937234011715631
566,申请被拒怎么办,0.8933464670116121
567,自助提额什么时候上线,0.8932941399236665
568,按期还款是什么,0.8930734146883027
569,怎样才能成功申请到额度,0.8923295345554176
570,新网有哪些产品,0.8922193264975212
571,好人贷如何主动还款,0.8917790979186327
572,车贷如何申请,0.8914258695428876
573,好人贷利率为什么高,0.8914043104717407
574,新网银行简介,0.8911999816966162
575,销户与否会产生什么影响,0.8911624359483419
576,什么是分批次扣款,0.8905827224723503
577,为何提示系统异常,0.8903437161570154
578,如何降低/关闭额度,0.8901941293687485
579,为什么无法注册,0.8896675162641711
580,如何注销新网二类户,0.889583432205272
581,客户表示有合作意向,0.8887346682827064
582,系统繁忙是什么原因,0.8878340000556049
583,好人贷额度为什么变低了,0.8867965227767324
584,好人贷的办理时间,0.8860399296640357
585,如何录制活体检测,0.8848866229590925
586,好人贷是邀请制吗,0.8845585023262319
587,开户是什么意思,0.8840046125750549
588,如何办理好人卡？,0.8836428683555224
589,合作平台如何取消贷款,0.8832314157583031
590,注册规则是什么,0.8830566829793844
591,好人贷借款规则,0.8827922664668677
592,客户表示知道了,0.8824539140155117
593,好人贷如何实名认证,0.8823370804831022
594,为什么没有扣款,0.8821673032878188
595,好人贷贷款期限是多久,0.8820696444643051
596,优惠券如何使用,0.8819342617333578
597,好人贷与其他平台类似产品的区别是什么,0.8809584166117178
598,好人贷消费用途,0.8805815233444126
599,贷款证明如何开据,0.8803770525188694
600,随心存T+1是什么,0.8787209730384005
601,好人贷还款后多久到账,0.8783917171933585
602,如何解绑银行卡,0.87787629519017
603,退汇是什么意思,0.8773262331627596
604,好人贷借款多久到账,0.876528457027803
605,可否对公还款,0.8764051964335114
606,好人贷审核时间是多久,0.8739467185247902
607,如何注销公众号,0.8737991135573066
608,好人贷额度他人能否使用,0.8736920717973459
609,季得利如何计息,0.8736683641406762
610,什么是登录密码,0.8730514150658425
611,好人贷提额周期是多久,0.872763559251164
612,好人贷如何审核,0.871748753949369
613,如何增加银行卡,0.8713075761317759
614,创客贷额度是多少,0.8703522284253287
615,经侦是指什么,0.8689481214712804
616,申请好人贷是否都有额度,0.8689345086114453
617,什么是综合评估,0.8679256562591476
618,什么情况算逾期,0.866740886892234
619,好人贷为什么无法登录,0.8658041474093051
620,如何退出微信公众号,0.8633612548607102
621,好人贷如何自助提额,0.863216401289583
622,公众号如何注册,0.8628952845162365
623,什么情况算违约,0.8626476864920083
624,迁户是什么意思,0.8609710778536428
625,征信是什么,0.8602988993978942
626,好人贷是否有临时额度,0.8599812288048908
627,好人贷额度有效期是多久,0.8598570753469217
628,客户表示稍等,0.8596671529911282
629,什么是活体检测,0.8594972126713214
630,额度冻结是什么意思？,0.8593877923779374
631,什么是当期账单,0.8585889375641241
632,什么是还款日,0.8567810194531984
633,客户表示不满,0.8566378345373731
634,客户称赞服务好,0.856468746552831
635,罚息介绍,0.8560681001225141
636,季得利是什么,0.8560580035483298
637,工新借是什么,0.8549156578756743
638,好人贷额度是多少,0.8531797074408584
639,好人贷如何申请,0.8526442271896912
640,如何邀请好友申请好人贷,0.8516332754341984
641,批扣时间段是多久,0.8512741783931406
642,可否延期还款,0.8501716275357167
643,密码如何修改,0.8487498451536788
644,额度占用问题,0.8471702958064052
645,人脸拍摄规范,0.8462786064787845
646,客户提出建议,0.8445014860445595
647,存管是什么,0.8397941110798773
648,好人贷如何提高额度,0.8353941022588348
649,有多少人获得好人贷额度,0.8339066493080419
650,如何登录微信公众号,0.8334493256777119
651,好事贷如何还款,0.8328465667688049
652,随心存是什么,0.8289139743630031
653,合作平台如何还款,0.8286459815408527
654,任性还款是什么,0.8261801366710344
655,随心存如何计息,0.8253788704223077
656,好人贷如何还款,0.8245274657816379
657,如何进入好人贷页面,0.8177993449503894
658,好人贷为什么额度低,0.8164482776602286
659,如何进入个人中心,0.81303739243896
660,什么是一、二、三类户,0.8094104709677706
661,额度冻结怎么办,0.8032828306273374
662,如何获得优惠券,0.7908479259644555
663,什么平台的贷款,0.7846974565873979
664,随心存如何登录,0.7830877547156074
665,好人贷是什么,0.7497699685273543
666,季得利如何支取,0.7355212006148869
