0,第二天扣了会不会影响信用,1.0
1,补扣会影响信用吗,0.9650046039590118
2,是否可以取消自动扣款,0.9579663443139421
3,为何之前绑定的银行卡不支持扣款了,0.9556668850016886
4,借款成功会有短信等提醒吗,0.9547363246433523
5,更换银行卡会影响自动扣款吗,0.9543369450527298
6,好人贷不借款会产生利息或费用吗,0.9529848973529139
7,借款合同是否有展示提前还款会收取违约金的情况,0.952691707434731
8,半年得利提前支取影响已发放利息吗,0.9523413154845898
9,银行卡是二类户影响扣款吗,0.9521862257840956
10,是否会发生重复扣款情况,0.951257555987313
11,再次申请好人贷会查询征信吗,0.95100993567226
12,如何确保还款日当天会扣款成功,0.9509681996683957
13,页面为何提示“开户失败”、“账户存在异常操作/账户异常”,0.9508756940533165
14,收款卡发卡行拒绝放款失败什么意思？,0.950872222757113
15,实际申请金额与放款金额不一致可否取消车贷,0.9508415610128975
16,扣款结果会有短信提示吗,0.9504105860903119
17,为何提示支付平台该客户无默认扣款卡，交易没有发给统一支付,0.9503381883535448
18,存管查询为何提示用户不存在或者信息有误,0.9502993146562259
19,无法提供消费凭证可以取消贷款吗,0.950273177363363
20,季得利提前支取影响已发放利息吗,0.950233758321481
21,银行卡挂失会影响自动扣款吗,0.9498623187940917
22,提前还款会影响个人征信吗,0.9491947526255311
23,系统升级会影响扣款吗,0.9490167796882548
24,未正常还款我行会进行催收吗,0.948953750687474
25,提前结清贷款后还会扣款吗,0.9489392739197154
26,申请好人贷后，可否更改授信结果,0.9485309607609046
27,好人贷申请成功会有短信通知吗,0.9479220444963495
28,为何征信上有新网上报的贷款记录,0.9473317618643157
29,为什么提前还款显示联合贷批次执行中？,0.9468654271451685
30,修改手机号码/微信号是否会影响自动扣款,0.9468522695363707
31,使用优惠券后提前还款利息如何计算,0.9462374508559517
32,好人贷申请是否查询芝麻信用,0.9461154965638393
33,新网银行有哪些产品可以提额,0.9458001023968392
34,如何取消征信查询及使用授权书,0.9447839977368022
35,征信上显示的贷款金额是否包含利息,0.9444805866871133
36,为何征信上有新网银行的贷款审批记录,0.9443453530586159
37,为什么拍照认证时总是不成功或显示系统崩溃,0.9438499320586949
38,优信扣款成功后为何显示待还款,0.9437505332189111
39,好人贷借款时还会审核吗,0.9434681142819918
40,好人卡绑定云闪付/微信等失败怎么办,0.9433936396823409
41,选择任何还款方式都可以提前还款吗,0.9432924219534037
42,好人贷审核不通过对个人有什么影响,0.9431302619489951
43,申请好人贷需要开个人账户吗？,0.9430860009106284
44,为何提示支付平台签约关系不存在,0.9429803051290994
45,如何查询好人贷申请的授信结果,0.9427693405371126
46,线上开据证明为何和征信金额不符,0.9419626190002973
47,为何征信上的放款日期与实际借款日期不一致,0.9418752113139609
48,为何提示还款卡不存在,0.9416120384878375
49,好人贷必须绑定银行卡使用吗,0.9415542827764748
50,为何提示支付平台受发卡行资金用途限制拒绝交易,0.9415438456166219
51,好人贷授信首页显示利率是否为固定利率,0.9415303869065341
52,银行卡开通银联在线支付后是否可正常还款,0.9414861180279673
53,好人贷支持在国外发起借款吗,0.9413937954166172
54,好人贷被拒后为何没有下次开放时间,0.9411851811401876
55,车贷合同里的金额是否包含利息,0.940680715209392
56,为何同时收到了还款成功和失败的短信,0.9406548673001387
57,新办的手机号可以申请好人贷吗,0.9402404166481992
58,借款时选错收款账户怎么办？,0.9402327445531592
59,转账时为何提示未面核,0.9401977095271027
60,为何提示支付平台不允许持卡人进行的交易,0.9400613488014342
61,京东存款是否支持提前支取/提前部分支取？,0.94005224620429
62,好人贷支持微信/支付宝扣款吗,0.9398571662573927
63,为何销户后还能看到好人贷信息,0.9396833800670619
64,新网银行发送的短信验证码的有效时长？,0.93961564965314
65,自动扣款失败怎么办,0.9395414241100313
66,好人贷以什么贷款类型上报人行征信？,0.939529693697914
67,注销注册用户后是否可恢复？,0.9394764496893667
68,开据证明时为何提示账户存在异常,0.9394657101667838
69,为何提示交易密码验证失败,0.9393350012581204
70,购买存款页面为何提示“额度不足，无法购买”,0.939275724712281
71,能否开具非恶意逾期证明,0.9391827874918686
72,为何提示支付平台持卡人信息有误,0.9390862754075389
73,销户后为何还能解绑银行卡,0.9390852411516851
74,有额度不使用有什么影响吗,0.9389861953642099
75,为何存管查询提示没有密码,0.9389845893890988
76,提前还款有次数限制吗,0.9389312083407785
77,我行放款的其他平台借款会上报征信吗,0.9389170124032464
78,逾期后还款金额是否会增加,0.9386571473449772
79,申请诺诺发票贷需要什么条件,0.9384344885788397
80,好人贷只能通过绑定的银行卡还款吗,0.9381872275974561
81,线上是否可开据征信版结清证明,0.9381150412500876
82,好人贷支持扣款的银行有哪些,0.9381103993162135
83,为何征信上有新网银行上报的逾期,0.9378145576959941
84,银行渠道维护无法操作怎么办,0.9376138384873973
85,线上开据证明有次数限制吗,0.9374491753996305
86,结清贷款后征信上是否会显示结清,0.9372958683041775
87,销户后可以再开户吗,0.9371022557891056
88,申请好人贷需要下载APP吗？,0.9370204155747369
89,好人贷注册手机号与银行卡预留手机号是否需要一致？,0.9369349670681418
90,好人贷是否支持提前还当期账单,0.9368465552898345
91,为什么取消了提前部分还款,0.9368291328344083
92,为何无法提交好人贷申请资料,0.9366497582705552
93,绑卡时页面上的银行卡预留手机号码可以修改吗,0.9365771810476272
94,好人贷申请需要填写哪些个人信息,0.936515557505323
95,哪些渠道可以购买京东存款产品？,0.936438961318628
96,销户后是否上征信,0.9362989465431512
97,转入新网银行使用的密码是交易密码还是银行卡密码,0.936176851964729
98,白骑士认证失败是什么意思,0.9361242330591019
99,注册手机号及微信号需要实名制吗,0.935948162993875
100,存款需要先开立银行账户吗,0.9359269362471817
101,好人贷只能使用微信登录吗？,0.9358851374531776
102,微信号更换成功后何时可以正常使用,0.9358268511092722
103,为什么好人贷第一期还款金额与之后不一致,0.9358166071406839
104,注册手机号更换成功后何时可以正常使用,0.9357884968326361
105,可否按照征信订单号开据证明,0.9356996642235591
106,修改手机号后是否需要重置登录密码,0.9355761638742418
107,好人贷提额会查询征信吗,0.9355601825388059
108,随心存停售后有影响吗,0.9353659411842201
109,可以让别人代还款吗？,0.9353453367814527
110,节假日可以操作各类存款吗,0.9351117791846113
111,为什么收到提额短信但额度未提升,0.9348949906468474
112,贷款结清之后能否删除贷款记录,0.9348586137097368
113,随心存利率为何会发生变化,0.9348375375713384
114,平台方提供的客户审批资料能否提供给客户,0.9347820009380545
115,结清贷款后什么时候可以开据结清证明,0.9347716451498265
116,为什么银行还款存在限额？,0.9346733187403484
117,提前还款手续费是多少,0.9345885328562195
118,进入随心存为何提示手机号码不一致,0.9343902107463447
119,为何申请好人贷后显示未获取额度,0.934336610920143
120,如何查询合作平台贷款是否结清,0.9342347473827197
121,绑定银行卡产生费用吗,0.9340137716213012
122,好人贷借款后能否修改贷款信息,0.9337621336839388
123,好人贷为什么提示“账户存在异常操作”,0.933724911821273
124,当期账单支持再分期吗,0.9336407725061485
125,好人贷可以重新申请吗,0.9334000994089975
126,好人贷是否支持提前还款,0.9331998890943923
127,如何查询是否开通银联在线支付,0.9331956486665554
128,车贷合同为何无法查看,0.933188610650684
129,节假日可以借/还款吗,0.9330312445842625
130,新网银行账户可以在哪些地方使用,0.933009865877587
131,为何按期还款只能选择部分贷款期限,0.9329245204800456
132,客服能否看到客户申请好人贷的信息,0.9327774424412252
133,为何重置密码后仍提示密码错误,0.9327099397180515
134,新网银行账户的交易记录如何查看,0.9326762058750998
135,可否取消银行卡限额,0.9326364565422974
136,申请好人贷后为何页面显示仍可提交申请,0.9325093090732192
137,存款产品的资金可以用于好人贷还款吗,0.9323459901859066
138,新网银行存款是否受保障,0.9323221127066488
139,开据证明为何显示没有符合要求的订单,0.93198712260416
140,平台方手机号变更导致我行无法直接开据结清证明问题,0.9318320593641125
141,车贷可以修改还款日吗,0.9318174852006688
142,好人贷为什么无法借款,0.9315990917162781
143,好人贷支持周末借款吗？,0.931326710315718
144,什么是银行卡预留手机号？,0.9312362047147773
145,贷款证明开据失败怎么办,0.9312178628284757
146,新网账户绑定微信/支付宝后支持提现或充值吗,0.9311788326349335
147,线下转账如何填写新网银行开户信息,0.9311171305451155
148,申请好人贷必须填写联系人信息吗,0.931110870985736
149,为何存管信息与平台显示不一致,0.9310562397677916
150,借款到账后页面未更新借款状态,0.9309687641545321
151,好人贷借款超时未到账如何处理,0.930945656688589
152,结清证明会展示哪些信息,0.9307299082492207
153,随心存可以在我行公众号查询/操作吗,0.930676365003721
154,存款页面是否会显示每日收益,0.9306664221325028
155,新网银行扣款通道是什么,0.930509849428841
156,好人贷贷款利息如何计算,0.9302276018880887
157,通过本人微信找回密码是指什么,0.9301724928074387
158,新网银行有信用卡吗,0.9301067933024766
159,为何提示支付平台当日交易次数超限,0.9300566242384191
160,为什么提示用户不存在,0.929962722043551
161,新网银行开户支持的证件有哪些,0.9299377138306827
162,客户催促需要加急办理,0.9298829224355333
163,电话客服是否可以受理结清证明,0.9298773465518828
164,新网银行以何名义查询征信,0.929842771529859
165,如何查看优惠券的使用情况,0.9298243625765953
166,为何提示支付平台渠道不支持的银行,0.9298149270439708
167,新网银行存款产品为何暂停交易,0.9297204500006797
168,京东存款为什么显示当日额度为什么已售罄？,0.9296284990871477
169,存款产品是否存满五年才能支取,0.929578210692572
170,如何查询申请相关的协议书,0.9295768917958593
171,开具结清证明时为何无法登录,0.9295679713817309
172,为何提示还款存在差错,0.9293769973419207
173,五年定期存款支持提前支取吗,0.929363026598511
174,为何提示支付平台支取金额超过可用余额,0.9292017363690421
175,身份证更换期间会影响好人贷贷款吗,0.9291134753979409
176,为何提示支付平台暂不支持的银行或限额,0.9290668458130661
177,为何提示不具备开具资格,0.9289380627574317
178,为何图文验证码输入正确却提示错误,0.9289334446709824
179,贷款证明的电子章是否具有法律效应,0.9289038472280988
180,如何查询转账到新网银行的记录,0.9286922659201028
181,新网二类户上的资金是否计息,0.9286389445640437
182,月得利提前支取如何计息,0.9284777974580839
183,好人贷借款记录如何查询,0.9284498732108584
184,转账到新网银行账户是否还款成功,0.9283225849438869
185,名下所有卡被冻结后如何还款,0.9280946428658248
186,交易密码无法设置,0.9280907468069515
187,好人贷额度必须一次性借完吗,0.9278978678620361
188,新网银行有企业贷款吗？,0.9278395701532235
189,什么是单笔借据和多笔借据,0.9278162002262004
190,开据证明时为何需要实名认证,0.9277670294436384
191,好人贷是否支持归还逾期部分账单,0.9276589039756316
192,在线咨询是否支持客户发送语音,0.927654843977737
193,好人贷支持随时借款吗,0.9276246366696179
194,新网银行的活期利率是多少,0.9275002646131771
195,支持绑定的银行卡类型有哪些,0.9274680800945784
196,好人贷借款金额与到账金额是否一致,0.9273023698572359
197,申请好人贷需要公积金、社保吗？,0.9272401929585692
198,五年定期存款的利率是多少,0.9271735432768236
199,为何提示支付平台银行卡未开通银联无卡认证支付,0.9270266479855223
200,可以查询个人信息资料吗？,0.9269921389844851
201,能否人工开据贷款证明,0.926926628586816
202,还款银行卡是否需要开通银联在线支付业务,0.926865904001976
203,如何把注册用户与结算用户都注销,0.9268095477101715
204,好人贷申请的渠道有哪些,0.9267146637246596
205,诺诺发票贷的利率是多少,0.926495897294559
206,什么是无卡支付及免密支付,0.9263926435798163
207,为何好人贷还款时提示“交易处理中”,0.9263510011213842
208,选择任性还款/按期还款利息如何计算,0.9262977060159763
209,非绑定银行卡可否与新网二类户转账,0.9262954610165522
210,好人贷上征信吗,0.926140492674724
211,为何申请好人贷页面显示暂无资格,0.9260825487075435
212,新网银行账户可以设置为好人贷借/还款账户吗,0.9260130537442833
213,如何查看委托支付协议,0.9259899434460048
214,如何查看好人贷相关协议/合同？,0.9258358577865187
215,周得利提前支取如何计息,0.9258100022621426
216,新网二类户可以升级为一类户吗？,0.9256749208174807
217,新网银行存款属于理财产品吗,0.9256641987290645
218,平台还款信息为何与新网银行不一致,0.9256052278036131
219,申请好人贷需要哪些资料,0.9255572175438534
220,为何提示用户未实名认证,0.925554120150955
221,视频认证录制失败的原因是什么,0.925522185982464
222,如何查询其他平台扣款银行卡,0.9253754961467007
223,为何收到新网银行逾期提醒短信,0.9252820855529249
224,查询车贷的注册手机号码是什么,0.9251231962322031
225,新网银行合作的存管平台有哪些,0.9250733581539476
226,如何查看手机号是否实名制,0.9250618597199476
227,为何无法登录存管查询,0.9249845995083396
228,如何查询存管账户流水,0.92482762763219
229,好人贷账户是否为新网银行二类户？,0.9247674457589196
230,提前支取时为何显示存入,0.9247077813623068
231,如何查询是否已申请好人贷,0.9245120078283393
232,如何查询当期车贷还款金额,0.924507040603307
233,好人贷交易密码如何设置,0.924337059679357
234,为何提示支付平台交易金额超限,0.9242606358977924
235,未接到好人贷回访电话会被拒吗,0.9242143388279239
236,好人贷如何查看所支持的还款方式,0.9241651461009007
237,实名认证失败的原因是什么,0.9241385306610723
238,结清证明的发送方式有哪些,0.9241086251976823
239,好人贷利率为什么调高了,0.9239834377382861
240,车贷收取哪些费用,0.9239805126635321
241,咨询可以发送图片吗？,0.9239345404101551
242,如何修改存管账户预留手机号码,0.9238407088367905
243,申请创客贷需要什么条件,0.923806704742046
244,微信/支付宝等可否与新网银行账户互相绑定,0.9235106810148935
245,可以查询注册手机号码吗,0.9233989031758472
246,新网账户之间能否互相转账,0.9230729998839654
247,车贷扣款支持的银行卡有哪些,0.9230589644736777
248,为什么收到美利车金融的短信,0.9230525507391699
249,查询结清证明申请是否已提交,0.9230213067061613
250,新网银行自动扣款时间,0.9227580314918282
251,季得利的操作渠道有哪些,0.9225690131177924
252,好人贷手动还款时为何提示批次执行中,0.9225198078144463
253,定期存款操作的渠道有哪些,0.9224905905353631
254,还款日当天支持手动还款吗,0.9224244481171173
255,好人贷部分提前还款规则,0.9223863364684043
256,存款产品如何重置交易密码,0.9223759071120091
257,如何修改征信上的个人信息,0.9223552062991405
258,新网诺诺发票贷如何申请,0.9221142684479996
259,审核电话可更改接听电话吗,0.9220258628436623
260,京东存款的计息规则及计息公式,0.9220097353736174
261,人工是否可操作扣款,0.9217844486479705
262,合同为何无法打开,0.92177740702967
263,借款后如何判定下次还款日期,0.9217186163473821
264,新网二类户转入/转出收取手续费吗,0.9216042303478853
265,接收短信的手机号是否为注册手机号,0.9214464711794642
266,好人贷扣款账户如何查看,0.9213839914846825
267,提前支取有限制吗,0.9213574005892308
268,好人贷收取哪些费用,0.9211640494146377
269,好人贷注册手机号无法使用,0.9211299722632348
270,随心存利率是多少,0.9210508707893705
271,客服能否查看聊天记录,0.9207946655593643
272,手机号无法使用为什么,0.9207729752098779
273,车贷还款只扣除部分是什么原因,0.9206760263482093
274,拨打我行人工客服电话是否收费,0.9206601159637677
275,新网银行以什么名义放款,0.9205977006900087
276,新网二类户转入/转出有时间限制吗,0.9205648712579217
277,登录时的图文验证码是否区分大小写,0.9205445704937875
278,为何提示支付平台账户余额不足,0.9204981435037124
279,黑户/白户是否可以申请好人贷,0.9204474414384003
280,公众号是否有还款提示,0.9202766225589025
281,新网银行有实体卡片吗,0.9202663401254383
282,好事贷收取哪些费用,0.9199605810302771
283,为何页面出现多个新网银行账户,0.9197823982874735
284,为什么点击拍照没有反应,0.919581765810948
285,注销账户的处理时间,0.9195517445207364
286,抵押类贷款如何办理,0.919545005276397
287,如何查询征信报告,0.9195324902647989
288,如何设置存管支付密码,0.9195035930225809
289,如何查看开户结果,0.9194795264317344
290,申请好人贷没有公司邮箱怎么办,0.9194789476586205
291,为何申请好人贷无结果,0.9193269365048214
292,居住信息如何填写,0.9191946219231266
293,申请好人贷需要什么条件,0.9189289679130856
294,随心存提前支取到账时间,0.918863108218548
295,结清证明的印章是否可以用公章,0.9185709927945507
296,为何提示该证件已被使用,0.9185550903119464
297,挖财还款是否为新网银行代扣,0.9184243205261968
298,获取验证码次数超限怎么办,0.9182746485703903
299,好人贷申请能否撤销,0.9179489295869893
300,好人贷审核时是否给填写的联系人去电,0.9179364077935936
301,如何购买新网银行存款产品,0.9179152787684489
302,新网二类户为何无法转入/转出,0.9178677190055944
303,为何提示支付平台发卡行拒绝,0.9177520476157609
304,自动扣款如何操作,0.917678875778898
305,联系新网银行客服有哪几种方式,0.9176305492637196
306,存管账户如何查询,0.9174769397208355
307,如何查询好人贷借据收款银行卡,0.9173661368674113
308,可以通过他人银行卡转入到新网银行账户吗,0.9173222712275835
309,新网银行存款类产品有哪些,0.917316498159189
310,存管提现到账时间是多久,0.9172812005481085
311,结清证明是否是还款记录证明,0.9172675971087144
312,一个身份证可以申请好人贷两次吗？,0.9172414561165801
313,存管密码被锁定怎么办,0.9170671439638045
314,公众号页面的“我的排号”是什么意思,0.91694440448055
315,还款日当天是否自动扣款,0.9168980913194708
316,银行转账未到账怎么办,0.9168809867847961
317,如何查看银行卡管理列表,0.9166944203667131
318,还款金额超银行卡限额怎么办,0.916667649332319
319,下一次开放时间是什么意思,0.9166455354463248
320,存管查询的余额如何提现,0.9166163734545906
321,新网银行视频认证的QQ号码是多少,0.9163616742153015
322,定期存款的利率是多少,0.9163244709261958
323,个人可以在新网开立几个账户,0.9160395258475064
324,为何提示支付平台账户状态异常,0.9159493355077386
325,随心存如何修改交易密码,0.9159320844709393
326,申请好人贷使用的邮箱是公司邮箱还是个人邮箱,0.9159233313229077
327,提额会有通知吗,0.9158103376982586
328,申请好人贷有区域或者号段等限制吗,0.9157147986927029
329,操作好人贷是否需要开启定位,0.9156906066525916
330,为何提示支付平台其他错误,0.9156667055867972
331,转账到新网银行如何操作,0.9155753827591687
332,好人贷-云闪付如何提前还款,0.9155361105311467
333,企业邮箱验证码可否重新获取,0.9153200911660764
334,好人贷自动扣款规则,0.9153151501709234
335,好人贷借款如何上报征信,0.9152916611516226
336,还款日可以修改吗,0.9152495375956804
337,好人贷申请是否支持人工受理,0.9151589504142683
338,京东存款如何修改注册手机号码,0.9151165369653094
339,为何还款后额度恢复减少了,0.9150795059752466
340,罚息能否减免,0.9150578198205418
341,新网银行能否绑定云闪付,0.9150533041594241
342,如何操作随心存大额存款,0.9150055563985512
343,目前支持的银行有哪些,0.9149945473587849
344,新网银行有招聘吗,0.9149875371466386
345,他人可以使用本人信息申请好人贷吗,0.9148870731977744
346,逾期造成的影响是什么,0.914838177214461
347,如何查询账户是否冻结,0.9147902895249669
348,客户表示没有问题了,0.9147279474625061
349,他行渠道汇入新网账户的到账时间是多久,0.9146196872451061
350,存款产品是否保本保息,0.9144800992888285
351,好人贷提前还款最低还多少,0.9144648785630577
352,申请好人贷工作信息如何填写,0.9142529064693614
353,借款失败怎么办,0.9142313356534041
354,客户咨询其他平台催收问题,0.9140265023380694
355,更改银行卡预留手机号的方法,0.9140109810006843
356,银行渠道维护是指什么,0.9140069285651987
357,实名认证是否查询征信,0.913953276182407
358,为何收到新网银行还款短信,0.9138699909285778
359,如何修改新网随心存注册号码,0.9136277459193973
360,如何查看随心存购买情况,0.9135530968975459
361,新网银行自动扣款次数,0.913409157301882
362,随心存产品停售原因,0.9133956884863413
363,其他贷款怎么办理,0.9133633070154967
364,车贷申请多久可以放款,0.9131352681786993
365,新网银行二类户限额是多少,0.9131078332792305
366,新网银行有哪些活动,0.9130356484026803
367,好人贷如何试算利息,0.9122507214518992
368,车贷如何办理解押手续,0.9121021987979395
369,可以重新注册吗,0.9120292155398081
370,怎样才能成功申请到额度,0.9118511024932391
371,定期存款是否有存单,0.9117938885589477
372,随心存支持提前支取吗,0.9117741225196222
373,随心存存款期限有哪些,0.9116439595422531
374,随心存如何查看收益情况,0.9115077492011326
375,按期还款和任性还款的区别是什么,0.9114985226203909
376,身份证过期可以申请好人贷吗,0.9114300736179297
377,在线客服是否是人工客服,0.9114140313894274
378,销户与否会产生什么影响,0.9113433001995062
379,车贷支持手动还款吗,0.9111971466421507
380,什么是我的额度和可借额度,0.9110362489699809
381,线上转入新网银行账户到账时间是多久,0.9110108106823983
382,如何更换好人贷默认还款账户,0.9108754896375219
383,征信上报周期及更新时间,0.9104878361734432
384,好人贷审核电话是多少,0.9103336365426493
385,申请好人贷后有没有回复,0.9103313105298241
386,身份证信息变更后如何更新,0.9101533672047434
387,好人贷-云闪付如何更换收/还款银行卡,0.9101308419387139
388,好人贷额度是否循环使用,0.9101208895905708
389,企业邮箱为何验证不了,0.909816079298954
390,好人贷还款后额度何时恢复,0.9098120953171416
391,结清证明印章无法查看,0.9097269815303757
392,好人贷支持随借随还吗,0.9097125628635739
393,好人贷还款记录如何查询,0.9095269977705688
394,车贷还款记录如何查询,0.9093879549816947
395,可绑定银行卡数量上限,0.9093480308516143
396,关于客户个人信息安全问题,0.9091156404429236
397,"好人贷有回访电话吗""",0.9090909284169989
398,手机号归属地与定位地不一致是否有影响,0.9089173808694712
399,随心存操作渠道有哪些,0.9087702097826924
400,银联在线支付如何开通,0.9087311430626227
401,新网银行二类户如何转入/转出,0.9087090079691322
402,好人贷账户如何更换手机号码,0.908705412178795
403,逾期未还款如何处理,0.9086547074282153
404,获取额度后多久可发起借款,0.9086042961850522
405,上传身份证时需填写的内容是什么,0.9083253782227199
406,车贷利息是多少,0.9081658224560827
407,周得利计息规则,0.9078314162959998
408,银行卡还款限额是多少,0.9074235434113274
409,如何查看贷款合同,0.9073455938660653
410,新网银行人工客服电话是多少,0.907196746441753
411,好人贷账户如何查询,0.9071964038145464
412,什么是注册号码？,0.9070275171115634
413,存管账户如何注销,0.907016143174524
414,如何开立存管账户,0.9070146846547986
415,实名认证为什么不符,0.90697245117292
416,新网银行人工客服电话打不通,0.9069570211235264
417,查询各类工单办理进度,0.9068744462882714
418,如何更换借款收款银行卡,0.9068632645482273
419,好人贷申请必须使用身份证原件吗,0.9067627673378514
420,还款后为何未更新还款状态,0.9066681299413722
421,存在迁户问题怎么处理,0.9065657773440209
422,电脑端可以登录好人贷吗,0.9065273083683087
423,如何更改其他平台的注册手机号码,0.9065061765701641
424,输入身份证号码时，为何无法输入字母,0.906499783062005
425,企业邮箱填写错误怎么办,0.9064751387184562
426,车贷能否绑定他人银行卡,0.9062547154893404
427,车贷如何修改注册手机号码,0.9062540069451783
428,好人贷月利率是多少,0.9061572781602631
429,核身链接失效的原因,0.9059636352855516
430,能否删除个人信息,0.9059275125631564
431,好人贷需要面签吗,0.9057640099861834
432,新网银行二类户与好人贷是否为同一个手机号码,0.9055266279171958
433,可以咨询吗,0.9054827748226469
434,能否让客服回电,0.9054766524106921
435,新网银行公众号如何取消关注,0.9054293055251852
436,好人贷有回访电话吗,0.9052163483059108
437,如何查询车贷还款日,0.9051270095185091
438,如何修改实名认证手机号码,0.9050189702009311
439,如何注销新网注册用户,0.9048533709147351
440,验证码发送至什么手机号,0.9047071205705566
441,存款产品如何修改手机号,0.904344654337341
442,新网银行的官网地址是什么,0.904158782768568
443,如何查看好人贷还款计划,0.9039553092419359
444,58车金融客服电话是多少,0.9038028672446907
445,好人贷账户如何挂失,0.903764941946313
446,好人贷当期能否最低还款,0.9037217596528784
447,新网银行有几个网点,0.9037051226875504
448,是否需要使用本人手机操作好人贷,0.9036297800721482
449,好人贷通过率多少,0.9034740995857646
450,活体检测失败怎么办,0.9034540330203413
451,自动扣款时间段是多久,0.9031021013207261
452,好人贷借款合同有效期是多久,0.9030591996835654
453,视频认证的步骤是什么,0.9030327098766893
454,车贷合同如何查看,0.9029503246261973
455,修改手机号码的处理时间是多久,0.9023962712314584
456,关闭其他平台额度后，能否恢复好人贷额度,0.902287425819779
457,消费凭证有效期是多久,0.9022813862448223
458,新网银行业务办理时间,0.9011139385153782
459,手机获取验证码失败,0.9010727119634485
460,客户发送截图以及个人信息等,0.9009977084804509
461,好人贷年化利率是多少,0.9008250191904467
462,什么是风控审核中,0.9008130145821651
463,新网银行是否上市,0.9007354596928883
464,为何无法申请好人贷,0.9006434082262252
465,申请被拒怎么办,0.9003160423689459
466,身份证上传失败怎么办,0.9002711572867853
467,如何查询还款日,0.900075008507126
468,好人贷额度是否会发生变化,0.8999113062842337
469,如何办理对公业务,0.8998474169815626
470,可否补充企业邮箱,0.8992309227027316
471,如何查询新网账户,0.8991093741187051
472,新网银行好事贷如何申请,0.8988102450921578
473,好人贷申请是否可以使用临时身份证,0.8985141572631452
474,扣款失败的原因,0.898415660834196
475,客户要求发送相关模板,0.8982455673024184
476,客户表示需要考虑,0.8981909354074662
477,新网银行合作平台有哪些,0.8980885067414751
478,我们是四川新网银行吗,0.8980508092893282
479,好人贷利率为什么高,0.8978744103330276
480,优信客服电话是多少,0.897795604545988
481,页面为什么异常跳转,0.8977068734283274
482,审核电话内容是什么,0.8974733092565199
483,新网银行行号是多少,0.8973453718857811
484,开通什么业务,0.8968787588281919
485,如何签署借款合同,0.8968252297375081
486,存款利率是多少,0.8967569505042063
487,新网银行地址在哪里,0.89652401093272
488,我行对客邮箱是多少,0.8961974347866719
489,为什么没有扣款,0.896179018035297
490,存管账户充值限额,0.8960316943140564
491,为何提示缺少必要参数,0.8959252779410593
492,如何通过线下方式转入新网二类户,0.8958774018746534
493,在哪个平台操作提现,0.8956644781777534
494,为何无法销户,0.8956311860690199
495,开户失败原因,0.8954899161843332
496,自助提额什么时候上线,0.8949789504749193
497,好人贷利率是多少,0.8947762231187575
498,为什么无法注册,0.8945562235077507
499,好人贷账户如何注销,0.894253681427572
500,随心存到期后何时到账,0.8941880572540348
501,银联在线支付是什么,0.8940269210212347
502,页面为何无法打开,0.8935080554456327
503,怎样用其他手机登录好人贷,0.8934956088687548
504,车辆信息如何查询,0.8932757178903011
505,如何解约快捷支付？,0.8932130988195723
506,征信报告是什么样的,0.8925028123202025
507,好人贷能否绑定他人银行卡,0.8922593045632338
508,好人贷-云闪付是什么,0.892248755231901
509,好人贷如何降低利率,0.8920248495854771
510,如何知晓已注销成功,0.8919546399270175
511,新网银行账户是什么,0.8919537014697102
512,开户是什么意思,0.8918664885396311
513,实名认证审核时间,0.8918299138510597
514,好人贷还款方式有哪些,0.8917686336249836
515,好人贷能否人工操作提额,0.8917629832018487
516,密码被锁定怎么办,0.8917192603353303
517,如何获取线上核身链接,0.891525982837627
518,车贷如何更换还款银行卡,0.891319806157248
519,如何选择按期还款/任性还款,0.8911419095734421
520,客户表示还款成功,0.8910336225019534
521,好人贷有额度后如何进行贷款,0.890392161865539
522,如何开据存款证明,0.8901047705861764
523,银行渠道维护时间一般是多久,0.8897299044900191
524,新网银行如何联系客户,0.8896146277767483
525,工新借如何申请,0.8895217919736954
526,好人贷额度为什么变低了,0.8894661662198866
527,客户表示有合作意向,0.8893287127351803
528,车贷如何提前还款,0.8890701850639833
529,人脸识别使用的是照片还是视频,0.8885091764142439
530,人脸识别失败怎么办,0.8882942034857806
531,绑定银行卡失败,0.8879955429666241
532,关于消费凭证,0.8872771858322587
533,新网银行三类户是什么,0.8868106965560533
534,好人贷如何提前还款,0.8863754656129935
535,客服是否是随机分配,0.8863406413081156
536,令牌无效是什么,0.8863357460176006
537,好人贷申请身份证可否添加水印,0.8857020233944732
538,退汇是什么意思,0.8854167199989939
539,忘记密码怎么办,0.8850847049535544
540,好人贷放款至什么账户,0.8842749446830039
541,房产保证金是什么,0.8840881809211167
542,登录密码为何无法重置,0.8832699821815173
543,什么是分批次扣款,0.8827326230106001
544,滴水贷客服电话是多少,0.8817057106593579
545,好人贷与其他平台类似产品的区别是什么,0.8815125587525396
546,为何人脸识别提示光线太足,0.8812224851977096
547,为何结清证明显示日期与平台不符,0.8812116547135402
548,定期存款到期如何支取,0.8811253387686192
549,车贷逾期如何还款,0.8804988582241516
550,好人贷为何无法还款,0.8804067554908538
551,新网银行人工客服服务时间,0.880219578087769
552,如何更换微信号,0.8796064688260603
553,好人贷个人资料如何修改,0.878732952076728
554,如何删除身份证信息,0.8786539211678087
555,系统繁忙是什么原因,0.8784079851575466
556,好人贷审核时间是多久,0.8774320277129952
557,如何关注新网银行公众号,0.8769076709390938
558,还款记录如何查看,0.8768907093335441
559,新网有哪些产品,0.8766174070625863
560,美团客服热线是多少,0.8762892602947959
561,如何在新网银行开户,0.8762437211812132
562,还款后页面显示等待中,0.8762145353779914
563,好人贷额度他人能否使用,0.8760083921694765
564,结清证明开据时间是多久,0.8759667649326397
565,好人贷的办理时间,0.8757598873448397
566,客户提到投诉,0.8752429274971449
567,好人贷是邀请制吗,0.8747228377542232
568,车贷如何申请,0.8746916244098151
569,申请好人贷是否都有额度,0.8745605462544042
570,手持身份证拍照的注意事项,0.874104309994398
571,按期还款是什么,0.8733653007321908
572,各还款方式如何进行还款,0.8732208738429562
573,注册规则是什么,0.8730501080912085
574,五年定期存款是什么,0.8727831138152294
575,车贷如何解绑银行卡,0.8724559959293617
576,好人贷定位如何开启,0.8715205098501811
577,车贷平台如何查询,0.8699938548398441
578,什么情况算逾期,0.8692887769075406
579,如何冻结新网银行账户,0.8691463667526487
580,如何激活新网二类户,0.8688869231728057
581,好人贷如何审核,0.8681408402531773
582,车贷如何还款？,0.8681405778891088
583,好人贷贷款期限是多久,0.8680990283994323
584,什么情况算违约,0.8677179311446672
585,如何绑定银行卡,0.8673770512687844
586,如何办理好人卡？,0.8671132026203309
587,存款产品支取通用路径,0.8666586864758178
588,如何降低/关闭额度,0.8658086553836826
589,好人贷如何主动还款,0.8657281559086143
590,客户表示知道了,0.8647191945728876
591,企业邮箱格式是什么,0.8645854136645631
592,如何换绑银行卡,0.8642296929438645
593,合作平台如何取消贷款,0.8633145515466203
594,什么是综合评估,0.8628922300163473
595,如何注销新网二类户,0.862811448212244
596,好人贷提额周期是多久,0.8626496529230457
597,贷款证明如何开据,0.8626055030234779
598,随心存存入限额,0.8623764914465581
599,为何提示系统异常,0.862076285350942
600,好人贷电话回访时间,0.8620215137979126
601,好人贷为什么无法登录,0.8603957755558416
602,额度冻结是什么意思？,0.8593166166707581
603,优惠券如何使用,0.8590961062400877
604,好人贷借款规则,0.8584251239157353
605,什么是登录密码,0.8583133401551595
606,迁户是什么意思,0.8576875292510847
607,好人贷如何申请,0.8575506318186009
608,好人贷消费用途,0.8554479741648882
609,好人贷如何实名认证,0.8553012090360562
610,好人贷还款后多久到账,0.8546071558881609
611,经侦是指什么,0.8542766307051239
612,创客贷额度是多少,0.853592307378755
613,随心存T+1是什么,0.8530848851021595
614,如何录制活体检测,0.8509702585961787
615,可否对公还款,0.8503499651751723
616,好人贷是否有临时额度,0.8495833979333015
617,好人贷借款多久到账,0.8494464356252117
618,新网银行APP下载,0.8478849916484481
619,什么是当期账单,0.8474885894346046
620,美利车联系电话,0.8469001965480003
621,好人贷如何自助提额,0.8466282425846604
622,如何注销公众号,0.846546489309161
623,好人贷额度有效期是多久,0.8457908904524976
624,批扣时间段是多久,0.8447405187071148
625,客户表示不满,0.8430054231060068
626,如何退出微信公众号,0.8417074517089635
627,如何邀请好友申请好人贷,0.8407106709344639
628,好人贷额度是多少,0.8378763619903898
629,新网银行简介,0.837699695585581
630,工新借是什么,0.8375583374759332
631,如何增加银行卡,0.8363507080533931
632,什么是活体检测,0.8361171650463055
633,客户表示稍等,0.8358909913543311
634,季得利是什么,0.8357468258898227
635,罚息介绍,0.8348290475232305
636,季得利如何计息,0.8334081902311734
637,客户称赞服务好,0.8332503255587441
638,额度占用问题,0.8331970628744834
639,征信是什么,0.8331630717543973
640,什么是还款日,0.8327031479253423
641,客户提出建议,0.8317094234102851
642,如何解绑银行卡,0.8296768179434921
643,有多少人获得好人贷额度,0.8296172618169972
644,好人贷如何提高额度,0.8284596027416409
645,可否延期还款,0.8280989283962796
646,公众号如何注册,0.826222920797601
647,密码如何修改,0.8221649342036155
648,存管是什么,0.8198231631198104
649,什么是一、二、三类户,0.8154060921621867
650,好人贷为什么额度低,0.8113584649909705
651,好事贷如何还款,0.8090020455559856
652,如何登录微信公众号,0.8036638484281299
653,如何进入好人贷页面,0.8030795039486714
654,随心存是什么,0.8006305932261742
655,合作平台如何还款,0.7976186605155334
656,任性还款是什么,0.7957622048812488
657,好人贷如何还款,0.7957188641697539
658,人脸拍摄规范,0.7930761148237634
659,额度冻结怎么办,0.7872663102770225
660,如何进入个人中心,0.7827811430960155
661,随心存如何计息,0.7817156594340048
662,如何获得优惠券,0.7664820788968546
663,什么平台的贷款,0.7466931673993853
664,随心存如何登录,0.7439759413943661
665,好人贷是什么,0.730364431358368
666,季得利如何支取,0.700193137152504
