0,58金融公司的客服电话是多少,1.0
1,58车金融客服电话是多少,0.984131501302456
2,新网银行人工客服电话是多少,0.9805568365539692
3,优信客服电话是多少,0.9734541148202311
4,滴水贷客服电话是多少,0.9721640002165998
5,美团客服热线是多少,0.9702040939864082
6,新网银行视频认证的QQ号码是多少,0.9664780506832883
7,新网银行人工客服电话打不通,0.9655860417409959
8,拨打我行人工客服电话是否收费,0.9645627769354039
9,新网银行发送的短信验证码的有效时长？,0.9594803475697863
10,新网银行的官网地址是什么,0.9593014695926962
11,为何征信上有新网银行的贷款审批记录,0.9574248701014524
12,联系新网银行客服有哪几种方式,0.9566329715010922
13,什么是银行卡预留手机号？,0.9565691584129914
14,我行对客邮箱是多少,0.9564564634592175
15,转入新网银行使用的密码是交易密码还是银行卡密码,0.9563350200455532
16,申请好人贷使用的邮箱是公司邮箱还是个人邮箱,0.9563098000571663
17,好人贷注册手机号与银行卡预留手机号是否需要一致？,0.9562625588030295
18,新网银行开户支持的证件有哪些,0.9560883070337108
19,新网银行人工客服服务时间,0.9556184672117135
20,还款银行卡是否需要开通银联在线支付业务,0.9548378423833487
21,为什么收到美利车金融的短信,0.9548296388074137
22,新网银行二类户限额是多少,0.9537733025169902
23,为何征信上有新网银行上报的逾期,0.9537607187553825
24,绑卡时页面上的银行卡预留手机号码可以修改吗,0.9527215074686843
25,线上转入新网银行账户到账时间是多久,0.9526383793571529
26,我行放款的其他平台借款会上报征信吗,0.9525371054115531
27,通过本人微信找回密码是指什么,0.9523778543705447
28,新网银行以何名义查询征信,0.9522964458375677
29,新网银行账户可以设置为好人贷借/还款账户吗,0.9522816826096744
30,新网银行能否绑定云闪付,0.952150428536236
31,更改银行卡预留手机号的方法,0.9521029592741516
32,新网银行账户的交易记录如何查看,0.9519269649036939
33,线下转账如何填写新网银行开户信息,0.9518161726887036
34,新网银行二类户与好人贷是否为同一个手机号码,0.9516691380553215
35,银行卡开通银联在线支付后是否可正常还款,0.9516090973726994
36,银行渠道维护是指什么,0.9515378552798965
37,诺诺发票贷的利率是多少,0.9513296667481301
38,如何更改其他平台的注册手机号码,0.9511045207074839
39,微信/支付宝等可否与新网银行账户互相绑定,0.9509252685532564
40,新网银行存款产品为何暂停交易,0.9507397156882803
41,新网银行公众号如何取消关注,0.9505394335207731
42,新网银行的活期利率是多少,0.9502723059966244
43,转账到新网银行账户是否还款成功,0.9502108662600243
44,新网银行有信用卡吗,0.9501604143598409
45,在线客服是否是人工客服,0.9500551215130383
46,非绑定银行卡可否与新网二类户转账,0.9499065962290347
47,注册手机号及微信号需要实名制吗,0.9498286899823387
48,好人贷只能通过绑定的银行卡还款吗,0.9497263420460416
49,新网银行有企业贷款吗？,0.9495256008833913
50,新网银行存款是否受保障,0.949404522286304
51,新网账户绑定微信/支付宝后支持提现或充值吗,0.9493494749119628
52,好人贷支持微信/支付宝扣款吗,0.948856167681478
53,新网二类户上的资金是否计息,0.9488103184748441
54,客服能否看到客户申请好人贷的信息,0.9487889323947343
55,新网银行有实体卡片吗,0.9487817199823533
56,随心存可以在我行公众号查询/操作吗,0.9487128557314115
57,为何征信上有新网上报的贷款记录,0.9485668505151562
58,好人贷审核时是否给填写的联系人去电,0.9482950531894869
59,为何好人贷还款时提示“交易处理中”,0.9482457178125053
60,新网银行存款属于理财产品吗,0.9482178150323206
61,他行渠道汇入新网账户的到账时间是多久,0.9481734523565308
62,为何页面出现多个新网银行账户,0.9478410831646981
63,如何修改存管账户预留手机号码,0.9474966408383529
64,美利车联系电话,0.9473143070901439
65,如何修改实名认证手机号码,0.9470719182726813
66,好人贷账户是否为新网银行二类户？,0.9470697927291735
67,新办的手机号可以申请好人贷吗,0.9470030257276569
68,如何查询转账到新网银行的记录,0.9469880067297607
69,车贷扣款支持的银行卡有哪些,0.9469109827403585
70,修改手机号码的处理时间是多久,0.9465507649328345
71,如何关注新网银行公众号,0.9463429084177433
72,修改手机号码/微信号是否会影响自动扣款,0.9462531909187352
73,为何提示支付平台受发卡行资金用途限制拒绝交易,0.946125146319514
74,为何收到新网银行逾期提醒短信,0.9460828370525056
75,什么是无卡支付及免密支付,0.9460675845636263
76,为何收到新网银行还款短信,0.9460350364063175
77,银联在线支付是什么,0.9460182531392481
78,车贷能否绑定他人银行卡,0.9456730810442121
79,登录时的图文验证码是否区分大小写,0.9454852617232078
80,在线咨询是否支持客户发送语音,0.9454558211201941
81,审核电话内容是什么,0.9453511048791332
82,修改手机号后是否需要重置登录密码,0.945307123845806
83,如何查询是否开通银联在线支付,0.9451490004057093
84,好人贷账户如何更换手机号码,0.9451222721377733
85,新网银行有招聘吗,0.9450066036737113
86,企业邮箱格式是什么,0.9449335230483168
87,可以通过他人银行卡转入到新网银行账户吗,0.9447462999251688
88,新网银行账户可以在哪些地方使用,0.944469225469978
89,好人贷授信首页显示利率是否为固定利率,0.9442857111108972
90,公众号页面的“我的排号”是什么意思,0.9442019291247186
91,新网账户之间能否互相转账,0.9441318031512962
92,为何提示支付平台账户余额不足,0.9439936750789305
93,再次申请好人贷会查询征信吗,0.9439546827399633
94,为何提示支付平台发卡行拒绝,0.9438432978808374
95,新网银行以什么名义放款,0.9438204994018635
96,新网银行地址在哪里,0.9436212125216578
97,挖财还款是否为新网银行代扣,0.9435350970222852
98,好人贷审核电话是多少,0.9435212346933717
99,京东存款如何修改注册手机号码,0.9434202254350016
100,哪些渠道可以购买京东存款产品？,0.9432571904241721
101,转账到新网银行如何操作,0.9432322707283406
102,平台方手机号变更导致我行无法直接开据结清证明问题,0.9432291559731797
103,"好人贷有回访电话吗""",0.9431614161273523
104,好人贷申请是否查询芝麻信用,0.9431069143249905
105,申请好人贷必须填写联系人信息吗,0.9430710994379362
106,新网银行扣款通道是什么,0.9429568082641653
107,新网银行自动扣款次数,0.9428657795556872
108,新网二类户转入/转出有时间限制吗,0.942815178949383
109,新网银行有几个网点,0.9427097506135819
110,新网二类户转入/转出收取手续费吗,0.9425763835504022
111,为何提示支付平台该客户无默认扣款卡，交易没有发给统一支付,0.9425276944440276
112,为何提示支付平台当日交易次数超限,0.9425169378574488
113,操作好人贷是否需要开启定位,0.9425143837024104
114,审核电话可更改接听电话吗,0.9424420742644976
115,新网银行合作的存管平台有哪些,0.9424355479751383
116,客服能否查看聊天记录,0.9423531623719209
117,为何提示支付平台银行卡未开通银联无卡认证支付,0.9423312244842298
118,什么是单笔借据和多笔借据,0.9423287573074428
119,销户后为何还能解绑银行卡,0.9422863154240662
120,为何提示支付平台支取金额超过可用余额,0.9422535951010984
121,车贷如何修改注册手机号码,0.9420825437497498
122,为何提示支付平台交易金额超限,0.9420458950061625
123,支持绑定的银行卡类型有哪些,0.9420304878088408
124,为何之前绑定的银行卡不支持扣款了,0.9419624763215162
125,个人可以在新网开立几个账户,0.9418593257741057
126,如何修改征信上的个人信息,0.9416887932615422
127,新网银行行号是多少,0.9416108651854905
128,为何提示支付平台持卡人信息有误,0.9414946165688365
129,银联在线支付如何开通,0.941369136957369
130,申请好人贷需要公积金、社保吗？,0.9412408256996465
131,如何查询好人贷申请的授信结果,0.9412272142978582
132,存款需要先开立银行账户吗,0.9411391862238218
133,好人贷只能使用微信登录吗？,0.9410771102738313
134,为何销户后还能看到好人贷信息,0.9410615055197153
135,客户咨询其他平台催收问题,0.9410269654481089
136,新网银行如何联系客户,0.9409558725452846
137,未接到好人贷回访电话会被拒吗,0.9408436944106353
138,绑定银行卡产生费用吗,0.9407987898415978
139,新网银行存款类产品有哪些,0.9406963536524591
140,可绑定银行卡数量上限,0.9406241880843377
141,能否让客服回电,0.9404924908934583
142,查询车贷的注册手机号码是什么,0.9404475509973927
143,如何查看手机号是否实名制,0.9404219289536015
144,平台方提供的客户审批资料能否提供给客户,0.9403900121747016
145,新网银行合作平台有哪些,0.9403727372705883
146,新网银行有哪些活动,0.9401031334162961
147,为何提示支付平台渠道不支持的银行,0.9399146655175303
148,借款成功会有短信等提醒吗,0.9398738418003694
149,结清贷款后征信上是否会显示结清,0.9396246282988218
150,新网银行账户是什么,0.9395874068478223
151,借款到账后页面未更新借款状态,0.9395492229338258
152,线上开据证明为何和征信金额不符,0.9395308931167806
153,好人贷手动还款时为何提示批次执行中,0.9395293347370282
154,新网银行自动扣款时间,0.9394922923876038
155,好人贷有回访电话吗,0.9394814886713807
156,为何提示支付平台暂不支持的银行或限额,0.9394571373851307
157,车贷合同里的金额是否包含利息,0.9394054531887895
158,结清证明的发送方式有哪些,0.9393171711132627
159,平台还款信息为何与新网银行不一致,0.9392945826134029
160,接收短信的手机号是否为注册手机号,0.9390957893916746
161,新网银行是否上市,0.939069197868163
162,好人卡绑定云闪付/微信等失败怎么办,0.9390687013681586
163,我们是四川新网银行吗,0.9390539277298594
164,为何提示支付平台不允许持卡人进行的交易,0.9390211038985711
165,可否补充企业邮箱,0.9389804732310634
166,存款产品如何重置交易密码,0.93894246159214
167,如何退出微信公众号,0.938929362783087
168,如何解约快捷支付？,0.9389253160772689
169,新网银行二类户如何转入/转出,0.9389167874712849
170,企业邮箱验证码可否重新获取,0.9389147023063888
171,为何征信上的放款日期与实际借款日期不一致,0.9388179731088337
172,申请好人贷没有公司邮箱怎么办,0.9388177924509772
173,贷款证明的电子章是否具有法律效应,0.9387814885316822
174,如何查询其他平台扣款银行卡,0.9386061688688343
175,如何查看银行卡管理列表,0.9385674017926264
176,如何查看好人贷相关协议/合同？,0.9385169983880649
177,关于客户个人信息安全问题,0.938479138687678
178,是否需要使用本人手机操作好人贷,0.9384464234903376
179,好人贷借款合同有效期是多久,0.9384443386067419
180,新网银行有哪些产品可以提额,0.9384288902718494
181,如何设置存管支付密码,0.9381108006422938
182,好人贷申请成功会有短信通知吗,0.938047744482194
183,为什么好人贷第一期还款金额与之后不一致,0.9379104377057891
184,电话客服是否可以受理结清证明,0.9378477922236522
185,如何购买新网银行存款产品,0.937774188838031
186,提前还款手续费是多少,0.937700642539717
187,验证码发送至什么手机号,0.9373112573279794
188,随心存如何修改交易密码,0.9373104631281232
189,客户发送截图以及个人信息等,0.9372979913440267
190,线上是否可开据征信版结清证明,0.9369872865611149
191,申请好人贷后，可否更改授信结果,0.9369447386222435
192,京东存款的计息规则及计息公式,0.9368817498191883
193,好人贷借款金额与到账金额是否一致,0.9367810304526951
194,新网银行三类户是什么,0.9366347190394464
195,关闭其他平台额度后，能否恢复好人贷额度,0.9365222403299183
196,好人贷必须绑定银行卡使用吗,0.9364165551647862
197,可否按照征信订单号开据证明,0.9362564619800691
198,申请好人贷需要开个人账户吗？,0.9361967720311086
199,申请好人贷工作信息如何填写,0.9361637395788279
200,车贷申请多久可以放款,0.9361045100807868
201,银行卡还款限额是多少,0.9361024376046891
202,如何取消征信查询及使用授权书,0.9359666061813072
203,银行渠道维护时间一般是多久,0.9358810568886745
204,为什么收到提额短信但额度未提升,0.9357286479818573
205,为何申请好人贷页面显示暂无资格,0.9356379809761693
206,为何提示支付平台账户状态异常,0.9356187589802645
207,新网二类户为何无法转入/转出,0.9354668955298571
208,好人贷以什么贷款类型上报人行征信？,0.9354105625599549
209,销户后是否上征信,0.9352333814119667
210,季得利的操作渠道有哪些,0.9352193015822357
211,好人贷能否绑定他人银行卡,0.9351897710426329
212,进入随心存为何提示手机号码不一致,0.9351534407888301
213,为何无法提交好人贷申请资料,0.9350973829655508
214,好人贷支持在国外发起借款吗,0.9350335644281957
215,存款产品的资金可以用于好人贷还款吗,0.9349954656594903
216,如何查看委托支付协议,0.9349938199330435
217,好人贷申请需要填写哪些个人信息,0.9349584864071054
218,为何提示支付平台签约关系不存在,0.9349470428425628
219,为何申请好人贷后显示未获取额度,0.9348903794086695
220,好人贷电话回访时间,0.9347636470816542
221,注销账户的处理时间,0.9347218299316057
222,好人贷是否支持归还逾期部分账单,0.9343667835074727
223,定期存款操作的渠道有哪些,0.9343277536865625
224,客户称赞服务好,0.934298581045511
225,视频认证的步骤是什么,0.934252153406203
226,好人贷为什么提示“账户存在异常操作”,0.9342148972730041
227,黑户/白户是否可以申请好人贷,0.9342067139246676
228,上传身份证时需填写的内容是什么,0.9340791274645013
229,随心存操作渠道有哪些,0.933827802767054
230,申请好人贷有区域或者号段等限制吗,0.9338211560109603
231,如何修改新网随心存注册号码,0.9336037739997609
232,更换银行卡会影响自动扣款吗,0.933593774056427
233,房产保证金是什么,0.9332600057867754
234,客户要求发送相关模板,0.9332237733040386
235,系统升级会影响扣款吗,0.9331515888900132
236,如何查询合作平台贷款是否结清,0.9331279399491715
237,还款金额超银行卡限额怎么办,0.9329929328378161
238,当期账单支持再分期吗,0.932835893443407
239,征信报告是什么样的,0.9328231472418543
240,存管账户充值限额,0.9327918461367414
241,输入身份证号码时，为何无法输入字母,0.9326512373947216
242,随心存产品停售原因,0.9325594726295545
243,公众号是否有还款提示,0.9325218638368088
244,可以查询注册手机号码吗,0.9324464114803532
245,节假日可以操作各类存款吗,0.9324155950316347
246,银行转账未到账怎么办,0.9321779017207272
247,借款合同是否有展示提前还款会收取违约金的情况,0.9321587902117952
248,实名认证是否查询征信,0.9319461599290696
249,好人贷交易密码如何设置,0.9319404988208728
250,注册手机号更换成功后何时可以正常使用,0.9319352074092866
251,车贷如何解绑银行卡,0.9319012950072277
252,好人贷利率为什么调高了,0.9318261293598339
253,好人贷申请是否支持人工受理,0.9318209758442056
254,为什么提前还款显示联合贷批次执行中？,0.9317773985480575
255,为何提示用户未实名认证,0.9317733042253796
256,目前支持的银行有哪些,0.9315554581827991
257,征信上显示的贷款金额是否包含利息,0.9315307372480695
258,好人贷是否支持提前还当期账单,0.9314921008300462
259,使用优惠券后提前还款利息如何计算,0.9314781377620124
260,好人贷-云闪付如何更换收/还款银行卡,0.9314325333103997
261,可否取消银行卡限额,0.9314273406279994
262,存款页面是否会显示每日收益,0.9313791807097302
263,什么是风控审核中,0.931339670399107
264,如何获取线上核身链接,0.930987317683004
265,如何绑定银行卡,0.9309047697473979
266,为何存管信息与平台显示不一致,0.9307440793631072
267,为何存管查询提示没有密码,0.9306936366324912
268,新网诺诺发票贷如何申请,0.9306930822058183
269,好人贷提额会查询征信吗,0.9306656668849632
270,存款产品如何修改手机号,0.9306048060632727
271,为什么银行还款存在限额？,0.9305398999942613
272,结清贷款后什么时候可以开据结清证明,0.9305196587609106
273,还款后页面显示等待中,0.9302890210282136
274,在哪个平台操作提现,0.930122687416207
275,申请好人贷需要下载APP吗？,0.9301071866362951
276,申请好人贷后为何页面显示仍可提交申请,0.9301001829282655
277,人工是否可操作扣款,0.9300201616768977
278,客服是否是随机分配,0.9299657310743538
279,好人贷如何查看所支持的还款方式,0.9298561934542948
280,购买存款页面为何提示“额度不足，无法购买”,0.9298502726453886
281,选择任何还款方式都可以提前还款吗,0.9298039648319916
282,京东存款是否支持提前支取/提前部分支取？,0.9294920916562838
283,创客贷额度是多少,0.929422105011274
284,银行卡是二类户影响扣款吗,0.9293727355961579
285,好人贷被拒后为何没有下次开放时间,0.9292806948551117
286,手机号归属地与定位地不一致是否有影响,0.9290889783500929
287,他人可以使用本人信息申请好人贷吗,0.9289020039958847
288,如何更换微信号,0.9288945898459978
289,为何申请好人贷无结果,0.9288573862990552
290,开据证明时为何需要实名认证,0.9288354194841374
291,好人贷定位如何开启,0.9287936623157844
292,为何人脸识别提示光线太足,0.9287233533014077
293,存管查询为何提示用户不存在或者信息有误,0.9286068578230328
294,获取额度后多久可发起借款,0.9285969112537652
295,绑定银行卡失败,0.9285833230999166
296,一个身份证可以申请好人贷两次吗？,0.928463170822781
297,随心存利率是多少,0.9284024097441952
298,可以查询个人信息资料吗？,0.9282750154014141
299,未正常还款我行会进行催收吗,0.9282294636875014
300,什么是我的额度和可借额度,0.9280851398170574
301,为何按期还款只能选择部分贷款期限,0.9280146740438905
302,如何通过线下方式转入新网二类户,0.927933079372612
303,为何重置密码后仍提示密码错误,0.9278719314821595
304,手机号无法使用为什么,0.9278277637162973
305,好人贷申请是否可以使用临时身份证,0.9277842960112953
306,如何查询申请相关的协议书,0.9276781258770904
307,为何同时收到了还款成功和失败的短信,0.9276099123111946
308,好人贷需要面签吗,0.9273850740986519
309,如何查看开户结果,0.9273730013036626
310,申请好人贷是否都有额度,0.9273087236410886
311,新网银行好事贷如何申请,0.9272692894883298
312,好人贷额度必须一次性借完吗,0.9272517308015387
313,实际申请金额与放款金额不一致可否取消车贷,0.9271753728585842
314,好人贷额度是否循环使用,0.926963385582375
315,线上开据证明有次数限制吗,0.9268053132862711
316,如何在新网银行开户,0.9267772914772827
317,借款时选错收款账户怎么办？,0.9265709613227282
318,自助提额什么时候上线,0.9265101213803834
319,如何换绑银行卡,0.9263615261864717
320,好人贷审核不通过对个人有什么影响,0.9263380876237122
321,好人贷申请的渠道有哪些,0.9262726620630496
322,好人贷注册手机号无法使用,0.9261071219183942
323,微信号更换成功后何时可以正常使用,0.926008906430713
324,为何提示交易密码验证失败,0.9259104769106938
325,结清证明的印章是否可以用公章,0.9258253436616907
326,好人贷申请必须使用身份证原件吗,0.9257636215695798
327,居住信息如何填写,0.9256954829410272
328,存款产品是否保本保息,0.9253094419383167
329,好人贷额度为什么变低了,0.9253040090574549
330,五年定期存款的利率是多少,0.9251113451377994
331,如何解绑银行卡,0.9250737376304025
332,如何查看优惠券的使用情况,0.9250263851298988
333,优信扣款成功后为何显示待还款,0.9249839431389058
334,如何登录微信公众号,0.9248267554802067
335,为何提示支付平台其他错误,0.9247546830550701
336,如何查看随心存购买情况,0.9245784618871102
337,如何更换好人贷默认还款账户,0.9245763615660174
338,提前还款会影响个人征信吗,0.9245416463581508
339,收款卡发卡行拒绝放款失败什么意思？,0.9245360414003021
340,手持身份证拍照的注意事项,0.9244192024449832
341,贷款结清之后能否删除贷款记录,0.9244003243820492
342,定期存款的利率是多少,0.924345529236957
343,如何查询征信报告,0.9242742198949429
344,如何激活新网二类户,0.9240232338174311
345,为何图文验证码输入正确却提示错误,0.9239708276932374
346,选择任性还款/按期还款利息如何计算,0.9238983451511086
347,随心存提前支取到账时间,0.9238343748159928
348,新网二类户可以升级为一类户吗？,0.9238147220762094
349,下一次开放时间是什么意思,0.9237539604870868
350,好人贷可以重新申请吗,0.9237209508614069
351,客户催促需要加急办理,0.9236039956171507
352,车贷利息是多少,0.9235865852235696
353,客户表示还款成功,0.9235158657583189
354,车贷平台如何查询,0.9234550082055093
355,京东存款为什么显示当日额度为什么已售罄？,0.9233402347115542
356,存管提现到账时间是多久,0.9232427712613013
357,好人贷与其他平台类似产品的区别是什么,0.9232244389474628
358,车贷如何办理解押手续,0.9231719114810852
359,客户提到投诉,0.9229443138114334
360,客户表示有合作意向,0.9229434392301097
361,车贷如何更换还款银行卡,0.9228634002954523
362,申请诺诺发票贷需要什么条件,0.922751526422472
363,按期还款和任性还款的区别是什么,0.9227469856175625
364,征信上报周期及更新时间,0.9226957902718744
365,合同为何无法打开,0.9225285209887402
366,能否删除个人信息,0.9224945984485272
367,随心存如何查看收益情况,0.9224615694263626
368,好人贷不借款会产生利息或费用吗,0.9224585232278895
369,结清证明会展示哪些信息,0.9224474245477702
370,转账时为何提示未面核,0.9224401442573937
371,如何更换借款收款银行卡,0.9223889183771282
372,为何无法申请好人贷,0.9223709718765863
373,如何冻结新网银行账户,0.9222531872621268
374,销户与否会产生什么影响,0.9221408458019679
375,车辆信息如何查询,0.92208897516362
376,申请好人贷后有没有回复,0.9220876023917833
377,企业邮箱为何验证不了,0.9220393744221541
378,如何注销公众号,0.9218843373521185
379,好人贷借款如何上报征信,0.9218808296416247
380,为何结清证明显示日期与平台不符,0.9218072161492729
381,好人贷借款时还会审核吗,0.9217445875652742
382,为什么拍照认证时总是不成功或显示系统崩溃,0.9217317520778024
383,如何确保还款日当天会扣款成功,0.921646094015329
384,消费凭证有效期是多久,0.9216096097505784
385,存款产品是否存满五年才能支取,0.92124549792353
386,车贷支持手动还款吗,0.921142378647319
387,存管查询的余额如何提现,0.9210462402428546
388,身份证过期可以申请好人贷吗,0.9210205845668845
389,节假日可以借/还款吗,0.9210006979102648
390,好人贷借款超时未到账如何处理,0.9209120665010765
391,如何把注册用户与结算用户都注销,0.9208014930136625
392,人脸识别使用的是照片还是视频,0.9207592937011587
393,开通什么业务,0.92069100453162
394,车贷合同如何查看,0.9206838722078292
395,页面为何提示“开户失败”、“账户存在异常操作/账户异常”,0.9206732617804645
396,还款日当天是否自动扣款,0.9206427107168605
397,还款日当天支持手动还款吗,0.9206336944940156
398,银行卡挂失会影响自动扣款吗,0.9205615268017165
399,季得利提前支取影响已发放利息吗,0.9204598583419422
400,新网银行简介,0.9204435171440672
401,扣款结果会有短信提示吗,0.9203762814068629
402,半年得利提前支取影响已发放利息吗,0.9202789312418381
403,周得利提前支取如何计息,0.9201975687641827
404,银行渠道维护无法操作怎么办,0.9201837556235649
405,可以让别人代还款吗？,0.9198828435116563
406,好人贷申请身份证可否添加水印,0.9197701213900981
407,存管密码被锁定怎么办,0.9197009917832678
408,是否可以取消自动扣款,0.9196238623865968
409,获取验证码次数超限怎么办,0.9194444265723972
410,如何查询是否已申请好人贷,0.9194160354898571
411,名下所有卡被冻结后如何还款,0.9193818436657646
412,咨询可以发送图片吗？,0.919294713322202
413,月得利提前支取如何计息,0.9191281757370497
414,自动扣款时间段是多久,0.9191239830502678
415,申请好人贷需要什么条件,0.9190715690794522
416,结清证明开据时间是多久,0.9190645779903653
417,注销注册用户后是否可恢复？,0.9188672646803401
418,为何提示缺少必要参数,0.9188429627024776
419,如何查询存管账户流水,0.9188426226651826
420,什么是综合评估,0.9188402700308328
421,新网银行APP下载,0.9187488776278003
422,周得利计息规则,0.9187417364497291
423,交易密码无法设置,0.918652329157283
424,视频认证录制失败的原因是什么,0.9185583630076938
425,为何提示不具备开具资格,0.9184534809100913
426,能否开具非恶意逾期证明,0.9184256481985028
427,合作平台如何取消贷款,0.9183103551362551
428,开据证明时为何提示账户存在异常,0.917968121788462
429,如何查询账户是否冻结,0.9179349762036187
430,申请创客贷需要什么条件,0.9178478940539919
431,如何查询当期车贷还款金额,0.917485776810258
432,如何查询新网账户,0.9174227163053297
433,为什么提示用户不存在,0.9173488502761465
434,车贷合同为何无法查看,0.9173311236137109
435,补扣会影响信用吗,0.9171970740222912
436,随心存T+1是什么,0.9167137549721124
437,如何增加银行卡,0.9167024894833035
438,好人贷借款后能否修改贷款信息,0.9166207788715034
439,贷款证明开据失败怎么办,0.9165067713141866
440,提前还款有次数限制吗,0.9164066632476766
441,无法提供消费凭证可以取消贷款吗,0.9163487683932204
442,销户后可以再开户吗,0.9162999533191146
443,好人贷为什么无法借款,0.916274862971465
444,存款产品支取通用路径,0.9162397221176661
445,好人贷-云闪付如何提前还款,0.9160429109959571
446,如何操作随心存大额存款,0.9160088522587215
447,身份证更换期间会影响好人贷贷款吗,0.9160070499338957
448,好人贷为什么无法登录,0.915950058121137
449,如何获得优惠券,0.9158172327384585
450,为什么取消了提前部分还款,0.9157557396377667
451,好人贷个人资料如何修改,0.9157127939654014
452,开具结清证明时为何无法登录,0.9155272437200743
453,系统繁忙是什么原因,0.9155097638072638
454,申请好人贷需要哪些资料,0.9154896877235601
455,新网银行业务办理时间,0.9153850327209879
456,逾期后还款金额是否会增加,0.9152665419644151
457,如何邀请好友申请好人贷,0.91511943677635
458,企业邮箱填写错误怎么办,0.9150860994289813
459,好人贷-云闪付是什么,0.9150476364248694
460,页面为何无法打开,0.9149742964720327
461,车贷还款只扣除部分是什么原因,0.9149590952875633
462,随心存支持提前支取吗,0.9148276978616449
463,随心存到期后何时到账,0.9145781541152576
464,好人贷还款后额度何时恢复,0.9145617862315603
465,如何办理好人卡？,0.9145257422727491
466,逾期未还款如何处理,0.9144502009814275
467,存在迁户问题怎么处理,0.9143712486418027
468,如何查询好人贷借据收款银行卡,0.9142692863672646
469,车贷可以修改还款日吗,0.91403393261548
470,好人贷为什么额度低,0.9138501352450933
471,为何无法登录存管查询,0.9135785612251639
472,白骑士认证失败是什么意思,0.9134388487294557
473,电脑端可以登录好人贷吗,0.9134340045617634
474,好人贷还款方式有哪些,0.9133790378792113
475,开户是什么意思,0.9133376502263569
476,什么是活体检测,0.9131967588395966
477,为何提示该证件已被使用,0.9131717227919323
478,实名认证审核时间,0.9130040898847807
479,为什么点击拍照没有反应,0.9129136411238675
480,提前支取时为何显示存入,0.9128633213307938
481,五年定期存款支持提前支取吗,0.912839120928209
482,密码被锁定怎么办,0.9127138570641689
483,为何提示还款卡不存在,0.9126679048116502
484,如何签署借款合同,0.912629996933351
485,结清证明印章无法查看,0.9123759734167115
486,公众号如何注册,0.9123423208934271
487,好人贷为何无法还款,0.9118934267565076
488,为何提示系统异常,0.9118897016526072
489,经侦是指什么,0.9118476272000419
490,定期存款是否有存单,0.9115597028653198
491,借款后如何判定下次还款日期,0.9111894206718097
492,什么是当期账单,0.9111809958488525
493,车贷收取哪些费用,0.9110696691695543
494,好人贷利率为什么高,0.911030121375632
495,如何查看好人贷还款计划,0.910961020641072
496,手机获取验证码失败,0.9109492249013352
497,如何选择按期还款/任性还款,0.9108688656953062
498,好人贷额度他人能否使用,0.9108083689747256
499,关于消费凭证,0.9106983808976817
500,好人贷支持随借随还吗,0.9106462588800498
501,如何录制活体检测,0.9104160820541793
502,好人贷额度是否会发生变化,0.9103990832262453
503,什么平台的贷款,0.9102850336805237
504,迁户是什么意思,0.9099402110478669
505,提前结清贷款后还会扣款吗,0.9095773288425837
506,页面为什么异常跳转,0.9094261234669018
507,还款日可以修改吗,0.9093600512646983
508,好人贷审核时间是多久,0.9092564981423553
509,提前支取有限制吗,0.9092299297340795
510,为何无法销户,0.9092259865001221
511,新网有哪些产品,0.9091995163353072
512,什么是分批次扣款,0.9091916711529808
513,自动扣款如何操作,0.9091716944493322
514,随心存停售后有影响吗,0.9090965159473468
515,查询结清证明申请是否已提交,0.9089929244799203
516,有多少人获得好人贷额度,0.9088873028908915
517,注册规则是什么,0.9086587364318912
518,好人贷支持周末借款吗？,0.9081270422950396
519,车贷还款记录如何查询,0.908123307529565
520,客户表示稍等,0.9080742186488957
521,好人贷如何实名认证,0.9079552202429415
522,好人贷是否支持提前还款,0.9079023938929147
523,额度冻结是什么意思？,0.9078165392040661
524,客户表示需要考虑,0.9077017619622504
525,为何还款后额度恢复减少了,0.9072846749650334
526,随心存存款期限有哪些,0.9071677995014852
527,为什么无法注册,0.9070162683697707
528,结清证明是否是还款记录证明,0.9068957288583611
529,存款利率是多少,0.9066842511200982
530,如何降低/关闭额度,0.9065643374056531
531,各还款方式如何进行还款,0.9065192933258286
532,如何开立存管账户,0.9063039785329945
533,好人贷还款记录如何查询,0.9060523112488605
534,五年定期存款是什么,0.9060428217926619
535,开据证明为何显示没有符合要求的订单,0.9055557919409785
536,好人贷是否有临时额度,0.9054516183646969
537,存管账户如何查询,0.905154542771258
538,退汇是什么意思,0.9050776009858356
539,提额会有通知吗,0.9045491745793874
540,好人贷借款记录如何查询,0.904327495447262
541,如何知晓已注销成功,0.9041483398999409
542,随心存利率为何会发生变化,0.903926790397637
543,工新借是什么,0.9038600000443324
544,怎样用其他手机登录好人贷,0.9037032186140809
545,好人贷借款多久到账,0.9035521782307273
546,还款后为何未更新还款状态,0.9034482506864179
547,合作平台如何还款,0.9032760573592812
548,征信是什么,0.9029836018760438
549,实名认证为什么不符,0.9026534328799659
550,实名认证失败的原因是什么,0.9025052276327894
551,好人贷自动扣款规则,0.9024017035910933
552,查询各类工单办理进度,0.9023523601487559
553,好人贷账户如何挂失,0.90216334885414
554,为何提示还款存在差错,0.9017275953585869
555,忘记密码怎么办,0.9015118879459932
556,随心存是什么,0.9013765495929991
557,可否对公还款,0.9012183570581435
558,如何查询车贷还款日,0.9005963982745022
559,能否人工开据贷款证明,0.9004460277364679
560,如何注销新网注册用户,0.8994065808141781
561,存管账户如何注销,0.8993912745325342
562,如何注销新网二类户,0.8986536170569971
563,如何办理对公业务,0.8985881638877563
564,好人贷账户如何查询,0.8985429066286966
565,罚息能否减免,0.8981177869782269
566,抵押类贷款如何办理,0.8978555311291784
567,自动扣款失败怎么办,0.8978066960283736
568,如何进入个人中心,0.8977978893269469
569,客户表示不满,0.8977592314774547
570,客户表示知道了,0.8976343463788017
571,批扣时间段是多久,0.8974016422529867
572,人脸拍摄规范,0.8972650926981122
573,还款记录如何查看,0.8971745595139908
574,好人贷是邀请制吗,0.897104782155301
575,车贷如何提前还款,0.8970980852095188
576,好人贷如何提前还款,0.8969065740623028
577,好人贷如何降低利率,0.8965554107905479
578,好人贷提前还款最低还多少,0.8964198233038286
579,随心存存入限额,0.8960899367004254
580,按期还款是什么,0.8958662456829043
581,可以重新注册吗,0.8952127314519467
582,怎样才能成功申请到额度,0.8951746319062808
583,如何查看贷款合同,0.8951587108386301
584,季得利是什么,0.894931015704626
585,额度冻结怎么办,0.8949035566213198
586,密码如何修改,0.8949015154641418
587,好人贷的办理时间,0.8948212454896627
588,什么是注册号码？,0.8946646544407408
589,工新借如何申请,0.8945599582737782
590,好人贷扣款账户如何查看,0.8945392441380078
591,什么情况算违约,0.8945277203862646
592,好人贷如何自助提额,0.8944359599929015
593,好人贷部分提前还款规则,0.8943014149455326
594,存管是什么,0.8936638804421645
595,额度占用问题,0.8933983899406958
596,逾期造成的影响是什么,0.8929699414950275
597,如何查询还款日,0.8926550589974925
598,好人贷能否人工操作提额,0.892518974857319
599,可以咨询吗,0.8922331534297133
600,好人贷如何主动还款,0.8922096719573158
601,可否延期还款,0.8921912147060099
602,好人贷如何试算利息,0.8916764757667998
603,好人贷当期能否最低还款,0.8915508787479727
604,客户表示没有问题了,0.8915371758354207
605,有额度不使用有什么影响吗,0.8912713050415645
606,什么情况算逾期,0.8911580601311525
607,是否会发生重复扣款情况,0.8909143776448478
608,核身链接失效的原因,0.8908751728486849
609,客户提出建议,0.8906133340244562
610,为什么没有扣款,0.8904601225646288
611,好人贷支持随时借款吗,0.8903304638283339
612,车贷如何申请,0.8900503139965165
613,好人贷年化利率是多少,0.8899061423854275
614,令牌无效是什么,0.8897415891728382
615,好人贷如何审核,0.8897245425592643
616,好人贷如何提高额度,0.8896446048437928
617,罚息介绍,0.8893851187900181
618,车贷逾期如何还款,0.8890694557476007
619,其他贷款怎么办理,0.8887761554877494
620,借款失败怎么办,0.8885617444574434
621,好人贷申请能否撤销,0.888408892331218
622,如何进入好人贷页面,0.8883350679304531
623,好人贷放款至什么账户,0.8876723427836039
624,申请被拒怎么办,0.8875524983335527
625,人脸识别失败怎么办,0.8874067227792164
626,什么是一、二、三类户,0.8872737898151366
627,好人贷月利率是多少,0.8870554108204298
628,好人贷利率是多少,0.8866949547609895
629,好人贷支持扣款的银行有哪些,0.8866019678616575
630,活体检测失败怎么办,0.8848175499647071
631,身份证上传失败怎么办,0.8840759812463816
632,好人贷上征信吗,0.882970654438232
633,好人贷账户如何注销,0.8817043689670513
634,扣款失败的原因,0.8816986619338778
635,什么是还款日,0.8814468096686112
636,好人贷还款后多久到账,0.8814265502846654
637,车贷如何还款？,0.8811261104109072
638,好人贷额度有效期是多久,0.8810548534109293
639,好人贷有额度后如何进行贷款,0.88067349881138
640,随心存如何计息,0.8802610572156746
641,季得利如何计息,0.8799496304794432
642,任性还款是什么,0.8794351319699159
643,开户失败原因,0.879287099939767
644,如何开据存款证明,0.8792460904017512
645,好人贷是什么,0.8791773209271282
646,优惠券如何使用,0.8790574562284641
647,定期存款到期如何支取,0.8785256566123375
648,好人贷贷款利息如何计算,0.8784939180524991
649,季得利如何支取,0.8780914493515941
650,好人贷如何申请,0.8764161646028672
651,贷款证明如何开据,0.8762428559124479
652,好事贷收取哪些费用,0.8760026357051243
653,随心存如何登录,0.8757909862045168
654,好人贷额度是多少,0.8700071330371961
655,好人贷收取哪些费用,0.8678864649073803
656,好事贷如何还款,0.8671337873505289
657,好人贷贷款期限是多久,0.8656486015459982
658,好人贷消费用途,0.8639061618812557
659,好人贷借款规则,0.8608871975490117
660,好人贷通过率多少,0.8586239573085784
661,好人贷提额周期是多久,0.8564473825859906
662,如何删除身份证信息,0.8555402648676907
663,登录密码为何无法重置,0.8528040116464368
664,好人贷如何还款,0.8452584969236467
665,什么是登录密码,0.8424798408076896
666,身份证信息变更后如何更新,0.840673847162584
