0,Gps是什么意思,1.0
1,开户是什么意思,0.9781931090927455
2,迁户是什么意思,0.9780120370793176
3,退汇是什么意思,0.9762892528151773
4,随心存是什么,0.9618025393675929
5,征信是什么,0.9547953817510713
6,季得利是什么,0.9546010575663274
7,存管是什么,0.9534616423312745
8,工新借是什么,0.953411800641706
9,任性还款是什么,0.9519663557895103
10,经侦是指什么,0.95192868371213
11,额度冻结是什么意思？,0.9509443946975549
12,随心存T+1是什么,0.9508037722216172
13,为什么没有扣款,0.9465646700409849
14,房产保证金是什么,0.9456849977647234
15,注册规则是什么,0.9450056594535945
16,按期还款是什么,0.9435166638153278
17,为什么无法注册,0.9426664880406495
18,征信报告是什么样的,0.9415166282527596
19,下一次开放时间是什么意思,0.9412959867209881
20,好人贷为什么额度低,0.9411113276700774
21,什么是还款日,0.9390925496482762
22,好人贷利率为什么调高了,0.9388553704644237
23,新网银行扣款通道是什么,0.9384637251403858
24,新网银行账户是什么,0.9383656974276418
25,好人贷额度为什么变低了,0.9381801842580497
26,为什么提示用户不存在,0.9381384767984328
27,银联在线支付是什么,0.9380494452493707
28,好人贷-云闪付是什么,0.9379942314822074
29,为什么银行还款存在限额？,0.937702562526041
30,页面为什么异常跳转,0.9376276795534588
31,新网银行以什么名义放款,0.9368952100168467
32,视频认证的步骤是什么,0.9363217835435046
33,企业邮箱格式是什么,0.9361760081540577
34,好人贷为什么无法借款,0.9360045625248713
35,银行渠道维护是指什么,0.9355853030751277
36,手机号无法使用为什么,0.9354466944693935
37,什么是综合评估,0.9337190240769734
38,什么是活体检测,0.9331724506878302
39,什么是银行卡预留手机号？,0.9330033588778746
40,五年定期存款是什么,0.932613215285001
41,什么是分批次扣款,0.9319508831294216
42,审核电话内容是什么,0.9315854672854118
43,好人贷利率为什么高,0.9312502153687053
44,实名认证为什么不符,0.9305447352718368
45,新网银行三类户是什么,0.9302436660665777
46,好人贷为什么无法登录,0.9301744270619905
47,什么是当期账单,0.9299679105865597
48,什么是我的额度和可借额度,0.9288067429530409
49,随心存操作渠道有哪些,0.9287812312543998
50,自助提额什么时候上线,0.9285952109014571
51,新网银行的官网地址是什么,0.9284832928073639
52,为什么好人贷第一期还款金额与之后不一致,0.9279537816068957
53,什么是风控审核中,0.9276709704922538
54,令牌无效是什么,0.9271337829940913
55,为什么取消了提前部分还款,0.9269575855316036
56,挖财还款是否为新网银行代扣,0.9265459654102374
57,密码被锁定怎么办,0.9263187659117306
58,白骑士认证失败是什么意思,0.9262064026436647
59,系统繁忙是什么原因,0.92583350702795
60,好人贷是什么,0.9253921348966537
61,如何解约快捷支付？,0.9253189676863317
62,好人贷为何无法还款,0.9247374112046741
63,如何查看手机号是否实名制,0.9244591775114398
64,查询车贷的注册手机号码是什么,0.9244512082325538
65,公众号页面的“我的排号”是什么意思,0.923535326677442
66,为何提示用户未实名认证,0.9222195713120382
67,什么是单笔借据和多笔借据,0.9220587244106425
68,如何查看随心存购买情况,0.9219746901036546
69,开通什么业务,0.9219036461975604
70,为何无法销户,0.9218114401541768
71,新网二类户为何无法转入/转出,0.9214153498162021
72,京东存款为什么显示当日额度为什么已售罄？,0.9211194119249929
73,为何申请好人贷无结果,0.9210908485303996
74,好人贷为什么提示“账户存在异常操作”,0.9210021825440425
75,为何人脸识别提示光线太足,0.9208898533298134
76,车贷如何修改注册手机号码,0.920731256726562
77,为什么收到美利车金融的短信,0.9206350394921331
78,按期还款和任性还款的区别是什么,0.9205812707479676
79,滴水贷客服电话是多少,0.920215266020084
80,什么是无卡支付及免密支付,0.9198614482495249
81,银行转账未到账怎么办,0.9198137219007145
82,结清贷款后什么时候可以开据结清证明,0.9197727179995244
83,人工是否可操作扣款,0.9193040047291027
84,选择任何还款方式都可以提前还款吗,0.9192531123544769
85,销户后为何还能解绑银行卡,0.9191897506734701
86,58车金融客服电话是多少,0.9184504850589377
87,新网银行二类户限额是多少,0.9181386279940918
88,忘记密码怎么办,0.9181223907125208
89,还款金额超银行卡限额怎么办,0.9181098684746539
90,为何提示还款卡不存在,0.9180023300437489
91,存管密码被锁定怎么办,0.91799866160433
92,车贷如何解绑银行卡,0.9175721954596897
93,为什么提前还款显示联合贷批次执行中？,0.9173783164736259
94,车贷支持手动还款吗,0.9170893331159417
95,公众号如何注册,0.9170544981476111
96,额度冻结怎么办,0.9170336991697374
97,季得利的操作渠道有哪些,0.9170180396096668
98,为何提示缺少必要参数,0.9168255935695514
99,如何查询账户是否冻结,0.916620453880861
100,存在迁户问题怎么处理,0.9163235905706548
101,车贷如何提前还款,0.9160411124381257
102,如何选择按期还款/任性还款,0.9159923071397337
103,销户后是否上征信,0.9158979200588496
104,好人贷以什么贷款类型上报人行征信？,0.9157930021261586
105,为何好人贷还款时提示“交易处理中”,0.915744993640028
106,银行卡还款限额是多少,0.9156378528981993
107,新网诺诺发票贷如何申请,0.9155392431733621
108,如何修改新网随心存注册号码,0.915445675981387
109,月得利提前支取如何计息,0.9152449359827297
110,车贷可以修改还款日吗,0.9150565816800922
111,创客贷额度是多少,0.9148646045507114
112,京东存款如何修改注册手机号码,0.9148264870677312
113,好人贷-云闪付如何提前还款,0.9147233368873741
114,新网二类户上的资金是否计息,0.9146769813377191
115,为何存管查询提示没有密码,0.9144238522417937
116,申请创客贷需要什么条件,0.9143918312170511
117,验证码发送至什么手机号,0.9143558502481564
118,居住信息如何填写,0.9143509057361631
119,新网银行存款产品为何暂停交易,0.9143442571990655
120,新网银行二类户如何转入/转出,0.9140760894574418
121,车贷如何还款？,0.913990569563994
122,周得利提前支取如何计息,0.913948434716329
123,可否对公还款,0.9139272583254102
124,什么情况算违约,0.9137238531547068
125,随心存如何查看收益情况,0.9135771883057725
126,随心存如何修改交易密码,0.9132918353606126
127,为何还款后额度恢复减少了,0.9132117766352167
128,车贷如何更换还款银行卡,0.9130763583324787
129,为什么点击拍照没有反应,0.9130562894563309
130,节假日可以借/还款吗,0.9129909129952919
131,结清证明的发送方式有哪些,0.9129903307681111
132,定期存款操作的渠道有哪些,0.9128425613323174
133,销户与否会产生什么影响,0.9128425075757517
134,优信扣款成功后为何显示待还款,0.9127076243047018
135,提前还款手续费是多少,0.9126282564905894
136,选择任性还款/按期还款利息如何计算,0.912540365574797
137,车贷还款只扣除部分是什么原因,0.9124451078345645
138,随心存到期后何时到账,0.9123434750880123
139,提前支取时为何显示存入,0.9120661473180107
140,随心存产品停售原因,0.9116928996957295
141,为何无法登录存管查询,0.9115444530601939
142,诺诺发票贷的利率是多少,0.9112893183879647
143,上传身份证时需填写的内容是什么,0.9112748537601005
144,如何注销公众号,0.9112467789251211
145,为何提示系统异常,0.9111885585847902
146,如何修改实名认证手机号码,0.9111834872789567
147,名下所有卡被冻结后如何还款,0.9111726648185129
148,还款记录如何查看,0.911157116761389
149,如何查看开户结果,0.9110943291751813
150,借款时选错收款账户怎么办？,0.9110722116946448
151,随心存存款期限有哪些,0.9108672416227231
152,线上是否可开据征信版结清证明,0.9108434279778201
153,开据证明时为何需要实名认证,0.9107996301645276
154,车辆信息如何查询,0.9107065790051385
155,新网二类户转入/转出有时间限制吗,0.9106842410944304
156,如何查询新网账户,0.9103900696417423
157,客户表示还款成功,0.9103775198369696
158,车贷合同如何查看,0.910334331322014
159,我行对客邮箱是多少,0.9103096327751773
160,公众号是否有还款提示,0.9102530716777713
161,为何征信上有新网上报的贷款记录,0.9102328403709966
162,当期账单支持再分期吗,0.9102193009173182
163,好人贷定位如何开启,0.9102170349817003
164,什么是注册号码？,0.9101426330229972
165,通过本人微信找回密码是指什么,0.9101141397979483
166,可以让别人代还款吗？,0.9099330073527013
167,为何按期还款只能选择部分贷款期限,0.9098236598688065
168,如何激活新网二类户,0.9096262512213478
169,如何更换好人贷默认还款账户,0.9095520995099011
170,存款产品是否保本保息,0.9094925584359581
171,如何操作随心存大额存款,0.9094924634688443
172,申请好人贷需要什么条件,0.9094656812765893
173,进入随心存为何提示手机号码不一致,0.9094238623633345
174,为何申请好人贷后显示未获取额度,0.9092786277223411
175,随心存支持提前支取吗,0.9090992287318584
176,为何征信上有新网银行上报的逾期,0.9090829257331834
177,什么是一、二、三类户,0.9090531912152484
178,车贷申请多久可以放款,0.9090276532475329
179,新网银行是否上市,0.9089330284235921
180,随心存利率是多少,0.9088226468745179
181,还款日可以修改吗,0.9087519338478945
182,新网银行有实体卡片吗,0.908746696119227
183,随心存可以在我行公众号查询/操作吗,0.9087350686766292
184,为何结清证明显示日期与平台不符,0.9085543817473691
185,为何提示不具备开具资格,0.9085464289225073
186,美团客服热线是多少,0.9084599807849747
187,车贷扣款支持的银行卡有哪些,0.9084474818765859
188,如何查询车贷还款日,0.908416566354818
189,还款后为何未更新还款状态,0.908370193556693
190,存款产品如何修改手机号,0.9083440074958414
191,提前支取有限制吗,0.908179483162061
192,如何获取线上核身链接,0.9081772807207921
193,好人贷-云闪付如何更换收/还款银行卡,0.9081684733732323
194,转账到新网银行账户是否还款成功,0.9081379978412037
195,可以查询注册手机号码吗,0.9081265645087879
196,车贷收取哪些费用,0.9081133424601613
197,新网银行地址在哪里,0.90811118924084
198,合同为何无法打开,0.9080414529029356
199,如何关注新网银行公众号,0.9080387480072595
200,还款日当天是否自动扣款,0.907852257001696
201,为何提示支付平台交易金额超限,0.9076783740588317
202,为何提示该证件已被使用,0.907630991466142
203,为何提示支付平台当日交易次数超限,0.9075441208232924
204,新网银行存款是否受保障,0.9074290516977371
205,为何销户后还能看到好人贷信息,0.9074067591865347
206,好人贷额度必须一次性借完吗,0.907359841203378
207,如何绑定银行卡,0.9073214859683739
208,好人贷是否支持提前还当期账单,0.9072393309663732
209,贷款证明开据失败怎么办,0.9072338925607049
210,新网银行存款类产品有哪些,0.9070956416108549
211,为何提示支付平台账户状态异常,0.9070226128337014
212,新网银行行号是多少,0.9070111870858647
213,申请诺诺发票贷需要什么条件,0.9069700698659706
214,存款产品如何重置交易密码,0.9069419327034133
215,存管账户充值限额,0.9068727972707682
216,如何查询当期车贷还款金额,0.9067902237139875
217,获取验证码次数超限怎么办,0.9067876016743721
218,新网二类户转入/转出收取手续费吗,0.90676749733365
219,为何无法申请好人贷,0.9067436647265563
220,车贷合同为何无法查看,0.9066875807932354
221,车贷还款记录如何查询,0.9066404181942727
222,随心存提前支取到账时间,0.9066072092983651
223,借款失败怎么办,0.9064929553216022
224,结清证明会展示哪些信息,0.9064548938371176
225,还款日当天支持手动还款吗,0.9064020605319634
226,如何查看委托支付协议,0.9063975160908588
227,好人贷账户是否为新网银行二类户？,0.9061142338903533
228,注销注册用户后是否可恢复？,0.906024631742686
229,车贷逾期如何还款,0.9059584481767973
230,好人贷授信首页显示利率是否为固定利率,0.9059551932826942
231,好人贷手动还款时为何提示批次执行中,0.9059541391070032
232,车贷能否绑定他人银行卡,0.9058559586039554
233,如何更换微信号,0.9057261163817957
234,好人贷还款方式有哪些,0.9056558728413288
235,什么情况算逾期,0.9055724685733464
236,如何把注册用户与结算用户都注销,0.9055710040993689
237,自动扣款如何操作,0.9055319907295732
238,新网银行能否绑定云闪付,0.9054659848057749
239,新网银行有招聘吗,0.9053808504901504
240,季得利如何支取,0.9051584228257418
241,如何确保还款日当天会扣款成功,0.9049292154665666
242,操作好人贷是否需要开启定位,0.9049004554007555
243,为什么收到提额短信但额度未提升,0.9048608544418719
244,收款卡发卡行拒绝放款失败什么意思？,0.904859322454868
245,新网银行公众号如何取消关注,0.9047393549500837
246,好人贷需要面签吗,0.9045785970571074
247,如何退出微信公众号,0.9045610213309427
248,好人贷支持随借随还吗,0.9045302557883502
249,为何页面出现多个新网银行账户,0.9045136156331826
250,新网银行二类户与好人贷是否为同一个手机号码,0.9044564783634529
251,为何图文验证码输入正确却提示错误,0.9043414825784103
252,新网银行以何名义查询征信,0.9042980249532111
253,如何知晓已注销成功,0.9041807101882412
254,系统升级会影响扣款吗,0.9041423371371691
255,好人贷账户如何更换手机号码,0.9040961722235697
256,如何修改存管账户预留手机号码,0.9040939495473602
257,转账到新网银行如何操作,0.9040813030256872
258,好人贷必须绑定银行卡使用吗,0.904025018786277
259,好人贷额度是否循环使用,0.9039646068728665
260,可绑定银行卡数量上限,0.9038992139180964
261,新网银行存款属于理财产品吗,0.9037271803899342
262,绑定银行卡产生费用吗,0.9036981716303703
263,逾期未还款如何处理,0.9036675541112617
264,如何解绑银行卡,0.9036669255719781
265,我们是四川新网银行吗,0.9035845961151249
266,在哪个平台操作提现,0.9034387132502603
267,注册手机号及微信号需要实名制吗,0.903415377015358
268,为何提示支付平台账户余额不足,0.9033796665026652
269,如何设置存管支付密码,0.9031406854159105
270,美利车联系电话,0.90303533404343
271,为何收到新网银行还款短信,0.9029409839318026
272,节假日可以操作各类存款吗,0.9028416695577357
273,如何查询是否开通银联在线支付,0.902745844162513
274,车贷利息是多少,0.902689342637482
275,如何查询还款日,0.9026185307109387
276,客服是否是随机分配,0.9026165648005802
277,如何查询是否已申请好人贷,0.9026159400702057
278,银行渠道维护无法操作怎么办,0.9026038136760499
279,使用优惠券后提前还款利息如何计算,0.9024920678069783
280,结清证明是否是还款记录证明,0.902457872316339
281,优信客服电话是多少,0.9024523574716508
282,人脸识别失败怎么办,0.902248057007226
283,新网银行账户可以设置为好人贷借/还款账户吗,0.9021495796605017
284,好人卡绑定云闪付/微信等失败怎么办,0.9021190895304277
285,自动扣款失败怎么办,0.9020948695934333
286,哪些渠道可以购买京东存款产品？,0.9019830738864897
287,新网银行有企业贷款吗？,0.9019103673436438
288,随心存存入限额,0.9018930774244859
289,可否延期还款,0.9018785797314495
290,实名认证是否查询征信,0.9018561677063907
291,为何提示交易密码验证失败,0.9018138143502722
292,非绑定银行卡可否与新网二类户转账,0.9015711301933873
293,新网银行视频认证的QQ号码是多少,0.9015563078871139
294,好人贷借款合同有效期是多久,0.9014299168339782
295,银行卡是二类户影响扣款吗,0.9013835247398807
296,客户称赞服务好,0.9012665318926346
297,为何提示还款存在差错,0.9012300938810716
298,好人贷只能通过绑定的银行卡还款吗,0.9012149019398772
299,结清贷款后征信上是否会显示结清,0.9011909345625694
300,为何提示支付平台支取金额超过可用余额,0.9011702964639893
301,如何查询存管账户流水,0.9011354454148989
302,如何换绑银行卡,0.9009430809075
303,如何注销新网二类户,0.9009380856629992
304,为何提示支付平台签约关系不存在,0.9008595215710063
305,如何查询征信报告,0.9007245658981431
306,转账时为何提示未面核,0.900559064454069
307,好人贷如何查看所支持的还款方式,0.9005091581136688
308,新网银行账户的交易记录如何查看,0.9004795806356644
309,线上开据证明有次数限制吗,0.9003951943394797
310,是否可以取消自动扣款,0.9001174396601794
311,五年定期存款支持提前支取吗,0.9001006576136565
312,为何征信上的放款日期与实际借款日期不一致,0.9000773913683103
313,为何申请好人贷页面显示暂无资格,0.9000495088916213
314,好人贷如何提前还款,0.9000454898969654
315,好人贷申请是否查询芝麻信用,0.8999705194704263
316,修改手机号后是否需要重置登录密码,0.8999663972119626
317,好人贷被拒后为何没有下次开放时间,0.8998785435082277
318,线下转账如何填写新网银行开户信息,0.8997753106602983
319,如何查看银行卡管理列表,0.8997596997857695
320,新网银行人工客服电话是多少,0.8997134467251591
321,页面为何无法打开,0.8997041999808221
322,为何提示支付平台其他错误,0.8995923160110896
323,好人贷还款后额度何时恢复,0.8995704692647721
324,存管查询为何提示用户不存在或者信息有误,0.8995304879607994
325,提前还款有次数限制吗,0.8994454965112392
326,再次申请好人贷会查询征信吗,0.8994319506437629
327,申请好人贷没有公司邮箱怎么办,0.8993862413432776
328,为何重置密码后仍提示密码错误,0.8992259391935125
329,好人贷能否绑定他人银行卡,0.8992024138444419
330,为何提示支付平台发卡行拒绝,0.8991714583461556
331,如何登录微信公众号,0.8989533805017244
332,周得利计息规则,0.8989100307094261
333,如何更换借款收款银行卡,0.8988938953914932
334,如何注销新网注册用户,0.8988823298663613
335,好人贷借款如何上报征信,0.8988596278966968
336,好人贷如何实名认证,0.8987458544068674
337,申请好人贷是否都有额度,0.898660157408517
338,好人贷注册手机号与银行卡预留手机号是否需要一致？,0.8985271258304892
339,新网银行有信用卡吗,0.8984871597627971
340,结清证明开据时间是多久,0.8984805845609668
341,合作平台如何还款,0.8984392514030817
342,为何提示支付平台持卡人信息有误,0.8983819444753204
343,能否让客服回电,0.8983266832538767
344,如何查看好人贷相关协议/合同？,0.8983201962510667
345,新网银行有几个网点,0.8982302523059215
346,好人贷交易密码如何设置,0.8982092500391677
347,可否按照征信订单号开据证明,0.8981868857478277
348,如何查询好人贷申请的授信结果,0.8980990908341852
349,随心存如何计息,0.8980870706726608
350,好人贷是否支持归还逾期部分账单,0.8980651832639239
351,为何存管信息与平台显示不一致,0.8980169274661822
352,定期存款是否有存单,0.8979503185475021
353,好人贷提额会查询征信吗,0.8978637877986269
354,如何增加银行卡,0.8978621740445498
355,存款产品支取通用路径,0.8978334051422772
356,车贷平台如何查询,0.8977644082032527
357,实名认证失败的原因是什么,0.8976811298915163
358,车贷如何办理解押手续,0.8975640025915405
359,随心存停售后有影响吗,0.8975247423883346
360,银联在线支付如何开通,0.8975049548222398
361,如何购买新网银行存款产品,0.8974756556337211
362,季得利如何计息,0.8974507044842354
363,"好人贷有回访电话吗""",0.8974204357705211
364,新网银行账户可以在哪些地方使用,0.8973906291935646
365,好人贷借款金额与到账金额是否一致,0.8973802005808257
366,企业邮箱为何验证不了,0.8973431604330996
367,如何更改其他平台的注册手机号码,0.8971571887219015
368,如何查看好人贷还款计划,0.8971096243074806
369,存款产品是否存满五年才能支取,0.8970985301066806
370,如何录制活体检测,0.8970904478400026
371,平台还款信息为何与新网银行不一致,0.89702393008999
372,存管账户如何查询,0.8969703445502379
373,登录时的图文验证码是否区分大小写,0.8969409084481983
374,新网银行有哪些活动,0.8967939578227081
375,罚息介绍,0.8967286711322265
376,好人贷申请的渠道有哪些,0.8966987374631203
377,是否需要使用本人手机操作好人贷,0.8965647185156711
378,存款产品的资金可以用于好人贷还款吗,0.8965256463747528
379,可以重新注册吗,0.8964228325436387
380,如何查询转账到新网银行的记录,0.8963781956168682
381,线上开据证明为何和征信金额不符,0.8963752418243941
382,存管提现到账时间是多久,0.8962231698391365
383,如何冻结新网银行账户,0.8962102560190688
384,新网账户之间能否互相转账,0.89615560284593
385,关于消费凭证,0.8960737140239291
386,各还款方式如何进行还款,0.8959645778787578
387,新网银行好事贷如何申请,0.89581663299501
388,好人贷支持微信/支付宝扣款吗,0.8957708896805539
389,好人贷借款超时未到账如何处理,0.8957701904204913
390,逾期造成的影响是什么,0.8957181619409091
391,新网有哪些产品,0.8956479830354139
392,京东存款是否支持提前支取/提前部分支取？,0.8956000274147569
393,可否取消银行卡限额,0.8955813590877377
394,好人贷还款记录如何查询,0.895531410728161
395,好人贷借款时还会审核吗,0.8955289268506622
396,平台方手机号变更导致我行无法直接开据结清证明问题,0.895393825368804
397,联系新网银行客服有哪几种方式,0.895340072130568
398,车贷如何申请,0.8951447960935494
399,申请好人贷有区域或者号段等限制吗,0.8951210531262652
400,新网银行开户支持的证件有哪些,0.8951184826904628
401,企业邮箱填写错误怎么办,0.8949210069231976
402,消费凭证有效期是多久,0.8949075970202248
403,视频认证录制失败的原因是什么,0.894731822622336
404,结清证明印章无法查看,0.8946397432205484
405,为何收到新网银行逾期提醒短信,0.8946116921856725
406,随心存如何登录,0.8945637442722905
407,可以咨询吗,0.8945538009991277
408,可否补充企业邮箱,0.894551315849521
409,开具结清证明时为何无法登录,0.8944893306475628
410,为何无法提交好人贷申请资料,0.8944781828617294
411,为何征信上有新网银行的贷款审批记录,0.8944376633148021
412,新网二类户可以升级为一类户吗？,0.8943220500622224
413,拨打我行人工客服电话是否收费,0.894209196503279
414,借款后如何判定下次还款日期,0.8942074930895991
415,季得利提前支取影响已发放利息吗,0.894206190498881
416,黑户/白户是否可以申请好人贷,0.8941852521811997
417,客户表示有合作意向,0.8941811714237237
418,如何查询合作平台贷款是否结清,0.8941687794032467
419,好人贷可以重新申请吗,0.8941665718806584
420,好人贷如何主动还款,0.894108182480959
421,申请被拒怎么办,0.8940272489603721
422,为何之前绑定的银行卡不支持扣款了,0.8940088359095739
423,银行卡开通银联在线支付后是否可正常还款,0.8938607196832759
424,什么平台的贷款,0.8938352476701371
425,注册手机号更换成功后何时可以正常使用,0.8935980789901182
426,更改银行卡预留手机号的方法,0.8934317086122119
427,好人贷只能使用微信登录吗？,0.8933380020883044
428,未正常还款我行会进行催收吗,0.8932847498708617
429,借款到账后页面未更新借款状态,0.8932224868288837
430,提前结清贷款后还会扣款吗,0.8930193488677053
431,手机号归属地与定位地不一致是否有影响,0.892951766664553
432,他行渠道汇入新网账户的到账时间是多久,0.892802683276838
433,京东存款的计息规则及计息公式,0.8927985224385702
434,如何查看优惠券的使用情况,0.8927361267463736
435,申请好人贷工作信息如何填写,0.8926623426657476
436,人脸识别使用的是照片还是视频,0.892654992908456
437,好人贷有回访电话吗,0.8926435194056624
438,开据证明时为何提示账户存在异常,0.8926324930130923
439,新网银行自动扣款次数,0.8926303256384495
440,存管账户如何注销,0.8926021547935761
441,咨询可以发送图片吗？,0.892595131814155
442,获取额度后多久可发起借款,0.8925615366805233
443,好人贷注册手机号无法使用,0.8925212618883616
444,客服能否查看聊天记录,0.8924459453453097
445,活体检测失败怎么办,0.8924345252640065
446,如何降低/关闭额度,0.8922151857069401
447,存管查询的余额如何提现,0.8921776155334423
448,新网银行如何联系客户,0.8921552799144672
449,五年定期存款的利率是多少,0.892106329382472
450,新网银行的活期利率是多少,0.8918587896910142
451,为何提示支付平台受发卡行资金用途限制拒绝交易,0.8918487861999294
452,结清证明的印章是否可以用公章,0.8917435423025045
453,修改手机号码/微信号是否会影响自动扣款,0.8917191106538143
454,目前支持的银行有哪些,0.8916572640171019
455,线上转入新网银行账户到账时间是多久,0.8916076866568637
456,有额度不使用有什么影响吗,0.8914426458258334
457,贷款结清之后能否删除贷款记录,0.8914307973403313
458,存款页面是否会显示每日收益,0.8913911521343801
459,车贷合同里的金额是否包含利息,0.8912896062781838
460,支持绑定的银行卡类型有哪些,0.8910759796356321
461,定期存款的利率是多少,0.8910663442545171
462,新网银行有哪些产品可以提额,0.8909300367510768
463,如何办理好人卡？,0.8908666983780087
464,新网银行自动扣款时间,0.8908167124372189
465,好人贷账户如何挂失,0.8906531267578411
466,好人贷审核电话是多少,0.8906142355618963
467,我行放款的其他平台借款会上报征信吗,0.8905084465218716
468,好人贷不借款会产生利息或费用吗,0.8904907333979508
469,客户提到投诉,0.8904791890242169
470,借款成功会有短信等提醒吗,0.8904708979668784
471,申请好人贷必须填写联系人信息吗,0.8904172718155979
472,存款需要先开立银行账户吗,0.890321825019461
473,手持身份证拍照的注意事项,0.8902153769505051
474,补扣会影响信用吗,0.8901552772074428
475,如何签署借款合同,0.8901461213574925
476,如何查询其他平台扣款银行卡,0.8900752297423583
477,输入身份证号码时，为何无法输入字母,0.8900092936293884
478,在线咨询是否支持客户发送语音,0.8900090585618661
479,如何修改征信上的个人信息,0.8899746033919215
480,其他贷款怎么办理,0.8899317356207693
481,密码如何修改,0.8898926970716786
482,随心存利率为何会发生变化,0.8897515432597604
483,新办的手机号可以申请好人贷吗,0.8897446611566825
484,如何取消征信查询及使用授权书,0.8893934488129108
485,为什么拍照认证时总是不成功或显示系统崩溃,0.8893774267772865
486,好人贷是否支持提前还款,0.8893393865988133
487,提前还款会影响个人征信吗,0.8892959090289526
488,好人贷支持在国外发起借款吗,0.8891977476555519
489,在线客服是否是人工客服,0.8891795573348074
490,申请好人贷需要下载APP吗？,0.8889926989309582
491,更换银行卡会影响自动扣款吗,0.8888273858489136
492,销户后可以再开户吗,0.8886508660642264
493,好事贷如何还款,0.8884904104615499
494,半年得利提前支取影响已发放利息吗,0.8883884387131258
495,为何提示支付平台暂不支持的银行或限额,0.8882163839278797
496,存款利率是多少,0.8878337678017785
497,可以查询个人信息资料吗？,0.8878099485512227
498,好人贷如何自助提额,0.8876931397962161
499,申请好人贷后，可否更改授信结果,0.8875303710067282
500,好人贷申请需要填写哪些个人信息,0.8874565683735859
501,合作平台如何取消贷款,0.8874324571260539
502,客户表示稍等,0.8873518608503506
503,还款后页面显示等待中,0.887003086054024
504,客户表示知道了,0.8869136013145204
505,工新借如何申请,0.8868664505472157
506,贷款证明的电子章是否具有法律效应,0.8868509960820039
507,购买存款页面为何提示“额度不足，无法购买”,0.8867333095372718
508,身份证上传失败怎么办,0.8867039886317706
509,提额会有通知吗,0.8864586920676614
510,如何获得优惠券,0.8864264593413467
511,新网银行合作平台有哪些,0.8863181302702693
512,好人贷审核不通过对个人有什么影响,0.8862644714929393
513,定期存款到期如何支取,0.8862073269070394
514,还款银行卡是否需要开通银联在线支付业务,0.886178270553834
515,他人可以使用本人信息申请好人贷吗,0.886149005192445
516,如何开立存管账户,0.8858436594325325
517,查询结清证明申请是否已提交,0.8856110968288655
518,微信/支付宝等可否与新网银行账户互相绑定,0.8855420903077785
519,自动扣款时间段是多久,0.8854555046807908
520,一个身份证可以申请好人贷两次吗？,0.8854034322191922
521,好人贷额度他人能否使用,0.8853426605071886
522,好人贷借款记录如何查询,0.8853066231756376
523,好人贷个人资料如何修改,0.8852203143803001
524,申请好人贷需要开个人账户吗？,0.885121480980491
525,能否删除个人信息,0.8851134644024362
526,注销账户的处理时间,0.8850850026077952
527,好人贷与其他平台类似产品的区别是什么,0.8849384072365969
528,罚息能否减免,0.8848233345001186
529,如何通过线下方式转入新网二类户,0.8847980341972898
530,好人贷审核时是否给填写的联系人去电,0.8846724529364178
531,客户表示需要考虑,0.8846251940007608
532,能否开具非恶意逾期证明,0.8846022825549709
533,申请好人贷后有没有回复,0.8843668498254499
534,如何邀请好友申请好人贷,0.8843122682152331
535,好人贷申请是否可以使用临时身份证,0.8841887513936951
536,接收短信的手机号是否为注册手机号,0.884116004224584
537,电脑端可以登录好人贷吗,0.8837219614986158
538,客服能否看到客户申请好人贷的信息,0.883457969664533
539,如何在新网银行开户,0.8834365313842916
540,好人贷是否有临时额度,0.883371477913576
541,客户要求发送相关模板,0.883186797184828
542,企业邮箱验证码可否重新获取,0.882894812775894
543,新网银行简介,0.882855495336987
544,审核电话可更改接听电话吗,0.8827249328125552
545,绑定银行卡失败,0.8826846861506384
546,征信上显示的贷款金额是否包含利息,0.8825683409624874
547,转入新网银行使用的密码是交易密码还是银行卡密码,0.882198399510833
548,新网账户绑定微信/支付宝后支持提现或充值吗,0.8821891304493062
549,逾期后还款金额是否会增加,0.8820298909000726
550,好人贷申请必须使用身份证原件吗,0.8820148912548202
551,如何查询申请相关的协议书,0.8818339828874932
552,好人贷额度是否会发生变化,0.881783752955989
553,客户催促需要加急办理,0.8817783471652386
554,身份证过期可以申请好人贷吗,0.8817564068015605
555,为何提示支付平台该客户无默认扣款卡，交易没有发给统一支付,0.881354244118132
556,申请好人贷需要公积金、社保吗？,0.8813439880805726
557,开据证明为何显示没有符合要求的订单,0.8810388663232173
558,申请好人贷后为何页面显示仍可提交申请,0.8809384368086038
559,好人贷放款至什么账户,0.8807497534114729
560,客户咨询其他平台催收问题,0.8807042741368086
561,好人贷如何试算利息,0.8805973543175604
562,好人贷账户如何查询,0.8803357875615417
563,为何提示支付平台银行卡未开通银联无卡认证支付,0.8799679293212009
564,好人贷申请是否支持人工受理,0.8799487509187851
565,如何开据存款证明,0.8798917124823346
566,抵押类贷款如何办理,0.8798914414535367
567,电话客服是否可以受理结清证明,0.8797207176523603
568,新网银行人工客服服务时间,0.8795992229332151
569,为何提示支付平台渠道不支持的银行,0.8795151753599056
570,微信号更换成功后何时可以正常使用,0.8792588639104205
571,如何查看贷款合同,0.8792024625017761
572,未接到好人贷回访电话会被拒吗,0.8789037121279231
573,扣款结果会有短信提示吗,0.8788597212385562
574,修改手机号码的处理时间是多久,0.8787620185562018
575,好人贷扣款账户如何查看,0.8786229559399193
576,关闭其他平台额度后，能否恢复好人贷额度,0.8784898784179276
577,如何查询好人贷借据收款银行卡,0.8784332967396302
578,好人贷如何降低利率,0.8781034977419805
579,新网银行人工客服电话打不通,0.8779766368627716
580,能否人工开据贷款证明,0.8778974581559642
581,好人贷申请成功会有短信通知吗,0.8778854130822568
582,优惠券如何使用,0.8775516494389769
583,实际申请金额与放款金额不一致可否取消车贷,0.8772761724216706
584,征信上报周期及更新时间,0.8770766717114928
585,是否会发生重复扣款情况,0.8770719331194571
586,身份证更换期间会影响好人贷贷款吗,0.8770305257735823
587,无法提供消费凭证可以取消贷款吗,0.8770276594555592
588,可以通过他人银行卡转入到新网银行账户吗,0.8767508003365277
589,为何同时收到了还款成功和失败的短信,0.8766110926404147
590,新网银行发送的短信验证码的有效时长？,0.8764171922725068
591,绑卡时页面上的银行卡预留手机号码可以修改吗,0.8762761130133698
592,申请好人贷使用的邮箱是公司邮箱还是个人邮箱,0.8762672883360738
593,怎样用其他手机登录好人贷,0.876040409640356
594,页面为何提示“开户失败”、“账户存在异常操作/账户异常”,0.875601142709097
595,好人贷申请身份证可否添加水印,0.8755267168580456
596,申请好人贷需要哪些资料,0.875502602392546
597,好人贷如何审核,0.8754199235724992
598,贷款证明如何开据,0.8754104498695191
599,为何提示支付平台不允许持卡人进行的交易,0.8753794161044892
600,好人贷借款多久到账,0.8752906421864197
601,交易密码无法设置,0.8750164811192485
602,好人贷当期能否最低还款,0.8748583160444791
603,银行渠道维护时间一般是多久,0.8746067343306894
604,好人贷如何提高额度,0.8746020582111376
605,好人贷自动扣款规则,0.8744448972012637
606,个人可以在新网开立几个账户,0.8743415479514975
607,银行卡挂失会影响自动扣款吗,0.8740078066969649
608,借款合同是否有展示提前还款会收取违约金的情况,0.8736256860865024
609,好人贷借款后能否修改贷款信息,0.8734411268981079
610,客户表示不满,0.8734314773328303
611,新网银行合作的存管平台有哪些,0.8734134822165082
612,如何进入个人中心,0.872991749153305
613,关于客户个人信息安全问题,0.8728151754228075
614,好人贷支持周末借款吗？,0.8725755555706248
615,实名认证审核时间,0.8720585596502676
616,新网银行APP下载,0.8719029366406772
617,人脸拍摄规范,0.8716570816248681
618,好人贷提前还款最低还多少,0.8713519582441556
619,好人贷电话回访时间,0.8712559182711714
620,客户发送截图以及个人信息等,0.8700861987970783
621,好人贷账户如何注销,0.8697683653879367
622,好人贷是邀请制吗,0.8677304762658468
623,手机获取验证码失败,0.8668313261451368
624,扣款失败的原因,0.8661583098054949
625,好人贷部分提前还款规则,0.8660899694589611
626,批扣时间段是多久,0.8658709081398247
627,怎样才能成功申请到额度,0.865705375754169
628,好人贷能否人工操作提额,0.8656627561666341
629,额度占用问题,0.8656091693469453
630,有多少人获得好人贷额度,0.8654682592664324
631,客户表示没有问题了,0.8653442511912438
632,好人贷如何申请,0.8652127559146705
633,如何办理对公业务,0.8648701285901651
634,好人贷利率是多少,0.8625955483035675
635,开户失败原因,0.8618274232196014
636,好人贷如何还款,0.8617384930730119
637,客户提出建议,0.8603158749013927
638,核身链接失效的原因,0.8599859521130564
639,好人贷还款后多久到账,0.8599421868211079
640,好人贷年化利率是多少,0.858884670395686
641,好人贷上征信吗,0.8585720811198898
642,好人贷支持随时借款吗,0.8577957245327885
643,好人贷审核时间是多久,0.8570080686862716
644,好人贷额度有效期是多久,0.8563527243354693
645,如何进入好人贷页面,0.8557465342887483
646,好人贷有额度后如何进行贷款,0.8549939477585684
647,好人贷贷款利息如何计算,0.8549068967162748
648,好人贷月利率是多少,0.8526963915951606
649,好事贷收取哪些费用,0.8519624062179314
650,平台方提供的客户审批资料能否提供给客户,0.8513585387583164
651,什么是登录密码,0.8504028875144586
652,新网银行业务办理时间,0.8491660819333735
653,好人贷申请能否撤销,0.8486679614743668
654,好人贷消费用途,0.8447463915585548
655,好人贷借款规则,0.8419652359027069
656,好人贷收取哪些费用,0.8413530844115686
657,查询各类工单办理进度,0.8404540630108664
658,好人贷支持扣款的银行有哪些,0.8403255654142575
659,好人贷额度是多少,0.8378159900590165
660,登录密码为何无法重置,0.8361287310285155
661,好人贷贷款期限是多久,0.8318254010514033
662,好人贷的办理时间,0.8313304098360726
663,如何删除身份证信息,0.8272166542224136
664,好人贷通过率多少,0.8237437150226056
665,身份证信息变更后如何更新,0.8167930442181158
666,好人贷提额周期是多久,0.8094242152179604
