0,你们客服电话是不还收费呢,1.0
1,京东存款如何修改注册手机号码,1.0
2,拨打我行人工客服电话是否收费,0.9635341100776699
3,审核电话可更改接听电话吗,0.961322606165781
4,未接到好人贷回访电话会被拒吗,0.9608284931622273
5,修改手机号码/微信号是否会影响自动扣款,0.9559641818012585
6,收款卡发卡行拒绝放款失败什么意思？,0.9558773124240586
7,新网银行人工客服电话打不通,0.9556832739334749
8,为何之前绑定的银行卡不支持扣款了,0.9552305321351447
9,好人贷注册手机号与银行卡预留手机号是否需要一致？,0.9521252688636407
10,好人卡绑定云闪付/微信等失败怎么办,0.9519554401808358
11,优信客服电话是多少,0.9518812065089682
12,新网银行发送的短信验证码的有效时长？,0.9516338594474794
13,在线咨询是否支持客户发送语音,0.9511254387953257
14,进入随心存为何提示手机号码不一致,0.9509622970256201
15,电话客服是否可以受理结清证明,0.9504250350475141
16,更换银行卡会影响自动扣款吗,0.9503973120027979
17,绑卡时页面上的银行卡预留手机号码可以修改吗,0.9501110208064764
18,未正常还款我行会进行催收吗,0.9495099039324588
19,什么是银行卡预留手机号？,0.948723714499811
20,为何收到新网银行还款短信,0.9481385602460607
21,为何收到新网银行逾期提醒短信,0.9480544291859969
22,手机号归属地与定位地不一致是否有影响,0.948034848480279
23,银行卡挂失会影响自动扣款吗,0.9478377090655816
24,为何提示支付平台该客户无默认扣款卡，交易没有发给统一支付,0.9474928008930391
25,为何征信上有新网银行上报的逾期,0.9474381115586411
26,绑定银行卡产生费用吗,0.9473385528910795
27,公众号是否有还款提示,0.9467278535554801
28,提前还款会影响个人征信吗,0.9466690716264115
29,结清贷款后征信上是否会显示结清,0.9465409800090248
30,接收短信的手机号是否为注册手机号,0.9465121747578369
31,滴水贷客服电话是多少,0.946474575861138
32,为何提示支付平台签约关系不存在,0.9463729211483041
33,为什么收到提额短信但额度未提升,0.946332151077332
34,通过本人微信找回密码是指什么,0.9462546922875016
35,无法提供消费凭证可以取消贷款吗,0.9462470187220706
36,在线客服是否是人工客服,0.946092892934308
37,平台还款信息为何与新网银行不一致,0.9458277599014675
38,车贷还款只扣除部分是什么原因,0.9453996378101307
39,借款成功会有短信等提醒吗,0.9453601037238563
40,客服能否查看聊天记录,0.9452535510387782
41,58车金融客服电话是多少,0.9449436387801379
42,借款合同是否有展示提前还款会收取违约金的情况,0.9448275681560281
43,企业邮箱为何验证不了,0.9447671873062394
44,扣款结果会有短信提示吗,0.944429875969608
45,新网二类户转入/转出有时间限制吗,0.9441649511858581
46,销户后为何还能解绑银行卡,0.9440900062381287
47,好人贷被拒后为何没有下次开放时间,0.9439138403056122
48,为什么拍照认证时总是不成功或显示系统崩溃,0.9438488593750268
49,为何提示支付平台受发卡行资金用途限制拒绝交易,0.9438389368597654
50,随心存可以在我行公众号查询/操作吗,0.9437363386975217
51,为何提示支付平台持卡人信息有误,0.9435798503636396
52,能否让客服回电,0.9435145714188566
53,好人贷申请成功会有短信通知吗,0.9435120234227632
54,为何提示支付平台暂不支持的银行或限额,0.9435018754920517
55,审核电话内容是什么,0.9434305626476979
56,白骑士认证失败是什么意思,0.9432831123852388
57,银行卡开通银联在线支付后是否可正常还款,0.9432709274777052
58,为什么提前还款显示联合贷批次执行中？,0.9430643314746646
59,线上开据证明为何和征信金额不符,0.9429589165799782
60,选择任何还款方式都可以提前还款吗,0.9428658823069337
61,好人贷只能通过绑定的银行卡还款吗,0.9428060377751816
62,为何存管信息与平台显示不一致,0.9427564388072149
63,借款到账后页面未更新借款状态,0.9420704033860816
64,好人贷审核不通过对个人有什么影响,0.942034028962771
65,非绑定银行卡可否与新网二类户转账,0.9419846187882258
66,为何提示支付平台发卡行拒绝,0.9419132989158837
67,新网银行人工客服电话是多少,0.9418167431981991
68,新网银行账户可以设置为好人贷借/还款账户吗,0.9418095838866648
69,征信报告是什么样的,0.9417898136660744
70,银行转账未到账怎么办,0.9417531146008767
71,为何销户后还能看到好人贷信息,0.9414853173686043
72,注册手机号及微信号需要实名制吗,0.9413641295451338
73,为什么点击拍照没有反应,0.9413595804810931
74,新网账户绑定微信/支付宝后支持提现或充值吗,0.9412896667353514
75,好人贷审核时是否给填写的联系人去电,0.9410347793446819
76,可以查询注册手机号码吗,0.9409918813508312
77,为何图文验证码输入正确却提示错误,0.9409201789340194
78,优信扣款成功后为何显示待还款,0.9407571857203032
79,为何提示支付平台渠道不支持的银行,0.9407101420687933
80,为何提示还款卡不存在,0.9405545474040939
81,系统升级会影响扣款吗,0.9399850652826487
82,是否可以取消自动扣款,0.9397703749922904
83,什么是无卡支付及免密支付,0.9396787598358033
84,为何好人贷还款时提示“交易处理中”,0.9395644565028554
85,咨询可以发送图片吗？,0.9395256997151296
86,我行放款的其他平台借款会上报征信吗,0.9393990383020457
87,补扣会影响信用吗,0.9393891329972061
88,有额度不使用有什么影响吗,0.939329610082634
89,下一次开放时间是什么意思,0.9393088970403348
90,视频认证录制失败的原因是什么,0.9392589974357405
91,公众号页面的“我的排号”是什么意思,0.9391775593436046
92,为何同时收到了还款成功和失败的短信,0.9390677678279113
93,再次申请好人贷会查询征信吗,0.9390116453958042
94,微信/支付宝等可否与新网银行账户互相绑定,0.9384611618860486
95,申请好人贷使用的邮箱是公司邮箱还是个人邮箱,0.9383127058531519
96,好人贷必须绑定银行卡使用吗,0.9383049315571117
97,企业邮箱验证码可否重新获取,0.9382490068342842
98,销户与否会产生什么影响,0.9382431881642751
99,存管查询为何提示用户不存在或者信息有误,0.9380695477135924
100,为何重置密码后仍提示密码错误,0.9378520684415759
101,好人贷为什么提示“账户存在异常操作”,0.9377987333114871
102,为何提示支付平台银行卡未开通银联无卡认证支付,0.9376818493320696
103,车贷能否绑定他人银行卡,0.9374531715516722
104,线上开据证明有次数限制吗,0.9374232317942323
105,实名认证是否查询征信,0.937350182280492
106,为什么取消了提前部分还款,0.93730438352244
107,新网二类户转入/转出收取手续费吗,0.9372196184039474
108,可以查询个人信息资料吗？,0.9370847974130508
109,随心存停售后有影响吗,0.937032509560493
110,为何提示交易密码验证失败,0.9370088084158775
111,转账到新网银行账户是否还款成功,0.9369330236196701
112,好人贷手动还款时为何提示批次执行中,0.9367879912733742
113,为什么好人贷第一期还款金额与之后不一致,0.9366731193150636
114,季得利提前支取影响已发放利息吗,0.9366147276804717
115,申请好人贷没有公司邮箱怎么办,0.936598830939366
116,修改手机号后是否需要重置登录密码,0.9365717612060872
117,为何提示支付平台支取金额超过可用余额,0.9365152523681676
118,还款银行卡是否需要开通银联在线支付业务,0.9364556461516451
119,平台方手机号变更导致我行无法直接开据结清证明问题,0.9364459111513896
120,为什么银行还款存在限额？,0.9364121984076086
121,销户后是否上征信,0.9364118017616155
122,注销注册用户后是否可恢复？,0.9363372454537173
123,新网银行能否绑定云闪付,0.93619437427194
124,购买存款页面为何提示“额度不足，无法购买”,0.935995680097601
125,新网二类户可以升级为一类户吗？,0.9358226990007147
126,还款日当天支持手动还款吗,0.9358027872631233
127,车贷可以修改还款日吗,0.9356545653857963
128,注册手机号更换成功后何时可以正常使用,0.935184332870074
129,银行卡是二类户影响扣款吗,0.9351686079799366
130,"好人贷有回访电话吗""",0.9351083510512194
131,转账时为何提示未面核,0.9350592902950899
132,提前还款有次数限制吗,0.9349322970558505
133,好人贷账户是否为新网银行二类户？,0.9348369926633919
134,新网银行有实体卡片吗,0.9347468851304982
135,为何提示支付平台其他错误,0.9346127780703616
136,申请诺诺发票贷需要什么条件,0.9346003191172287
137,更改银行卡预留手机号的方法,0.9342385796057022
138,为什么提示用户不存在,0.9341714842345143
139,存管密码被锁定怎么办,0.9339958282622082
140,还款金额超银行卡限额怎么办,0.9339406296700404
141,银行渠道维护无法操作怎么办,0.933916671406974
142,为何提示支付平台账户状态异常,0.9339010876587125
143,获取验证码次数超限怎么办,0.933625316397294
144,半年得利提前支取影响已发放利息吗,0.9335508801983873
145,为何存管查询提示没有密码,0.9335327264141122
146,自助提额什么时候上线,0.9334887054467073
147,提额会有通知吗,0.9334185244864099
148,还款日可以修改吗,0.9332283503030419
149,存在迁户问题怎么处理,0.9331759574541485
150,京东存款为什么显示当日额度为什么已售罄？,0.9330751304387364
151,为何提示支付平台账户余额不足,0.9330625387129023
152,客服能否看到客户申请好人贷的信息,0.9329874744409534
153,美团客服热线是多少,0.9328908412723178
154,当期账单支持再分期吗,0.9328388066350523
155,销户后可以再开户吗,0.9328165098838542
156,车贷支持手动还款吗,0.932690879417408
157,美利车联系电话,0.9326603028934493
158,为何征信上的放款日期与实际借款日期不一致,0.9326111941220601
159,新网银行二类户与好人贷是否为同一个手机号码,0.9325450479178201
160,为什么收到美利车金融的短信,0.9324131637673011
161,转入新网银行使用的密码是交易密码还是银行卡密码,0.9324085686766167
162,可以让别人代还款吗？,0.9323285103809488
163,客户咨询其他平台催收问题,0.9323004090382196
164,新网银行有信用卡吗,0.9322974874255106
165,查询车贷的注册手机号码是什么,0.9321903680619192
166,实际申请金额与放款金额不一致可否取消车贷,0.9318115433405714
167,京东存款是否支持提前支取/提前部分支取？,0.9317820948189377
168,手机号无法使用为什么,0.9316814992440025
169,为何提示支付平台当日交易次数超限,0.9315836774817967
170,为何征信上有新网银行的贷款审批记录,0.9315713224141572
171,客户表示没有问题了,0.9314362748854702
172,企业邮箱填写错误怎么办,0.9314102060280369
173,贷款证明的电子章是否具有法律效应,0.9311358339528175
174,实名认证失败的原因是什么,0.9310154779127132
175,车贷合同为何无法查看,0.9310010178122544
176,为何提示支付平台交易金额超限,0.9309826818588128
177,银行渠道维护是指什么,0.9308836854252963
178,可否取消银行卡限额,0.9308543988701373
179,验证码发送至什么手机号,0.930788828417691
180,为何还款后额度恢复减少了,0.9306126981421929
181,实名认证为什么不符,0.9306086313306745
182,操作好人贷是否需要开启定位,0.9305805422904002
183,为何提示缺少必要参数,0.930430355129445
184,为何征信上有新网上报的贷款记录,0.9302949195293957
185,绑定银行卡失败,0.9301300848895891
186,使用优惠券后提前还款利息如何计算,0.9300829585837136
187,线上转入新网银行账户到账时间是多久,0.9298459874296381
188,页面为何提示“开户失败”、“账户存在异常操作/账户异常”,0.9297961165515904
189,客服是否是随机分配,0.9297401947154466
190,为何提示不具备开具资格,0.9295643969696041
191,还款后为何未更新还款状态,0.9295378572177782
192,好人贷授信首页显示利率是否为固定利率,0.9295144842175946
193,微信号更换成功后何时可以正常使用,0.9294547238882969
194,车贷扣款支持的银行卡有哪些,0.9294361790777492
195,借款时选错收款账户怎么办？,0.9294081783456791
196,登录时的图文验证码是否区分大小写,0.9293408779199388
197,新网银行的官网地址是什么,0.929255437378435
198,新网二类户为何无法转入/转出,0.9292517744674703
199,支持绑定的银行卡类型有哪些,0.9292129427410196
200,如何修改实名认证手机号码,0.9291468059600637
201,页面为何无法打开,0.929134491009562
202,合同为何无法打开,0.9291224882530258
203,申请好人贷必须填写联系人信息吗,0.9290664129359877
204,新网账户之间能否互相转账,0.9290457027665121
205,新网银行以何名义查询征信,0.9289309725751997
206,平台方提供的客户审批资料能否提供给客户,0.9288843553209845
207,客户要求发送相关模板,0.9286155788347905
208,自动扣款失败怎么办,0.9285846192795943
209,挖财还款是否为新网银行代扣,0.9285027225435819
210,为何申请好人贷页面显示暂无资格,0.9283738874869008
211,节假日可以借/还款吗,0.9281623923633071
212,结清贷款后什么时候可以开据结清证明,0.928155387277958
213,好人贷有回访电话吗,0.9280093096595847
214,好人贷是否支持提前还当期账单,0.9279977259496032
215,新网银行公众号如何取消关注,0.9279217216446888
216,为何提示用户未实名认证,0.927898508097798
217,好人贷借款金额与到账金额是否一致,0.927758721723817
218,线上是否可开据征信版结清证明,0.9277456422905749
219,客户提到投诉,0.9276752048105716
220,提前还款手续费是多少,0.9276575258375739
221,额度冻结是什么意思？,0.9275477660134497
222,关闭其他平台额度后，能否恢复好人贷额度,0.9275050280134735
223,修改手机号码的处理时间是多久,0.9274516875077168
224,手机获取验证码失败,0.9273562004974171
225,如何修改存管账户预留手机号码,0.9272040220494936
226,结清证明会展示哪些信息,0.9271861995863906
227,输入身份证号码时，为何无法输入字母,0.9271215207889694
228,为何提示支付平台不允许持卡人进行的交易,0.9270969742031363
229,结清证明的发送方式有哪些,0.9269237550459786
230,如何查询是否开通银联在线支付,0.9269117506242186
231,能否开具非恶意逾期证明,0.9267859354007483
232,可以通过他人银行卡转入到新网银行账户吗,0.926758705137969
233,贷款证明开据失败怎么办,0.9263754552715644
234,企业邮箱格式是什么,0.9263138865869917
235,新网银行开户支持的证件有哪些,0.9262972032594634
236,线下转账如何填写新网银行开户信息,0.9261172855487924
237,开据证明为何显示没有符合要求的订单,0.9260882012523138
238,如何取消征信查询及使用授权书,0.9259851044547552
239,征信上显示的贷款金额是否包含利息,0.9258984076856461
240,新网银行扣款通道是什么,0.9258518595042913
241,新网银行视频认证的QQ号码是多少,0.9258168900501237
242,好人贷是否支持归还逾期部分账单,0.925624030541638
243,密码被锁定怎么办,0.9254064364356743
244,好人贷申请是否查询芝麻信用,0.9253654732305209
245,贷款结清之后能否删除贷款记录,0.9252068430291454
246,新办的手机号可以申请好人贷吗,0.9250963808784665
247,好人贷支持微信/支付宝扣款吗,0.9249977659756655
248,申请好人贷后为何页面显示仍可提交申请,0.924965939289303
249,人脸识别使用的是照片还是视频,0.924852513026081
250,提前支取有限制吗,0.9248235239873632
251,新网银行有招聘吗,0.9248161879602951
252,申请创客贷需要什么条件,0.9246167062530589
253,还款日当天是否自动扣款,0.9245905351252685
254,关于客户个人信息安全问题,0.9245049453430431
255,为何申请好人贷后显示未获取额度,0.9244195875203249
256,可否按照征信订单号开据证明,0.9243904655824049
257,系统繁忙是什么原因,0.9243565445785433
258,逾期后还款金额是否会增加,0.9242322200932853
259,新网银行账户的交易记录如何查看,0.9240012894851287
260,一个身份证可以申请好人贷两次吗？,0.9239765677527024
261,新网银行存款是否受保障,0.9239560946840061
262,银联在线支付是什么,0.9239452134253726
263,人工是否可操作扣款,0.9238739489234803
264,好人贷不借款会产生利息或费用吗,0.9236659645884372
265,好人贷只能使用微信登录吗？,0.9235575291753303
266,新网银行存款产品为何暂停交易,0.9233948853896629
267,为何人脸识别提示光线太足,0.9233687810102221
268,我行对客邮箱是多少,0.9231112781545282
269,可否补充企业邮箱,0.9229497803830997
270,结清证明印章无法查看,0.9228123300447468
271,选择任性还款/按期还款利息如何计算,0.9227606990609227
272,为何结清证明显示日期与平台不符,0.9226417398178015
273,如何查看手机号是否实名制,0.9226013376958905
274,可绑定银行卡数量上限,0.9223319809284908
275,开据证明时为何提示账户存在异常,0.922329439669407
276,新网银行三类户是什么,0.9220496693013152
277,能否删除个人信息,0.9218414098238783
278,节假日可以操作各类存款吗,0.9217235698771408
279,申请好人贷后有没有回复,0.9216815314336043
280,车贷合同里的金额是否包含利息,0.9216251133139447
281,申请好人贷需要下载APP吗？,0.9216230814120043
282,为何提示还款存在差错,0.9216207344330293
283,提前结清贷款后还会扣款吗,0.9213211711718824
284,哪些渠道可以购买京东存款产品？,0.9209777424442819
285,车贷申请多久可以放款,0.9209676525098962
286,为何页面出现多个新网银行账户,0.9206796269866044
287,上传身份证时需填写的内容是什么,0.9205801052520727
288,如何修改征信上的个人信息,0.9203162178193749
289,如何查询转账到新网银行的记录,0.9200079170951979
290,随心存产品停售原因,0.9198711241169437
291,联系新网银行客服有哪几种方式,0.9198055323843118
292,客户发送截图以及个人信息等,0.919800111558474
293,存款页面是否会显示每日收益,0.919698567222385
294,好人贷额度为什么变低了,0.91958464745276
295,结清证明是否是还款记录证明,0.9195241737596682
296,随心存操作渠道有哪些,0.919342494188432
297,结清证明的印章是否可以用公章,0.919127510070665
298,车贷如何修改注册手机号码,0.9190352924999835
299,好人贷申请是否可以使用临时身份证,0.9190116310621026
300,查询结清证明申请是否已提交,0.9189335148959932
301,如何更改其他平台的注册手机号码,0.9188402375934057
302,黑户/白户是否可以申请好人贷,0.9185632863279263
303,申请好人贷需要开个人账户吗？,0.9185543099136358
304,好人贷利率为什么调高了,0.9183938885442101
305,是否需要使用本人手机操作好人贷,0.9182957216101492
306,令牌无效是什么,0.9182599309383477
307,好人贷额度必须一次性借完吗,0.9180489954325332
308,如何解约快捷支付？,0.9180125584231617
309,消费凭证有效期是多久,0.9179803373124933
310,好人贷能否绑定他人银行卡,0.9179331230644786
311,新网银行自动扣款次数,0.9179180644402751
312,什么是单笔借据和多笔借据,0.917857745161417
313,新网二类户上的资金是否计息,0.9178495375311957
314,随心存支持提前支取吗,0.9178415716376094
315,客户称赞服务好,0.9178362892543053
316,银行卡还款限额是多少,0.9176967661138649
317,新网银行有企业贷款吗？,0.9176061088130908
318,还款后页面显示等待中,0.9175720388174885
319,新网银行有几个网点,0.9172117351199547
320,他行渠道汇入新网账户的到账时间是多久,0.9172075463603235
321,为何按期还款只能选择部分贷款期限,0.9171608348377089
322,申请好人贷有区域或者号段等限制吗,0.9171430347215459
323,页面为什么异常跳转,0.9169338104781732
324,名下所有卡被冻结后如何还款,0.9167554905709752
325,好人贷申请需要填写哪些个人信息,0.9166486046719617
326,开户是什么意思,0.9166389291775251
327,按期还款和任性还款的区别是什么,0.9166247368443663
328,新网银行存款属于理财产品吗,0.9165781901789054
329,好人贷借款超时未到账如何处理,0.9164707028043269
330,诺诺发票贷的利率是多少,0.9164015473170803
331,人脸识别失败怎么办,0.9163445368803104
332,逾期未还款如何处理,0.9161838933851479
333,为何无法提交好人贷申请资料,0.915690312210872
334,季得利的操作渠道有哪些,0.9156338562352255
335,好人贷借款时还会审核吗,0.9153442860087845
336,开据证明时为何需要实名认证,0.9153206225800165
337,是否会发生重复扣款情况,0.9153146444611486
338,个人可以在新网开立几个账户,0.915298266088323
339,新网银行以什么名义放款,0.9152638229120004
340,客户表示还款成功,0.9151152623346455
341,好人贷以什么贷款类型上报人行征信？,0.9150978112244381
342,申请好人贷需要什么条件,0.9150605175344761
343,好人贷提额会查询征信吗,0.9149981404062958
344,好人贷-云闪付如何更换收/还款银行卡,0.9147430997145317
345,好人贷支持在国外发起借款吗,0.9147172108516528
346,新网银行自动扣款时间,0.9145553501200666
347,新网银行二类户限额是多少,0.9143161271299339
348,逾期造成的影响是什么,0.9140982564413676
349,客户表示有合作意向,0.9139513932357449
350,活体检测失败怎么办,0.9136828947107546
351,新网银行人工客服服务时间,0.913624493569064
352,如何查询好人贷申请的授信结果,0.9133946343957657
353,客户表示不满,0.9133035640603736
354,如何退出微信公众号,0.912754719108983
355,好人贷申请是否支持人工受理,0.9125622103611818
356,新网银行账户可以在哪些地方使用,0.9125259547852994
357,征信上报周期及更新时间,0.9125057872013282
358,客户催促需要加急办理,0.9122851592575932
359,交易密码无法设置,0.9122112707879492
360,罚息能否减免,0.9121946793597233
361,视频认证的步骤是什么,0.9121195208796964
362,如何查询其他平台扣款银行卡,0.9120267679208336
363,好人贷需要面签吗,0.9119513007367933
364,在哪个平台操作提现,0.9118345566496809
365,获取额度后多久可发起借款,0.9114695276456293
366,如何选择按期还款/任性还款,0.9112690610456164
367,定期存款操作的渠道有哪些,0.9110144706857692
368,好人贷可以重新申请吗,0.9107689338972274
369,好人贷如何查看所支持的还款方式,0.9106700538569341
370,核身链接失效的原因,0.9104010876035658
371,如何确保还款日当天会扣款成功,0.9103435929414654
372,新网银行存款类产品有哪些,0.9103227604289623
373,好人贷申请必须使用身份证原件吗,0.9102311570078162
374,申请好人贷需要公积金、社保吗？,0.9101535876387303
375,如何查看随心存购买情况,0.9100091416796986
376,如何查看好人贷相关协议/合同？,0.9099852684058668
377,如何修改新网随心存注册号码,0.9098336431088445
378,退汇是什么意思,0.9098005348501321
379,新网银行是否上市,0.909757660567077
380,迁户是什么意思,0.9096842860959877
381,申请好人贷后，可否更改授信结果,0.909588418211458
382,存款需要先开立银行账户吗,0.9095679329299869
383,随心存T+1是什么,0.90946194482202
384,如何获取线上核身链接,0.9092864566123118
385,存管提现到账时间是多久,0.9091771989346557
386,如何查看银行卡管理列表,0.9090814276858803
387,好人贷借款合同有效期是多久,0.9090249567141415
388,好人贷审核电话是多少,0.9090022648133049
389,为何提示系统异常,0.9089729792284656
390,我们是四川新网银行吗,0.9088872668299357
391,如何查询账户是否冻结,0.908860381078644
392,可以重新注册吗,0.9087612584967457
393,车辆信息如何查询,0.9086388646074365
394,可以咨询吗,0.9085817414865666
395,注销账户的处理时间,0.9085682422570824
396,手持身份证拍照的注意事项,0.9084682033969773
397,随心存利率为何会发生变化,0.9084036636255676
398,随心存到期后何时到账,0.9083104936887035
399,新网银行有哪些活动,0.9081809738842335
400,身份证过期可以申请好人贷吗,0.90809851885125
401,存款产品的资金可以用于好人贷还款吗,0.907951564011701
402,房产保证金是什么,0.9078567344648085
403,他人可以使用本人信息申请好人贷吗,0.907824549835986
404,如何查询申请相关的协议书,0.9078199967660212
405,新网银行账户是什么,0.9077949772919095
406,新网银行有哪些产品可以提额,0.9076148264370653
407,目前支持的银行有哪些,0.907345098878133
408,如何查询征信报告,0.9072590474002945
409,随心存如何修改交易密码,0.9070356026740781
410,如何查看委托支付协议,0.9069933373526767
411,存管账户充值限额,0.9068110594674198
412,如何关注新网银行公众号,0.9067019132626227
413,开户失败原因,0.9066158700301598
414,开具结清证明时为何无法登录,0.9064906958806834
415,如何查询合作平台贷款是否结清,0.9062945450162356
416,转账到新网银行如何操作,0.906248610905353
417,随心存提前支取到账时间,0.9060300326047181
418,如何设置存管支付密码,0.9058379096929233
419,新网诺诺发票贷如何申请,0.9057384983581679
420,新网银行地址在哪里,0.9056729921659983
421,好人贷账户如何更换手机号码,0.9053657306523635
422,车贷如何解绑银行卡,0.9052861979495882
423,好人贷注册手机号无法使用,0.9052011227861998
424,居住信息如何填写,0.9049847448830224
425,车贷收取哪些费用,0.9047181900968785
426,关于消费凭证,0.9043763432487458
427,为何申请好人贷无结果,0.9043075532526762
428,新网银行合作的存管平台有哪些,0.9041586481470472
429,银行渠道维护时间一般是多久,0.9041537259657643
430,为何无法登录存管查询,0.9040673940031713
431,提前支取时为何显示存入,0.903867045400922
432,车贷如何更换还款银行卡,0.9036484934889454
433,好人贷电话回访时间,0.9036390092873658
434,如何把注册用户与结算用户都注销,0.9030283702948099
435,申请好人贷工作信息如何填写,0.9029873515475009
436,申请被拒怎么办,0.9028320981810654
437,借款后如何判定下次还款日期,0.9027186429674904
438,为什么无法注册,0.9023496456932008
439,好人贷额度是否循环使用,0.9022604170435252
440,忘记密码怎么办,0.9021721768681985
441,好人贷为何无法还款,0.9018234135965111
442,好人贷额度是否会发生变化,0.9017982466823921
443,存款产品如何重置交易密码,0.9011508206380727
444,银联在线支付如何开通,0.9009985609626787
445,新网银行二类户如何转入/转出,0.9004764334229345
446,为什么没有扣款,0.9004390626675909
447,京东存款的计息规则及计息公式,0.9004372067411336
448,如何查看优惠券的使用情况,0.9004344557904755
449,好人贷还款后额度何时恢复,0.9000543735452352
450,五年定期存款支持提前支取吗,0.9000263831852467
451,存管查询的余额如何提现,0.9000223211161081
452,什么是风控审核中,0.8999280146837524
453,借款失败怎么办,0.8998819566126277
454,存款产品是否保本保息,0.8997987859664459
455,如何更换微信号,0.8995566677456694
456,如何查看开户结果,0.899463337951329
457,申请好人贷是否都有额度,0.8991680275786826
458,什么是我的额度和可借额度,0.8990908014755431
459,新网银行合作平台有哪些,0.8989675126160134
460,为何提示该证件已被使用,0.898902420232601
461,新网银行的活期利率是多少,0.8988708299493626
462,如何查询当期车贷还款金额,0.8987682362867734
463,随心存如何查看收益情况,0.8987612317738508
464,如何查询是否已申请好人贷,0.8987215837591387
465,定期存款是否有存单,0.8986286840783498
466,可否对公还款,0.8984033339740272
467,如何降低/关闭额度,0.8980513966568288
468,什么是综合评估,0.8978377417603988
469,如何更换借款收款银行卡,0.8975245142196255
470,存款产品是否存满五年才能支取,0.8967642210566892
471,扣款失败的原因,0.8967440164716715
472,好人贷支持随借随还吗,0.8966638196462883
473,客户表示稍等,0.8966106429358202
474,如何激活新网二类户,0.8962370772010672
475,好人贷与其他平台类似产品的区别是什么,0.8961765608599322
476,如何更换好人贷默认还款账户,0.8961462535060345
477,身份证更换期间会影响好人贷贷款吗,0.8955954616043661
478,为何无法销户,0.8952891263753069
479,如何通过线下方式转入新网二类户,0.8949937194890183
480,如何绑定银行卡,0.894811914311814
481,月得利提前支取如何计息,0.8946429830563043
482,好人贷为什么无法借款,0.8946269342124338
483,为何无法申请好人贷,0.8945598589984355
484,实名认证审核时间,0.8942057438697986
485,车贷如何办理解押手续,0.8941426543240123
486,好人贷为什么无法登录,0.8938909861526422
487,如何知晓已注销成功,0.8936257293683325
488,周得利提前支取如何计息,0.8933613176175504
489,结清证明开据时间是多久,0.8931230056696007
490,好人贷为什么额度低,0.892735501155577
491,车贷还款记录如何查询,0.8922478185740176
492,如何换绑银行卡,0.8921760702902779
493,注册规则是什么,0.8921724123495368
494,好人贷定位如何开启,0.8915190674353708
495,如何解绑银行卡,0.8913225730174098
496,随心存是什么,0.8906448114907259
497,什么情况算违约,0.8905201918206179
498,可否延期还款,0.8903381420110096
499,好人贷是否支持提前还款,0.890242306511817
500,存款产品如何修改手机号,0.8902048675964598
501,客户表示需要考虑,0.8901435933788576
502,自动扣款时间段是多久,0.8900689048386901
503,创客贷额度是多少,0.8894019263021874
504,好人贷-云闪付如何提前还款,0.8892708442261139
505,如何购买新网银行存款产品,0.8889197115038842
506,如何查询存管账户流水,0.8888000859785415
507,好人贷申请的渠道有哪些,0.8886452659938048
508,什么是活体检测,0.8884569824379192
509,好人贷申请身份证可否添加水印,0.8882873596256178
510,怎样才能成功申请到额度,0.8881564929193734
511,按期还款是什么,0.8878928779769818
512,客户表示知道了,0.8877406758165677
513,新网银行如何联系客户,0.8875722129628617
514,如何操作随心存大额存款,0.8875587266419227
515,如何获得优惠券,0.8868964806085405
516,周得利计息规则,0.8867697544301436
517,好人贷-云闪付是什么,0.8864578075261899
518,车贷合同如何查看,0.8861787922918861
519,好人贷利率为什么高,0.8860704072085969
520,好人贷还款方式有哪些,0.8850128741940583
521,新网银行行号是多少,0.8848951399798453
522,车贷利息是多少,0.8846261584461147
523,什么是分批次扣款,0.8845638413674577
524,自动扣款如何操作,0.884226953294716
525,随心存利率是多少,0.8841545258760966
526,好人贷借款如何上报征信,0.8840520229397275
527,还款记录如何查看,0.8840329174417549
528,好人贷借款后能否修改贷款信息,0.8837002137870446
529,好人贷支持周末借款吗？,0.8834258603232223
530,好人贷额度他人能否使用,0.8831429156615168
531,如何冻结新网银行账户,0.8826772411476637
532,五年定期存款是什么,0.8824881878429384
533,随心存存款期限有哪些,0.8824494105029945
534,好人贷交易密码如何设置,0.8820475645868249
535,如何注销公众号,0.881582153986454
536,如何查询车贷还款日,0.8813463620531111
537,征信是什么,0.8810138713115576
538,经侦是指什么,0.8807746013635634
539,开通什么业务,0.880686430773767
540,额度占用问题,0.8801897230328154
541,额度冻结怎么办,0.8801392783637395
542,申请好人贷需要哪些资料,0.8800990147505986
543,如何录制活体检测,0.8800519885399467
544,存款产品支取通用路径,0.8800141499065408
545,身份证上传失败怎么办,0.8793673730890668
546,五年定期存款的利率是多少,0.8785327042095595
547,如何查询新网账户,0.8775003767343793
548,合作平台如何取消贷款,0.8771762098400565
549,新网银行好事贷如何申请,0.8768018469827982
550,如何办理好人卡？,0.8767349996468887
551,电脑端可以登录好人贷吗,0.8765462569551404
552,如何签署借款合同,0.8755219378627774
553,车贷如何提前还款,0.875465275274988
554,如何查询好人贷借据收款银行卡,0.8751715453980891
555,工新借是什么,0.8748483817023341
556,车贷平台如何查询,0.8747143699548657
557,定期存款的利率是多少,0.8747128610233641
558,如何查看好人贷还款计划,0.8746517565036562
559,好人贷当期能否最低还款,0.8743711736651735
560,如何登录微信公众号,0.8742924923374781
561,各还款方式如何进行还款,0.874269233570115
562,好人贷提前还款最低还多少,0.8740072079748813
563,好人贷还款记录如何查询,0.8737305401689821
564,如何邀请好友申请好人贷,0.8734032169284672
565,如何增加银行卡,0.8731059500360958
566,如何注销新网注册用户,0.8730689585705277
567,什么情况算逾期,0.8729312359757565
568,什么是当期账单,0.8727463448945317
569,好人贷申请能否撤销,0.8717508961165888
570,批扣时间段是多久,0.8712802491486662
571,新网银行业务办理时间,0.8705464768580905
572,好人贷审核时间是多久,0.8705235588617867
573,公众号如何注册,0.8695604826313792
574,如何查询还款日,0.8688528858747692
575,季得利是什么,0.8681026682924975
576,好人贷是否有临时额度,0.868062130494722
577,客户提出建议,0.8670537536563134
578,存管是什么,0.8666441415614994
579,查询各类工单办理进度,0.8665723468845334
580,如何注销新网二类户,0.8663689144191555
581,随心存存入限额,0.8662037727374728
582,人脸拍摄规范,0.8660472888959467
583,车贷逾期如何还款,0.8654850028431263
584,罚息介绍,0.8654311939493206
585,新网银行简介,0.8652414912674337
586,能否人工开据贷款证明,0.8648634271383325
587,什么是还款日,0.8642596095567905
588,好人贷个人资料如何修改,0.8636969998873901
589,好人贷自动扣款规则,0.863511500567037
590,有多少人获得好人贷额度,0.862958664167188
591,如何在新网银行开户,0.8627943196790873
592,好人贷借款记录如何查询,0.8627667466825798
593,存管账户如何查询,0.862613290043349
594,新网有哪些产品,0.861646652667995
595,新网银行APP下载,0.861406398261081
596,好人贷账户如何挂失,0.8608946215576125
597,车贷如何还款？,0.8604995470988571
598,好人贷是邀请制吗,0.8603446247677676
599,任性还款是什么,0.8602010134150305
600,好人贷如何提前还款,0.859899030758734
601,什么是注册号码？,0.8596821005303388
602,好人贷支持随时借款吗,0.858245833436422
603,好人贷如何实名认证,0.8576311869302351
604,合作平台如何还款,0.8561660483769034
605,好人贷如何主动还款,0.8556554087929431
606,存管账户如何注销,0.8554661410028861
607,抵押类贷款如何办理,0.8553966082356161
608,其他贷款怎么办理,0.8551972434857403
609,什么是一、二、三类户,0.8550575107046031
610,如何开立存管账户,0.8550006084111611
611,好人贷扣款账户如何查看,0.8549054995463584
612,好人贷部分提前还款规则,0.8532417258994851
613,存款利率是多少,0.8527626761699125
614,好事贷收取哪些费用,0.8524726274320678
615,好人贷能否人工操作提额,0.8515635404149574
616,怎样用其他手机登录好人贷,0.8496192789191928
617,好人贷借款多久到账,0.8495617174389019
618,好人贷放款至什么账户,0.8479403031198073
619,好人贷如何降低利率,0.8478087517850732
620,如何办理对公业务,0.8472042006004876
621,如何查看贷款合同,0.8470473127217581
622,密码如何修改,0.8469847787293164
623,工新借如何申请,0.8457645253948493
624,好人贷账户如何查询,0.8447083109982044
625,什么平台的贷款,0.8439875506228518
626,好人贷还款后多久到账,0.8421802307907772
627,好人贷如何自助提额,0.8412796857762719
628,好人贷支持扣款的银行有哪些,0.841028248228403
629,好人贷额度有效期是多久,0.8410000482767145
630,好人贷的办理时间,0.8405813112768663
631,车贷如何申请,0.8383415273214622
632,好人贷如何试算利息,0.8382599739317306
633,好人贷是什么,0.8373011090460472
634,好人贷月利率是多少,0.8371612757548171
635,定期存款到期如何支取,0.8368328912652372
636,好人贷利率是多少,0.8359027932037301
637,好人贷如何提高额度,0.8351842411646031
638,季得利如何支取,0.835171776704792
639,如何进入个人中心,0.834749479922396
640,随心存如何计息,0.8343470296566343
641,好人贷如何审核,0.8340093957789634
642,好人贷收取哪些费用,0.8338509888260911
643,如何开据存款证明,0.8318554312944237
644,好人贷上征信吗,0.8317880807273659
645,好人贷年化利率是多少,0.830973882218694
646,优惠券如何使用,0.8306655879873142
647,季得利如何计息,0.8285742864025173
648,贷款证明如何开据,0.8271091808657176
649,好人贷贷款利息如何计算,0.8250222540024758
650,好人贷账户如何注销,0.8249505660064457
651,如何进入好人贷页面,0.8241786563697961
652,随心存如何登录,0.824117017072185
653,登录密码为何无法重置,0.8231064000812198
654,好事贷如何还款,0.822511253004722
655,好人贷有额度后如何进行贷款,0.8195235171409774
656,好人贷消费用途,0.8190422842521502
657,好人贷如何申请,0.8169270926740559
658,如何删除身份证信息,0.8150323974458797
659,好人贷贷款期限是多久,0.8125709487240399
660,好人贷额度是多少,0.8063985615838473
661,好人贷借款规则,0.8018878637212915
662,什么是登录密码,0.8014359242414283
663,身份证信息变更后如何更新,0.8000302277822456
664,好人贷提额周期是多久,0.7985954947784207
665,好人贷通过率多少,0.7961904666719022
666,好人贷如何还款,0.7929693686962842
