0,打电话不要钱吗,1.0
1,审核电话可更改接听电话吗,0.9550907686607037
2,未接到好人贷回访电话会被拒吗,0.9501687755631818
3,新网银行人工客服电话打不通,0.9478704969193774
4,拨打我行人工客服电话是否收费,0.9468259912389926
5,为何之前绑定的银行卡不支持扣款了,0.9444650216258434
6,优信客服电话是多少,0.9436107284608108
7,好人卡绑定云闪付/微信等失败怎么办,0.9426067930696569
8,修改手机号码/微信号是否会影响自动扣款,0.9419683543352896
9,滴水贷客服电话是多少,0.9403665164878565
10,什么是银行卡预留手机号？,0.940082150856919
11,58车金融客服电话是多少,0.9400297577423246
12,接收短信的手机号是否为注册手机号,0.9395527771918034
13,好人贷注册手机号与银行卡预留手机号是否需要一致？,0.9392036847088217
14,通过本人微信找回密码是指什么,0.9385065391440783
15,注册手机号及微信号需要实名制吗,0.9384976944673711
16,可以查询注册手机号码吗,0.9381405336641504
17,绑定银行卡产生费用吗,0.9373878334730039
18,进入随心存为何提示手机号码不一致,0.9373734585216735
19,更换银行卡会影响自动扣款吗,0.936890543850086
20,企业邮箱为何验证不了,0.9368648860626602
21,银行转账未到账怎么办,0.9362159935921136
22,绑卡时页面上的银行卡预留手机号码可以修改吗,0.9360557201058581
23,银行卡挂失会影响自动扣款吗,0.9357906084878099
24,审核电话内容是什么,0.935762458205875
25,销户后为何还能解绑银行卡,0.9350959222098677
26,好人贷必须绑定银行卡使用吗,0.9350381127176863
27,在线咨询是否支持客户发送语音,0.9349690745939861
28,收款卡发卡行拒绝放款失败什么意思？,0.9341117870258374
29,补扣会影响信用吗,0.9340594185322795
30,新网银行发送的短信验证码的有效时长？,0.9336780416882275
31,为什么点击拍照没有反应,0.9331465751949719
32,页面为何无法打开,0.9331248737692963
33,提前还款会影响个人征信吗,0.9330061139050588
34,美利车联系电话,0.9329663307625156
35,无法提供消费凭证可以取消贷款吗,0.9320202429305946
36,为何收到新网银行逾期提醒短信,0.9319604346142601
37,新网账户绑定微信/支付宝后支持提现或充值吗,0.9319471014778631
38,申请好人贷没有公司邮箱怎么办,0.9318960064895667
39,借款成功会有短信等提醒吗,0.9318231415155368
40,为何收到新网银行还款短信,0.9317799500132303
41,新网银行有实体卡片吗,0.9315647057697864
42,扣款结果会有短信提示吗,0.9315193087008014
43,"好人贷有回访电话吗""",0.9314978324851182
44,有额度不使用有什么影响吗,0.9310687571918494
45,为何提示缺少必要参数,0.9306264760023457
46,为何提示支付平台持卡人信息有误,0.9303694748156957
47,为何销户后还能看到好人贷信息,0.9303098225590474
48,新网银行人工客服电话是多少,0.9300848890078159
49,为什么收到提额短信但额度未提升,0.9297853451505552
50,为何征信上有新网银行上报的逾期,0.9297060744281419
51,好人贷被拒后为何没有下次开放时间,0.9295914056433413
52,存管密码被锁定怎么办,0.9294375706687386
53,为何提示支付平台签约关系不存在,0.9292115095241985
54,好人贷只能通过绑定的银行卡还款吗,0.9290394778281799
55,销户后是否上征信,0.9288962037583955
56,系统升级会影响扣款吗,0.9287399930654988
57,为何提示支付平台发卡行拒绝,0.9287190780118266
58,合同为何无法打开,0.9287001047993438
59,销户后可以再开户吗,0.928694482901261
60,申请诺诺发票贷需要什么条件,0.928641046606327
61,结清贷款后征信上是否会显示结清,0.9285564279621743
62,可以查询个人信息资料吗？,0.9284693393111367
63,新网银行有信用卡吗,0.9284451431368099
64,银行卡开通银联在线支付后是否可正常还款,0.9283791392188002
65,能否让客服回电,0.9283590760812239
66,什么是无卡支付及免密支付,0.9281902646745064
67,好人贷申请成功会有短信通知吗,0.9280814246332518
68,线上开据证明为何和征信金额不符,0.9280713554988704
69,是否可以取消自动扣款,0.9280451715845235
70,好人贷有回访电话吗,0.9279826919907909
71,为何重置密码后仍提示密码错误,0.9279501908044299
72,为何提示支付平台银行卡未开通银联无卡认证支付,0.9278938269529616
73,咨询可以发送图片吗？,0.9277859953338262
74,电话客服是否可以受理结清证明,0.927779604080863
75,提额会有通知吗,0.927638799136709
76,新网银行能否绑定云闪付,0.9276088800727669
77,车贷支持手动还款吗,0.9271767588720607
78,为何提示支付平台该客户无默认扣款卡，交易没有发给统一支付,0.9270782440860159
79,绑定银行卡失败,0.9270509780649188
80,客服能否查看聊天记录,0.9269257382906667
81,公众号是否有还款提示,0.9268110388315152
82,修改手机号后是否需要重置登录密码,0.9266165991375751
83,再次申请好人贷会查询征信吗,0.9265078920983315
84,为何提示还款卡不存在,0.9264969924821856
85,企业邮箱验证码可否重新获取,0.9264713471648525
86,为何提示交易密码验证失败,0.926427645776445
87,实名认证是否查询征信,0.9263941623912816
88,申请好人贷必须填写联系人信息吗,0.9263728837884109
89,新网二类户转入/转出有时间限制吗,0.9262833001866739
90,未正常还款我行会进行催收吗,0.926277075621376
91,为何存管查询提示没有密码,0.9260712551075861
92,转账时为何提示未面核,0.9257885691370076
93,车贷还款只扣除部分是什么原因,0.9257685255026563
94,选择任何还款方式都可以提前还款吗,0.925751370698058
95,征信报告是什么样的,0.9256628870970464
96,好人贷审核时是否给填写的联系人去电,0.9256501392219191
97,手机获取验证码失败,0.9255441924079741
98,为何图文验证码输入正确却提示错误,0.9253758720925154
99,优信扣款成功后为何显示待还款,0.9253565828776947
100,非绑定银行卡可否与新网二类户转账,0.9253506005693258
101,操作好人贷是否需要开启定位,0.9252687034876121
102,为何提示支付平台受发卡行资金用途限制拒绝交易,0.9251623913554136
103,查询车贷的注册手机号码是什么,0.9247731288975108
104,线上开据证明有次数限制吗,0.9246045695766409
105,注销注册用户后是否可恢复？,0.9245307364389039
106,随心存停售后有影响吗,0.9245096761996908
107,为何存管信息与平台显示不一致,0.9243700090907889
108,自助提额什么时候上线,0.924280151518418
109,银行渠道维护无法操作怎么办,0.9242103855441812
110,好人贷支持微信/支付宝扣款吗,0.9241753022646495
111,还款银行卡是否需要开通银联在线支付业务,0.9240776571446592
112,平台还款信息为何与新网银行不一致,0.9238661932210868
113,如何修改实名认证手机号码,0.9237592670964315
114,手机号归属地与定位地不一致是否有影响,0.9236619025044416
115,密码被锁定怎么办,0.9235068935947562
116,企业邮箱填写错误怎么办,0.9233243805249174
117,车贷能否绑定他人银行卡,0.9232568081161117
118,可以让别人代还款吗？,0.9231646594491028
119,获取验证码次数超限怎么办,0.9231322808090813
120,美团客服热线是多少,0.9231270984041829
121,为什么取消了提前部分还款,0.9230204187105084
122,验证码发送至什么手机号,0.9229836502979011
123,在线客服是否是人工客服,0.9229712086177215
124,为何提示不具备开具资格,0.9228501256705743
125,为何提示支付平台渠道不支持的银行,0.9227515387941774
126,手机号无法使用为什么,0.9227126355225727
127,提前还款有次数限制吗,0.9223691949308286
128,下一次开放时间是什么意思,0.922272064488015
129,为什么拍照认证时总是不成功或显示系统崩溃,0.9222630224842101
130,还款日当天支持手动还款吗,0.9221686271664399
131,为何好人贷还款时提示“交易处理中”,0.9220453191130819
132,新网银行账户可以设置为好人贷借/还款账户吗,0.9218978378633689
133,随心存可以在我行公众号查询/操作吗,0.9218570702369754
134,为何提示支付平台暂不支持的银行或限额,0.9218559450303213
135,输入身份证号码时，为何无法输入字母,0.9218394608883924
136,申请好人贷使用的邮箱是公司邮箱还是个人邮箱,0.9215980921863616
137,新网银行有招聘吗,0.9214069498085049
138,微信/支付宝等可否与新网银行账户互相绑定,0.921339446580382
139,当期账单支持再分期吗,0.921220589714117
140,还款金额超银行卡限额怎么办,0.9211418629780642
141,提前支取有限制吗,0.9211312849012194
142,自动扣款失败怎么办,0.9209824349422564
143,为什么好人贷第一期还款金额与之后不一致,0.9208367112177137
144,可否取消银行卡限额,0.9206333977891661
145,借款到账后页面未更新借款状态,0.9204221851439027
146,公众号页面的“我的排号”是什么意思,0.9203345265907483
147,为何提示支付平台支取金额超过可用余额,0.9202894987449439
148,白骑士认证失败是什么意思,0.9198412589708456
149,我行放款的其他平台借款会上报征信吗,0.9197357336796781
150,购买存款页面为何提示“额度不足，无法购买”,0.9197065760874531
151,为什么收到美利车金融的短信,0.9197034452276842
152,申请好人贷需要下载APP吗？,0.9196852305509192
153,季得利提前支取影响已发放利息吗,0.9196716470991638
154,更改银行卡预留手机号的方法,0.9196689853646631
155,银行卡是二类户影响扣款吗,0.919611486786236
156,好人贷审核不通过对个人有什么影响,0.9195459982360804
157,银联在线支付是什么,0.9194922730976327
158,支持绑定的银行卡类型有哪些,0.9194813961772914
159,客户要求发送相关模板,0.9194465486151345
160,申请创客贷需要什么条件,0.9193756348064018
161,为什么提示用户不存在,0.9191315067533216
162,银行渠道维护是指什么,0.9190692701180105
163,车贷合同为何无法查看,0.9188924862624943
164,销户与否会产生什么影响,0.9187024015525052
165,为什么提前还款显示联合贷批次执行中？,0.9186734182355296
166,视频认证录制失败的原因是什么,0.918624496918148
167,实名认证为什么不符,0.91853746456426
168,企业邮箱格式是什么,0.918449464563032
169,车贷扣款支持的银行卡有哪些,0.9181734282106607
170,为什么银行还款存在限额？,0.9181489211910296
171,好人贷需要面签吗,0.9180428670526186
172,转入新网银行使用的密码是交易密码还是银行卡密码,0.9179762286268071
173,为何人脸识别提示光线太足,0.9179061835221504
174,车贷可以修改还款日吗,0.9177902701245151
175,为何提示用户未实名认证,0.917779663458084
176,借款合同是否有展示提前还款会收取违约金的情况,0.9175442983694724
177,新网银行二类户与好人贷是否为同一个手机号码,0.9174299997945802
178,存管查询为何提示用户不存在或者信息有误,0.9174220486032132
179,为何提示支付平台交易金额超限,0.917414052843174
180,新网银行视频认证的QQ号码是多少,0.9172652572171888
181,半年得利提前支取影响已发放利息吗,0.9172489329712838
182,存在迁户问题怎么处理,0.9171355989426531
183,为何提示支付平台其他错误,0.9171195389555244
184,如何查询是否开通银联在线支付,0.9171107805324245
185,新网银行的官网地址是什么,0.9170440695361314
186,新网二类户可以升级为一类户吗？,0.9169621788147038
187,新网银行公众号如何取消关注,0.9168569860840445
188,我行对客邮箱是多少,0.9167366628113933
189,为何同时收到了还款成功和失败的短信,0.916456761894641
190,新网二类户转入/转出收取手续费吗,0.9163993669786152
191,好人贷账户是否为新网银行二类户？,0.91623359495052
192,好人贷手动还款时为何提示批次执行中,0.9161664390747882
193,京东存款是否支持提前支取/提前部分支取？,0.91583219021429
194,还款日可以修改吗,0.9157809606938313
195,能否删除个人信息,0.9154565300728553
196,新网银行扣款通道是什么,0.9154357090036731
197,新网银行以何名义查询征信,0.9153316082976573
198,人脸识别失败怎么办,0.9150485697127695
199,关于客户个人信息安全问题,0.9150453231194512
200,挖财还款是否为新网银行代扣,0.9150048724913871
201,新办的手机号可以申请好人贷吗,0.914984163762682
202,线下转账如何填写新网银行开户信息,0.9147778415060863
203,为何提示支付平台账户余额不足,0.9146429262753688
204,可否补充企业邮箱,0.9144339669411503
205,平台方手机号变更导致我行无法直接开据结清证明问题,0.9143049528843555
206,借款时选错收款账户怎么办？,0.9142288478632149
207,结清证明的发送方式有哪些,0.9141477870030413
208,为何提示支付平台账户状态异常,0.914089799435123
209,交易密码无法设置,0.9140596899751136
210,为何提示支付平台当日交易次数超限,0.9138979726631883
211,如何修改存管账户预留手机号码,0.9137914082142912
212,新网二类户为何无法转入/转出,0.9137758489420661
213,客服能否看到客户申请好人贷的信息,0.9136159252846704
214,提前结清贷款后还会扣款吗,0.9135120690709848
215,提前还款手续费是多少,0.9133276172936068
216,贷款证明开据失败怎么办,0.9133046373847963
217,登录时的图文验证码是否区分大小写,0.9132446223421011
218,车贷如何修改注册手机号码,0.9131443446459715
219,好人贷为什么提示“账户存在异常操作”,0.9129940537849376
220,可否按照征信订单号开据证明,0.9129932769673031
221,节假日可以借/还款吗,0.9129761818026251
222,为何征信上有新网上报的贷款记录,0.912975131475357
223,人脸识别使用的是照片还是视频,0.9129279398278172
224,修改手机号码的处理时间是多久,0.9128114950134565
225,好人贷只能使用微信登录吗？,0.9127062162756028
226,转账到新网银行账户是否还款成功,0.9126568753232577
227,贷款证明的电子章是否具有法律效应,0.912624083009937
228,结清证明会展示哪些信息,0.9125572108243067
229,实名认证失败的原因是什么,0.9124693338702635
230,可绑定银行卡数量上限,0.9123886366692282
231,额度冻结是什么意思？,0.9123762604360312
232,申请好人贷需要什么条件,0.9123294628635559
233,新网银行有几个网点,0.9120693466693032
234,好人贷额度必须一次性借完吗,0.9120188059501649
235,好人贷是否支持提前还当期账单,0.9119419019244814
236,人工是否可操作扣款,0.9119289799244321
237,结清证明印章无法查看,0.91186644629099
238,新网银行开户支持的证件有哪些,0.9118099186892749
239,线上是否可开据征信版结清证明,0.9116705726255286
240,随心存支持提前支取吗,0.9116683518440686
241,京东存款为什么显示当日额度为什么已售罄？,0.9116386489990959
242,为何申请好人贷页面显示暂无资格,0.9115512622062611
243,为何申请好人贷后显示未获取额度,0.9115427577140897
244,开据证明时为何需要实名认证,0.9113050919889174
245,申请好人贷需要开个人账户吗？,0.9112081849548046
246,开据证明为何显示没有符合要求的订单,0.9111608406345723
247,使用优惠券后提前还款利息如何计算,0.9111595571436338
248,如何查看手机号是否实名制,0.9110526019022634
249,注册手机号更换成功后何时可以正常使用,0.9109375434870874
250,如何修改征信上的个人信息,0.910911505948935
251,新网银行有企业贷款吗？,0.9106963934868748
252,客户表示没有问题了,0.9106829166221673
253,好人贷申请需要填写哪些个人信息,0.9106089251915562
254,为何还款后额度恢复减少了,0.9105210393441089
255,如何取消征信查询及使用授权书,0.910435918332913
256,如何解约快捷支付？,0.9104162343338098
257,还款日当天是否自动扣款,0.9104144095615889
258,为何征信上有新网银行的贷款审批记录,0.9102404628076756
259,好人贷授信首页显示利率是否为固定利率,0.9101492157326524
260,线上转入新网银行账户到账时间是多久,0.9100685298500368
261,好人贷申请是否查询芝麻信用,0.9098683852320874
262,为何征信上的放款日期与实际借款日期不一致,0.9097965915145642
263,新网银行三类户是什么,0.9096469485991976
264,系统繁忙是什么原因,0.9094545181458311
265,申请好人贷后有没有回复,0.9094176491848883
266,好人贷借款金额与到账金额是否一致,0.9093520676397316
267,令牌无效是什么,0.9091650769602352
268,随心存操作渠道有哪些,0.909155416229474
269,新网银行存款是否受保障,0.908836314965928
270,关闭其他平台额度后，能否恢复好人贷额度,0.9084698310265049
271,结清贷款后什么时候可以开据结清证明,0.9083945506389736
272,客户提到投诉,0.9081866715912276
273,忘记密码怎么办,0.9081828521180413
274,好人贷提额会查询征信吗,0.9079512438152436
275,还款后为何未更新还款状态,0.9077616855267826
276,为何提示支付平台不允许持卡人进行的交易,0.9076194756070136
277,客户咨询其他平台催收问题,0.9073764648080224
278,好人贷不借款会产生利息或费用吗,0.9073393152058172
279,上传身份证时需填写的内容是什么,0.9072874666374232
280,好人贷能否绑定他人银行卡,0.9071011496522018
281,新网账户之间能否互相转账,0.9069507176427399
282,车贷申请多久可以放款,0.9065666291024899
283,一个身份证可以申请好人贷两次吗？,0.9064252041713141
284,什么是单笔借据和多笔借据,0.9064204763390282
285,可以通过他人银行卡转入到新网银行账户吗,0.906329702519869
286,开户是什么意思,0.9062419971220638
287,能否开具非恶意逾期证明,0.9059388567444857
288,好人贷是否支持归还逾期部分账单,0.9058901782800288
289,如何获取线上核身链接,0.9058708634531137
290,新网银行存款产品为何暂停交易,0.9058659708461066
291,实际申请金额与放款金额不一致可否取消车贷,0.9057999754182379
292,如何退出微信公众号,0.9057757629425921
293,如何更改其他平台的注册手机号码,0.9056174474053361
294,联系新网银行客服有哪几种方式,0.9056056921062979
295,银行卡还款限额是多少,0.9053121760366838
296,申请好人贷后为何页面显示仍可提交申请,0.9052358355133151
297,是否需要使用本人手机操作好人贷,0.9052092953825637
298,京东存款如何修改注册手机号码,0.9051943469279244
299,存款需要先开立银行账户吗,0.9049064911138605
300,新网银行存款属于理财产品吗,0.904850460716214
301,新网银行自动扣款次数,0.9046164270864898
302,开据证明时为何提示账户存在异常,0.9041649563192128
303,贷款结清之后能否删除贷款记录,0.9040742302076791
304,申请好人贷有区域或者号段等限制吗,0.9039700690638091
305,视频认证的步骤是什么,0.9038883315050659
306,为何页面出现多个新网银行账户,0.9038234412229178
307,好人贷以什么贷款类型上报人行征信？,0.9038140805873234
308,好人贷额度为什么变低了,0.9037588769559588
309,征信上显示的贷款金额是否包含利息,0.9037158289213301
310,随心存产品停售原因,0.9036450683678522
311,页面为何提示“开户失败”、“账户存在异常操作/账户异常”,0.9036282863429699
312,好人贷支持在国外发起借款吗,0.9035963784345693
313,页面为什么异常跳转,0.9035610004809128
314,还款后页面显示等待中,0.9035536555300901
315,微信号更换成功后何时可以正常使用,0.9033827132696779
316,好人贷审核电话是多少,0.9032771946150454
317,诺诺发票贷的利率是多少,0.9031956650678007
318,可以咨询吗,0.9031359271138223
319,房产保证金是什么,0.90310892963607
320,活体检测失败怎么办,0.902800364998283
321,为何无法提交好人贷申请资料,0.9026171018504278
322,名下所有卡被冻结后如何还款,0.902499468502063
323,好人贷利率为什么调高了,0.9022623412228721
324,申请好人贷需要公积金、社保吗？,0.9022415409480803
325,车贷合同里的金额是否包含利息,0.9021163561730617
326,选择任性还款/按期还款利息如何计算,0.9018980050958386
327,消费凭证有效期是多久,0.9017818560407733
328,客户发送截图以及个人信息等,0.9017572835294718
329,好人贷-云闪付如何更换收/还款银行卡,0.9016844736160501
330,哪些渠道可以购买京东存款产品？,0.9015713086651916
331,如何设置存管支付密码,0.9014657255436982
332,核身链接失效的原因,0.9014068860788889
333,好人贷借款时还会审核吗,0.9012894277389615
334,退汇是什么意思,0.9011894267049385
335,新网银行自动扣款时间,0.9010396941390757
336,新网银行账户的交易记录如何查看,0.9008003883920908
337,车辆信息如何查询,0.9007127721452106
338,查询结清证明申请是否已提交,0.9006953915232836
339,黑户/白户是否可以申请好人贷,0.9003674389737485
340,车贷如何解绑银行卡,0.9003582107008028
341,好人贷账户如何更换手机号码,0.9002435028617933
342,新网银行二类户限额是多少,0.9001613877754908
343,开户失败原因,0.8999777046043115
344,获取额度后多久可发起借款,0.8998935735781074
345,为什么没有扣款,0.8998310364836913
346,银联在线支付如何开通,0.8998044684737772
347,为什么无法注册,0.8997957469075126
348,为何提示还款存在差错,0.8996982386565501
349,节假日可以操作各类存款吗,0.8996790319846514
350,客服是否是随机分配,0.8995125325794344
351,为何结清证明显示日期与平台不符,0.8994686898293014
352,关于消费凭证,0.8994569951697365
353,新网二类户上的资金是否计息,0.8994007421320371
354,如何查看银行卡管理列表,0.8993905304066914
355,好人贷申请是否可以使用临时身份证,0.8993443428770519
356,季得利的操作渠道有哪些,0.8993361497110978
357,客户称赞服务好,0.8992426869486824
358,随心存T+1是什么,0.8992281713876606
359,新网银行以什么名义放款,0.8992135098785744
360,如何更换微信号,0.8991932056729703
361,为何提示系统异常,0.8990112497100821
362,居住信息如何填写,0.8989380872435777
363,结清证明的印章是否可以用公章,0.8985644480742381
364,我们是四川新网银行吗,0.8983561029071798
365,如何修改新网随心存注册号码,0.8982142119924282
366,在哪个平台操作提现,0.8981967578596983
367,如何查询征信报告,0.8981650702564209
368,如何查询转账到新网银行的记录,0.8981024797281498
369,随心存如何修改交易密码,0.8977320971015814
370,可以重新注册吗,0.8975517039755236
371,平台方提供的客户审批资料能否提供给客户,0.8974262129872015
372,好人贷借款超时未到账如何处理,0.8972921967500763
373,如何查询其他平台扣款银行卡,0.8972736127789446
374,申请被拒怎么办,0.8971954357072268
375,好人贷电话回访时间,0.8970641271066883
376,他人可以使用本人信息申请好人贷吗,0.8969578506451612
377,为何无法销户,0.8969306676731803
378,为何申请好人贷无结果,0.8968891170658373
379,按期还款和任性还款的区别是什么,0.8968711152165723
380,他行渠道汇入新网账户的到账时间是多久,0.8967067714535077
381,新网银行地址在哪里,0.8966381812114983
382,好人贷可以重新申请吗,0.8966238698862716
383,新网银行是否上市,0.8966151197478178
384,如何选择按期还款/任性还款,0.8965395952844784
385,好人贷注册手机号无法使用,0.8964088940186271
386,如何查询好人贷申请的授信结果,0.8961146250575713
387,新网银行账户是什么,0.8960254138680845
388,个人可以在新网开立几个账户,0.8958971714873553
389,存管账户充值限额,0.8958965824460174
390,罚息能否减免,0.8955593163613587
391,好人贷借款合同有效期是多久,0.8955217040491121
392,存管提现到账时间是多久,0.8954741927067962
393,如何绑定银行卡,0.8953573382596486
394,新网银行存款类产品有哪些,0.8953046130190552
395,好人贷为何无法还款,0.8952489022670098
396,身份证过期可以申请好人贷吗,0.8952021923799591
397,新网诺诺发票贷如何申请,0.8948003005370125
398,如何查看委托支付协议,0.8947776359676005
399,为何无法登录存管查询,0.8947481061137943
400,好人贷申请必须使用身份证原件吗,0.8946154708417192
401,存款页面是否会显示每日收益,0.8946053113966872
402,如何换绑银行卡,0.8946008970327511
403,手持身份证拍照的注意事项,0.8945208399334509
404,如何关注新网银行公众号,0.8944905494519768
405,借款失败怎么办,0.8944111185976906
406,迁户是什么意思,0.8943640246616293
407,申请好人贷工作信息如何填写,0.8941851050094412
408,定期存款操作的渠道有哪些,0.8941477683879057
409,随心存到期后何时到账,0.893992251717119
410,逾期后还款金额是否会增加,0.8937647588787629
411,随心存提前支取到账时间,0.8937553126892662
412,逾期未还款如何处理,0.8936422219335991
413,如何查询账户是否冻结,0.8933529858375486
414,如何查看随心存购买情况,0.8933030611723354
415,如何确保还款日当天会扣款成功,0.8929663006651258
416,车贷如何更换还款银行卡,0.8927237775004521
417,存款产品如何重置交易密码,0.8926835012890487
418,如何查看好人贷相关协议/合同？,0.8925622520918245
419,客户表示有合作意向,0.8925345875098185
420,如何解绑银行卡,0.8924933463856447
421,为何按期还款只能选择部分贷款期限,0.8922459834352497
422,好人贷申请是否支持人工受理,0.8921051843100153
423,存款产品的资金可以用于好人贷还款吗,0.8921033213975459
424,提前支取时为何显示存入,0.8920663549733476
425,如何查询申请相关的协议书,0.8920068762901968
426,如何降低/关闭额度,0.891949331768404
427,客户催促需要加急办理,0.891620292901256
428,新网银行有哪些活动,0.89146486083964
429,新网银行账户可以在哪些地方使用,0.8914196750292006
430,新网银行有哪些产品可以提额,0.8913660468592652
431,好人贷如何查看所支持的还款方式,0.8911332686890198
432,客户表示还款成功,0.8910805309881663
433,结清证明是否是还款记录证明,0.8910261669777406
434,开具结清证明时为何无法登录,0.8907426066042672
435,如何把注册用户与结算用户都注销,0.8906825928527023
436,目前支持的银行有哪些,0.8906261572748363
437,客户表示不满,0.8905051423452879
438,申请好人贷后，可否更改授信结果,0.8902406599408788
439,新网银行人工客服服务时间,0.8900800186766611
440,是否会发生重复扣款情况,0.8898495674542511
441,注销账户的处理时间,0.8898484046837492
442,如何查看开户结果,0.8895560043487739
443,车贷收取哪些费用,0.8894070146134077
444,为何无法申请好人贷,0.8891622289186788
445,逾期造成的影响是什么,0.8891248506887186
446,转账到新网银行如何操作,0.8889389078804238
447,好人贷定位如何开启,0.8887515659650891
448,可否对公还款,0.888744810733657
449,好人贷为什么无法借款,0.8884702077678969
450,申请好人贷是否都有额度,0.8878654083074164
451,好人贷额度是否循环使用,0.8878469093834048
452,如何激活新网二类户,0.887510081654621
453,好人贷支持随借随还吗,0.8874874110608368
454,银行渠道维护时间一般是多久,0.8867511701888022
455,五年定期存款支持提前支取吗,0.8862693705573133
456,好人贷为什么额度低,0.8857966102096131
457,新网银行二类户如何转入/转出,0.8855347875886994
458,如何知晓已注销成功,0.885497515766051
459,如何查询合作平台贷款是否结清,0.885319274938579
460,存款产品是否保本保息,0.885245183987328
461,好人贷还款后额度何时恢复,0.8850388358920352
462,征信上报周期及更新时间,0.8848478278408961
463,借款后如何判定下次还款日期,0.8845907357133426
464,注册规则是什么,0.8843746797291908
465,什么是风控审核中,0.8841279154267585
466,存管查询的余额如何提现,0.8840864707206706
467,好人贷为什么无法登录,0.8840094643728953
468,定期存款是否有存单,0.8839095461937752
469,如何查询是否已申请好人贷,0.8839047185814216
470,新网银行合作平台有哪些,0.8837971970817434
471,月得利提前支取如何计息,0.8831718847466191
472,如何获得优惠券,0.8828211131955914
473,新网银行合作的存管平台有哪些,0.882721696037369
474,如何更换借款收款银行卡,0.8825760265468411
475,如何查询当期车贷还款金额,0.8824589884407195
476,扣款失败的原因,0.882026396026611
477,周得利提前支取如何计息,0.8819982672611161
478,好人贷申请的渠道有哪些,0.8819523733405481
479,随心存利率为何会发生变化,0.8818607750033622
480,创客贷额度是多少,0.8818059078563236
481,好人贷-云闪付如何提前还款,0.8817748857871182
482,为何提示该证件已被使用,0.8816257539597075
483,如何查看优惠券的使用情况,0.8815558144321975
484,什么是我的额度和可借额度,0.8814637209491463
485,随心存是什么,0.881262535974668
486,如何更换好人贷默认还款账户,0.8806370184655632
487,好人贷-云闪付是什么,0.8803929148821854
488,实名认证审核时间,0.8803742587050334
489,征信是什么,0.8802009983228304
490,身份证更换期间会影响好人贷贷款吗,0.8797401080769148
491,京东存款的计息规则及计息公式,0.8796767787350065
492,什么情况算违约,0.8796144471578908
493,好人贷交易密码如何设置,0.8792714321102129
494,自动扣款时间段是多久,0.8792702221021139
495,新网银行的活期利率是多少,0.8792068517396506
496,如何购买新网银行存款产品,0.8791276298247902
497,车贷如何办理解押手续,0.8789626378306181
498,存款产品如何修改手机号,0.8789328270006624
499,好人贷是否支持提前还款,0.8788922321533246
500,新网银行行号是多少,0.8781472980885392
501,额度冻结怎么办,0.878126101103493
502,好人贷还款方式有哪些,0.8780025446407227
503,好人贷额度是否会发生变化,0.8779015772380835
504,申请好人贷需要哪些资料,0.8777248523166329
505,如何注销公众号,0.8777086262002695
506,如何查询存管账户流水,0.8776643531883714
507,好人贷利率为什么高,0.8775569599002458
508,新网银行如何联系客户,0.877461978624355
509,什么是分批次扣款,0.8773997178775008
510,车贷利息是多少,0.8772716452238403
511,按期还款是什么,0.8770492422832421
512,自动扣款如何操作,0.8769263948617876
513,什么是综合评估,0.8768187194083793
514,好人贷借款如何上报征信,0.8767818345033608
515,存款产品是否存满五年才能支取,0.876683935571587
516,结清证明开据时间是多久,0.8765580723841772
517,随心存如何查看收益情况,0.8764533575200386
518,开通什么业务,0.8759443319876127
519,车贷合同如何查看,0.8759353842241832
520,好人贷申请身份证可否添加水印,0.8759272231038389
521,好人贷支持周末借款吗？,0.8753363149667577
522,如何通过线下方式转入新网二类户,0.8751384120535878
523,客户表示稍等,0.8749528845812368
524,存款产品支取通用路径,0.874521352123965
525,可否延期还款,0.8737846635381175
526,什么是活体检测,0.873651330229499
527,好人贷与其他平台类似产品的区别是什么,0.8735858450811879
528,人脸拍摄规范,0.873399579974945
529,周得利计息规则,0.8732968107254563
530,经侦是指什么,0.8727494664006623
531,客户表示需要考虑,0.8725708412068566
532,随心存利率是多少,0.872555953603957
533,车贷还款记录如何查询,0.8724698254532944
534,如何操作随心存大额存款,0.8724036092733206
535,额度占用问题,0.8723208266467869
536,身份证上传失败怎么办,0.8719748575918603
537,如何办理好人卡？,0.8713738260663608
538,好人贷借款后能否修改贷款信息,0.8713069798971798
539,新网银行好事贷如何申请,0.8707992838716397
540,好人贷额度他人能否使用,0.8707515358918566
541,客户表示知道了,0.8701896844284323
542,五年定期存款是什么,0.8701030915611611
543,电脑端可以登录好人贷吗,0.8700396696093754
544,车贷如何提前还款,0.8694265101631847
545,如何冻结新网银行账户,0.8686274413998119
546,如何注销新网注册用户,0.8684720637350203
547,好人贷提前还款最低还多少,0.8681478060016341
548,如何增加银行卡,0.8674586724358173
549,如何查询车贷还款日,0.8673153285445533
550,工新借是什么,0.8667330394992353
551,车贷平台如何查询,0.8663832245371821
552,如何查询新网账户,0.8662665633587603
553,随心存存款期限有哪些,0.8654872595609393
554,好人贷当期能否最低还款,0.8653599900274382
555,怎样才能成功申请到额度,0.8651108561608113
556,如何登录微信公众号,0.864847205071665
557,还款记录如何查看,0.8647630365319033
558,什么是当期账单,0.864218524625107
559,如何签署借款合同,0.8638944412680516
560,如何录制活体检测,0.8631839538277891
561,公众号如何注册,0.8631092094422521
562,罚息介绍,0.8629592844904661
563,存管是什么,0.8629365465955612
564,如何邀请好友申请好人贷,0.8626723324807594
565,新网银行简介,0.8622450369011945
566,合作平台如何取消贷款,0.8617304536156556
567,如何查看好人贷还款计划,0.8614676052678265
568,各还款方式如何进行还款,0.8610156800607011
569,好人贷申请能否撤销,0.8608676663911391
570,如何查询好人贷借据收款银行卡,0.8603325164735094
571,批扣时间段是多久,0.8599915412925755
572,五年定期存款的利率是多少,0.8596315702152425
573,什么情况算逾期,0.859226038552186
574,如何注销新网二类户,0.8589590633239282
575,如何在新网银行开户,0.8580183904779316
576,季得利是什么,0.8577600774588999
577,随心存存入限额,0.8576876779918372
578,如何查询还款日,0.8570196837472596
579,好人贷还款记录如何查询,0.856919837707804
580,好人贷是否有临时额度,0.8564276822726556
581,好人贷自动扣款规则,0.8563274941149853
582,新网银行APP下载,0.8563255010437628
583,好人贷账户如何挂失,0.8561659856920895
584,车贷逾期如何还款,0.8561134057241858
585,定期存款的利率是多少,0.8560830243982775
586,什么是注册号码？,0.8546124298088317
587,有多少人获得好人贷额度,0.8543551946171212
588,好人贷审核时间是多久,0.8543345175635886
589,好人贷个人资料如何修改,0.8542457062422074
590,车贷如何还款？,0.8541659648534137
591,客户提出建议,0.8541448600556001
592,好人贷如何提前还款,0.8534275158578687
593,好人贷是邀请制吗,0.852727491704598
594,好人贷如何实名认证,0.8520540609131663
595,能否人工开据贷款证明,0.851671400522669
596,任性还款是什么,0.8515646332518225
597,好人贷支持随时借款吗,0.8511749049500414
598,什么是还款日,0.8510873679244217
599,新网有哪些产品,0.8510650455309604
600,如何开立存管账户,0.8500087508572839
601,存管账户如何查询,0.8490501147086089
602,好人贷如何主动还款,0.8489340048061168
603,查询各类工单办理进度,0.8488775797488811
604,新网银行业务办理时间,0.8487544045310565
605,存管账户如何注销,0.8486544282777385
606,好人贷借款记录如何查询,0.8466754601028856
607,好人贷借款多久到账,0.8462613471045363
608,其他贷款怎么办理,0.846237012885949
609,合作平台如何还款,0.8460938757991622
610,密码如何修改,0.8444809708385278
611,好人贷部分提前还款规则,0.8434248444569649
612,好人贷扣款账户如何查看,0.8425003571195582
613,存款利率是多少,0.8424876795393625
614,好事贷收取哪些费用,0.8423710335119631
615,抵押类贷款如何办理,0.8416455463413371
616,好人贷能否人工操作提额,0.8400199471551328
617,什么平台的贷款,0.8399633385779106
618,什么是一、二、三类户,0.8396301108314909
619,好人贷如何自助提额,0.8386235373604658
620,怎样用其他手机登录好人贷,0.8382433451265126
621,好人贷放款至什么账户,0.8380457793676109
622,好人贷如何降低利率,0.8376459450710444
623,好人贷还款后多久到账,0.8360357963787938
624,工新借如何申请,0.8359160807152505
625,如何查看贷款合同,0.8355131794196025
626,好人贷额度有效期是多久,0.8346339912975248
627,好人贷是什么,0.8344020031035793
628,好人贷账户如何查询,0.8342344744980386
629,车贷如何申请,0.832979198805798
630,如何进入个人中心,0.8327996063048243
631,好人贷上征信吗,0.8317948781360012
632,好人贷的办理时间,0.8309864920654171
633,好人贷支持扣款的银行有哪些,0.8304852914242594
634,好人贷如何提高额度,0.8290900418451664
635,如何办理对公业务,0.8289051226189073
636,好人贷如何试算利息,0.8286986215358602
637,好人贷利率是多少,0.8286803380264156
638,季得利如何支取,0.8286511353855368
639,随心存如何计息,0.8266617912215869
640,好人贷月利率是多少,0.8264610630418529
641,定期存款到期如何支取,0.8252915128130829
642,好人贷如何审核,0.8247256697767074
643,好人贷收取哪些费用,0.8241474583081565
644,好人贷账户如何注销,0.8231166532543115
645,优惠券如何使用,0.8221917529452618
646,如何开据存款证明,0.8220625861248252
647,好人贷年化利率是多少,0.8213162111802629
648,如何进入好人贷页面,0.8209388003686677
649,贷款证明如何开据,0.8190487058550514
650,登录密码为何无法重置,0.8186459948168432
651,好事贷如何还款,0.8185010376792441
652,季得利如何计息,0.8183339608318357
653,随心存如何登录,0.8154043412278358
654,好人贷消费用途,0.8130124857833781
655,好人贷如何申请,0.8121182134003062
656,好人贷贷款利息如何计算,0.8108856865518461
657,好人贷有额度后如何进行贷款,0.8108225663294294
658,如何删除身份证信息,0.8067204830811658
659,好人贷贷款期限是多久,0.8049952992066846
660,好人贷额度是多少,0.8014594237297304
661,什么是登录密码,0.800148079960907
662,好人贷借款规则,0.7990044115704186
663,好人贷通过率多少,0.7959128535595564
664,好人贷提额周期是多久,0.7923447897053171
665,好人贷如何还款,0.7894836741800142
666,身份证信息变更后如何更新,0.7826498160573703
