0,是什么原因导致绑卡失败的呢,1.0
1,实名认证失败的原因是什么,0.9713972267322453
2,视频认证录制失败的原因是什么,0.9675887722446791
3,白骑士认证失败是什么意思,0.9613142237538258
4,为什么拍照认证时总是不成功或显示系统崩溃,0.9578295413234386
5,收款卡发卡行拒绝放款失败什么意思？,0.9569391585713212
6,系统繁忙是什么原因,0.9558454798265591
7,好人卡绑定云闪付/微信等失败怎么办,0.9552431998037219
8,车贷还款只扣除部分是什么原因,0.9538490290829263
9,进入随心存为何提示手机号码不一致,0.9518959750260626
10,好人贷为什么提示“账户存在异常操作”,0.9492347913146292
11,为何之前绑定的银行卡不支持扣款了,0.9491563537968584
12,自动扣款失败怎么办,0.9491171354786075
13,逾期造成的影响是什么,0.9486436599288309
14,令牌无效是什么,0.9484617139970504
15,银行卡挂失会影响自动扣款吗,0.9474712065249288
16,为何提示还款卡不存在,0.9462791769109494
17,开户失败原因,0.946179869092177
18,销户与否会产生什么影响,0.946132103325736
19,为何提示交易密码验证失败,0.9455922615676156
20,为何提示支付平台其他错误,0.9455759145797125
21,额度冻结是什么意思？,0.945035413398815
22,为什么点击拍照没有反应,0.945007758544611
23,有额度不使用有什么影响吗,0.9448810809892826
24,无法提供消费凭证可以取消贷款吗,0.9447587321541869
25,为何提示支付平台持卡人信息有误,0.9447554086226698
26,为何图文验证码输入正确却提示错误,0.9446733888486383
27,实名认证为什么不符,0.9438547919019108
28,为什么取消了提前部分还款,0.9437578167683901
29,为何存管信息与平台显示不一致,0.9435355238818826
30,随心存停售后有影响吗,0.9433966305715715
31,为何提示支付平台签约关系不存在,0.9433313469307213
32,为何提示支付平台暂不支持的银行或限额,0.9433118336385259
33,征信报告是什么样的,0.9432357315774931
34,页面为何提示“开户失败”、“账户存在异常操作/账户异常”,0.9430218283734496
35,手机号归属地与定位地不一致是否有影响,0.9429047316284245
36,为什么提示用户不存在,0.9428903402004605
37,存在迁户问题怎么处理,0.9426698402143473
38,贷款证明开据失败怎么办,0.9423583855800794
39,为何提示还款存在差错,0.9421467871554042
40,好人贷被拒后为何没有下次开放时间,0.9421258327938705
41,扣款结果会有短信提示吗,0.9421181919041843
42,核身链接失效的原因,0.9419645638734399
43,为何提示支付平台受发卡行资金用途限制拒绝交易,0.9418749539479369
44,扣款失败的原因,0.9417612981470173
45,为何重置密码后仍提示密码错误,0.9414516179091871
46,更换银行卡会影响自动扣款吗,0.9410901861444834
47,修改手机号码/微信号是否会影响自动扣款,0.9409319953283243
48,平台还款信息为何与新网银行不一致,0.940800521704714
49,存管密码被锁定怎么办,0.9406362419988232
50,未接到好人贷回访电话会被拒吗,0.9405762869875962
51,为什么提前还款显示联合贷批次执行中？,0.940392538443602
52,为何提示支付平台该客户无默认扣款卡，交易没有发给统一支付,0.9395926516501969
53,银行渠道维护无法操作怎么办,0.9391760712662487
54,为何提示支付平台渠道不支持的银行,0.9390062286839161
55,为什么收到提额短信但额度未提升,0.9389686172542768
56,手机号无法使用为什么,0.9386044684777212
57,好人贷审核不通过对个人有什么影响,0.9384981700652376
58,为何存管查询提示没有密码,0.9383845262083144
59,购买存款页面为何提示“额度不足，无法购买”,0.938333104383424
60,借款成功会有短信等提醒吗,0.9383042961124658
61,为什么银行还款存在限额？,0.9382861462774771
62,车贷合同为何无法查看,0.9379178154416802
63,平台方手机号变更导致我行无法直接开据结清证明问题,0.9378245408290199
64,优信扣款成功后为何显示待还款,0.9376909877026037
65,系统升级会影响扣款吗,0.937606775458381
66,为何提示支付平台发卡行拒绝,0.9372004904898391
67,银行转账未到账怎么办,0.9371239816864242
68,为何提示支付平台账户状态异常,0.937116162683357
69,转账时为何提示未面核,0.9369799288318685
70,密码被锁定怎么办,0.9369494690289843
71,页面为什么异常跳转,0.9368786703376858
72,为何同时收到了还款成功和失败的短信,0.936850088704507
73,公众号页面的“我的排号”是什么意思,0.9368274375205929
74,京东存款为什么显示当日额度为什么已售罄？,0.9367849120896301
75,提前还款会影响个人征信吗,0.9365977631511748
76,为何征信上有新网银行上报的逾期,0.9365187337427842
77,存管查询为何提示用户不存在或者信息有误,0.9364962484235456
78,获取验证码次数超限怎么办,0.9364494441121397
79,企业邮箱为何验证不了,0.9364368873458575
80,企业邮箱填写错误怎么办,0.9362512085622537
81,人脸识别失败怎么办,0.936209367827152
82,客户表示没有问题了,0.9361524766963718
83,下一次开放时间是什么意思,0.9359440650980743
84,什么是银行卡预留手机号？,0.9357143158479634
85,为什么好人贷第一期还款金额与之后不一致,0.9356587514502144
86,线上开据证明有次数限制吗,0.9355678334143765
87,好人贷申请成功会有短信通知吗,0.9355648076028354
88,为何提示缺少必要参数,0.9352248901264886
89,申请好人贷没有公司邮箱怎么办,0.9351368685618024
90,通过本人微信找回密码是指什么,0.9349635740458677
91,绑定银行卡产生费用吗,0.9347698792853351
92,为何收到新网银行逾期提醒短信,0.9343567286449989
93,公众号是否有还款提示,0.9343461104282772
94,是否会发生重复扣款情况,0.9342350742263473
95,开据证明为何显示没有符合要求的订单,0.934103396684669
96,线上开据证明为何和征信金额不符,0.9340784767544158
97,活体检测失败怎么办,0.9338379641324062
98,为何还款后额度恢复减少了,0.9336936279530851
99,为何提示不具备开具资格,0.9334760229349596
100,未正常还款我行会进行催收吗,0.9330842080344278
101,查询车贷的注册手机号码是什么,0.9330620881605947
102,销户后为何还能解绑银行卡,0.932200105351232
103,为何好人贷还款时提示“交易处理中”,0.932094479914665
104,绑定银行卡失败,0.9318577383071588
105,银行卡是二类户影响扣款吗,0.9315475634986232
106,还款金额超银行卡限额怎么办,0.9315146535517452
107,开据证明时为何提示账户存在异常,0.9312137129869039
108,页面为何无法打开,0.9307285997242511
109,借款到账后页面未更新借款状态,0.9307234203818173
110,申请诺诺发票贷需要什么条件,0.9306325606664637
111,借款合同是否有展示提前还款会收取违约金的情况,0.9304863535637368
112,选择任何还款方式都可以提前还款吗,0.9303562291026986
113,合同为何无法打开,0.930252163816988
114,好人贷注册手机号与银行卡预留手机号是否需要一致？,0.9302381142997505
115,绑卡时页面上的银行卡预留手机号码可以修改吗,0.9300888240199301
116,结清贷款后征信上是否会显示结清,0.9299711841959026
117,提前还款有次数限制吗,0.9297769320703765
118,好人贷额度为什么变低了,0.9297725568242391
119,补扣会影响信用吗,0.9297062008032289
120,注册手机号更换成功后何时可以正常使用,0.9293583947378719
121,为何结清证明显示日期与平台不符,0.9290234601186214
122,新网二类户转入/转出有时间限制吗,0.9287697061828202
123,提额会有通知吗,0.9286226184751971
124,新网银行发送的短信验证码的有效时长？,0.9285497374523775
125,什么是无卡支付及免密支付,0.9284462375075613
126,为何申请好人贷页面显示暂无资格,0.9282075444631975
127,好人贷只能通过绑定的银行卡还款吗,0.9280466947689726
128,为何提示用户未实名认证,0.9277625627803915
129,注销注册用户后是否可恢复？,0.9277331067631148
130,季得利提前支取影响已发放利息吗,0.9276194936616617
131,为何提示支付平台银行卡未开通银联无卡认证支付,0.927313884607702
132,新网二类户为何无法转入/转出,0.9272251867469042
133,是否可以取消自动扣款,0.9271885270032254
134,为何收到新网银行还款短信,0.9271539410670118
135,审核电话内容是什么,0.9270138646325018
136,申请创客贷需要什么条件,0.9269127656191657
137,可以查询注册手机号码吗,0.9267530602247422
138,为何提示支付平台当日交易次数超限,0.9267388035796427
139,为何销户后还能看到好人贷信息,0.926440475994109
140,结清贷款后什么时候可以开据结清证明,0.9264387732309176
141,为何提示支付平台账户余额不足,0.9261736588596557
142,好人贷必须绑定银行卡使用吗,0.9260922984695448
143,自助提额什么时候上线,0.9260449157608377
144,非绑定银行卡可否与新网二类户转账,0.9259389334043391
145,提前支取有限制吗,0.9259248720974983
146,随心存可以在我行公众号查询/操作吗,0.9256940595047499
147,咨询可以发送图片吗？,0.9255711847480842
148,为何提示支付平台交易金额超限,0.9250189589497522
149,结清证明的发送方式有哪些,0.9250163103844641
150,接收短信的手机号是否为注册手机号,0.9250145110999486
151,随心存产品停售原因,0.9247891691851724
152,实际申请金额与放款金额不一致可否取消车贷,0.9245495552411387
153,为何征信上的放款日期与实际借款日期不一致,0.9244745175694848
154,结清证明印章无法查看,0.9243146131228244
155,手机获取验证码失败,0.9238982162372683
156,借款时选错收款账户怎么办？,0.9236950790737597
157,好人贷手动还款时为何提示批次执行中,0.9236046347864996
158,为何提示系统异常,0.923320174597918
159,半年得利提前支取影响已发放利息吗,0.923199625523166
160,结清证明会展示哪些信息,0.9229469330635983
161,退汇是什么意思,0.9225831291494224
162,再次申请好人贷会查询征信吗,0.9225212139502001
163,借款失败怎么办,0.9225158831973076
164,新网银行三类户是什么,0.922357929099244
165,新网二类户可以升级为一类户吗？,0.9222672763432831
166,验证码发送至什么手机号,0.9222525189729361
167,车贷可以修改还款日吗,0.9222512609938252
168,新网银行账户可以设置为好人贷借/还款账户吗,0.9221162120738359
169,在线咨询是否支持客户发送语音,0.9220828701220419
170,为何申请好人贷后显示未获取额度,0.9220334973829145
171,为什么收到美利车金融的短信,0.921714817900331
172,注册手机号及微信号需要实名制吗,0.9216854655886753
173,车贷能否绑定他人银行卡,0.9215166717800984
174,审核电话可更改接听电话吗,0.9214802852263604
175,为何提示支付平台支取金额超过可用余额,0.9213086251743419
176,新网银行扣款通道是什么,0.9211539518483164
177,转账到新网银行账户是否还款成功,0.9209226895803039
178,能否开具非恶意逾期证明,0.9207493616484358
179,银行渠道维护是指什么,0.9206746683004524
180,输入身份证号码时，为何无法输入字母,0.9206459859342788
181,申请被拒怎么办,0.9204369562681591
182,支持绑定的银行卡类型有哪些,0.9204259612624843
183,上传身份证时需填写的内容是什么,0.920350789073247
184,名下所有卡被冻结后如何还款,0.9203289318010063
185,电话客服是否可以受理结清证明,0.9203112155197439
186,可以查询个人信息资料吗？,0.9203081340623808
187,车贷扣款支持的银行卡有哪些,0.9200697890376246
188,可否取消银行卡限额,0.9199337851158227
189,开户是什么意思,0.9199067113048605
190,为什么无法注册,0.9198665961837704
191,新网银行有实体卡片吗,0.9197092471591344
192,为何提示支付平台不允许持卡人进行的交易,0.919607824850125
193,微信号更换成功后何时可以正常使用,0.9193374290822525
194,修改手机号后是否需要重置登录密码,0.9192216212220249
195,更改银行卡预留手机号的方法,0.9189425867246074
196,客户咨询其他平台催收问题,0.9188970696949467
197,好人贷账户是否为新网银行二类户？,0.9186715933526655
198,好人贷审核时是否给填写的联系人去电,0.918554941369214
199,企业邮箱格式是什么,0.9183760145089228
200,客服能否查看聊天记录,0.9183169487259597
201,还款后为何未更新还款状态,0.9182041185015345
202,客户提到投诉,0.9179389083602821
203,新网账户绑定微信/支付宝后支持提现或充值吗,0.9178175016511352
204,申请好人贷使用的邮箱是公司邮箱还是个人邮箱,0.9178012457862939
205,新网银行人工客服电话打不通,0.9177659300023582
206,为何征信上有新网上报的贷款记录,0.9172944533614467
207,迁户是什么意思,0.9172284951594766
208,如何修改实名认证手机号码,0.9169067886316998
209,银行卡开通银联在线支付后是否可正常还款,0.916884515654396
210,人脸识别使用的是照片还是视频,0.9166819745587944
211,贷款证明的电子章是否具有法律效应,0.9164423684937172
212,新网银行二类户与好人贷是否为同一个手机号码,0.9164240550806726
213,车贷支持手动还款吗,0.9163321834353579
214,还款日当天支持手动还款吗,0.9161290385931828
215,新网银行的官网地址是什么,0.9160697460500837
216,关闭其他平台额度后，能否恢复好人贷额度,0.9157545233309641
217,当期账单支持再分期吗,0.9156861947921588
218,实名认证是否查询征信,0.9154812919692582
219,拨打我行人工客服电话是否收费,0.9154295923706108
220,为何无法提交好人贷申请资料,0.9151221442970784
221,转入新网银行使用的密码是交易密码还是银行卡密码,0.9150558368493129
222,申请好人贷后为何页面显示仍可提交申请,0.9149926363812784
223,查询结清证明申请是否已提交,0.9149865208390198
224,我行放款的其他平台借款会上报征信吗,0.9149650321649638
225,还款日可以修改吗,0.9147547763309578
226,为何征信上有新网银行的贷款审批记录,0.9146238155986457
227,新网银行公众号如何取消关注,0.9146174593588947
228,挖财还款是否为新网银行代扣,0.9146108587681958
229,线上是否可开据征信版结清证明,0.9145545043132821
230,申请好人贷需要什么条件,0.9142050210785966
231,微信/支付宝等可否与新网银行账户互相绑定,0.914077625589644
232,视频认证的步骤是什么,0.9140769136875084
233,结清证明是否是还款记录证明,0.9140411352555295
234,好人贷利率为什么调高了,0.9136969340825721
235,可以让别人代还款吗？,0.9136872180670473
236,操作好人贷是否需要开启定位,0.9136073910367288
237,在线客服是否是人工客服,0.913604216819855
238,为何人脸识别提示光线太足,0.9134914197393514
239,申请好人贷有区域或者号段等限制吗,0.9134913485331879
240,如何查询账户是否冻结,0.9134817882221282
241,贷款结清之后能否删除贷款记录,0.9134196806736098
242,什么情况算违约,0.913016551446382
243,好人贷不借款会产生利息或费用吗,0.9129806569843787
244,为什么没有扣款,0.9128769961388716
245,销户后可以再开户吗,0.912676344711637
246,随心存操作渠道有哪些,0.9126680945997898
247,登录时的图文验证码是否区分大小写,0.9126060257953078
248,客服能否看到客户申请好人贷的信息,0.9125801369982607
249,滴水贷客服电话是多少,0.9125017015906062
250,新网银行有信用卡吗,0.9124692725497406
251,申请好人贷后有没有回复,0.9122560886241768
252,按期还款和任性还款的区别是什么,0.9122484709889187
253,好人贷是否支持提前还当期账单,0.9121203559637444
254,销户后是否上征信,0.9118880830902284
255,京东存款是否支持提前支取/提前部分支取？,0.9117424456483542
256,企业邮箱验证码可否重新获取,0.9117159572259413
257,新网银行存款产品为何暂停交易,0.9116982179634244
258,使用优惠券后提前还款利息如何计算,0.9116052542442398
259,新网二类户转入/转出收取手续费吗,0.9114856631456839
260,好人贷借款超时未到账如何处理,0.911353185374506
261,随心存T+1是什么,0.911297668782178
262,如何解约快捷支付？,0.9112551466159505
263,季得利的操作渠道有哪些,0.9111746392512802
264,如何查看手机号是否实名制,0.9111537955146722
265,一个身份证可以申请好人贷两次吗？,0.9110254633308911
266,为何页面出现多个新网银行账户,0.9110251812418937
267,消费凭证有效期是多久,0.911000619223233
268,新网银行账户的交易记录如何查看,0.910780881808229
269,如何取消征信查询及使用授权书,0.9107442576704178
270,好人贷借款金额与到账金额是否一致,0.9104302640015305
271,忘记密码怎么办,0.9103715794781565
272,银联在线支付是什么,0.9103189307836218
273,交易密码无法设置,0.9101993427998681
274,新办的手机号可以申请好人贷吗,0.9100453322636199
275,客户要求发送相关模板,0.9098845399420368
276,58车金融客服电话是多少,0.9097788841536008
277,黑户/白户是否可以申请好人贷,0.9095641640296754
278,申请好人贷必须填写联系人信息吗,0.9095208649793649
279,为何申请好人贷无结果,0.9094144721157099
280,好人贷授信首页显示利率是否为固定利率,0.9093615286909589
281,选择任性还款/按期还款利息如何计算,0.9092650815635436
282,开具结清证明时为何无法登录,0.909200760667347
283,开据证明时为何需要实名认证,0.9091945990273048
284,关于客户个人信息安全问题,0.9091075628108461
285,如何修改存管账户预留手机号码,0.9089419525242608
286,逾期未还款如何处理,0.9089049131443265
287,结清证明的印章是否可以用公章,0.9088576508580742
288,定期存款操作的渠道有哪些,0.9087557462888352
289,新网银行以何名义查询征信,0.908676778578667
290,新网银行能否绑定云闪付,0.9086629560648694
291,房产保证金是什么,0.9084799282129049
292,好人贷是否支持归还逾期部分账单,0.9083681985319885
293,如何查询转账到新网银行的记录,0.9083639397780897
294,如何查询是否开通银联在线支付,0.9082719040088785
295,修改手机号码的处理时间是多久,0.9081288626142386
296,可绑定银行卡数量上限,0.9079924548065947
297,客服是否是随机分配,0.9079428750342288
298,客户表示还款成功,0.9079358727631122
299,好人贷额度必须一次性借完吗,0.9077963403619658
300,节假日可以借/还款吗,0.9075589196768278
301,申请好人贷需要下载APP吗？,0.9074579960275828
302,好人贷申请是否查询芝麻信用,0.907398985846101
303,还款银行卡是否需要开通银联在线支付业务,0.9073593308963621
304,随心存利率为何会发生变化,0.9073451970490597
305,还款日当天是否自动扣款,0.9072728100319635
306,如何退出微信公众号,0.9072150953728292
307,随心存支持提前支取吗,0.9072090922090467
308,如何更改其他平台的注册手机号码,0.9071679185994085
309,优信客服电话是多少,0.9071675586758025
310,车贷如何修改注册手机号码,0.9066559425849102
311,车贷申请多久可以放款,0.9065399262507237
312,如何查询好人贷申请的授信结果,0.9063920420721657
313,可否按照征信订单号开据证明,0.9060408404004044
314,如何查看随心存购买情况,0.9058989987236632
315,能否让客服回电,0.9058104335195735
316,好人贷申请是否可以使用临时身份证,0.9056061438375785
317,好人贷只能使用微信登录吗？,0.9055241506792728
318,为何按期还款只能选择部分贷款期限,0.9054966161292557
319,提前还款手续费是多少,0.9054933354719337
320,新网银行开户支持的证件有哪些,0.905484192390401
321,哪些渠道可以购买京东存款产品？,0.9054266745610892
322,如何修改征信上的个人信息,0.9054058426630657
323,好人贷能否绑定他人银行卡,0.9052902960423029
324,人工是否可操作扣款,0.905176527787241
325,"好人贷有回访电话吗""",0.9050665893610997
326,节假日可以操作各类存款吗,0.9050473882953949
327,在哪个平台操作提现,0.9049956045319547
328,可以通过他人银行卡转入到新网银行账户吗,0.904881480133792
329,新网银行有招聘吗,0.904752383999995
330,如何确保还款日当天会扣款成功,0.904750416789178
331,能否删除个人信息,0.9047502465532465
332,线下转账如何填写新网银行开户信息,0.9047238806570812
333,逾期后还款金额是否会增加,0.9047205281974536
334,新网银行以什么名义放款,0.9044129389856203
335,为何无法登录存管查询,0.9044041385088814
336,什么是单笔借据和多笔借据,0.9043906174957383
337,提前结清贷款后还会扣款吗,0.9043051337054779
338,线上转入新网银行账户到账时间是多久,0.9040299382870249
339,新网银行视频认证的QQ号码是多少,0.9035884761150504
340,新网银行存款是否受保障,0.9034082670245294
341,手持身份证拍照的注意事项,0.9032983057933657
342,如何选择按期还款/任性还款,0.9032357906217103
343,为何提示该证件已被使用,0.9030569971043593
344,银行卡还款限额是多少,0.9030300821177549
345,客户表示有合作意向,0.9030157310996225
346,好人贷支持微信/支付宝扣款吗,0.9029880387492291
347,如何查询其他平台扣款银行卡,0.9028188504858068
348,还款后页面显示等待中,0.9026452582674387
349,车辆信息如何查询,0.9023530705230572
350,如何查询申请相关的协议书,0.9021651813936783
351,征信上显示的贷款金额是否包含利息,0.9021364679741309
352,好人贷注册手机号无法使用,0.9020422876021682
353,是否需要使用本人手机操作好人贷,0.9019198179069408
354,好人贷申请必须使用身份证原件吗,0.9019092674902648
355,好人贷申请需要填写哪些个人信息,0.9017958167496912
356,好人贷为什么额度低,0.9016680578452908
357,好人贷为什么无法登录,0.901561876164886
358,申请好人贷需要开个人账户吗？,0.9014659426050954
359,美利车联系电话,0.9013511338160681
360,如何查看好人贷相关协议/合同？,0.901266693733473
361,获取额度后多久可发起借款,0.9012406652178941
362,好人贷以什么贷款类型上报人行征信？,0.9010529160980203
363,身份证过期可以申请好人贷吗,0.9007113380493081
364,随心存到期后何时到账,0.9005955178513431
365,新网银行存款属于理财产品吗,0.9004270135010649
366,注册规则是什么,0.9003939262186798
367,平台方提供的客户审批资料能否提供给客户,0.9003582516954493
368,新网账户之间能否互相转账,0.9001648673690874
369,身份证上传失败怎么办,0.9001521533941842
370,客户表示不满,0.9001452084748304
371,好人贷额度是否会发生变化,0.8999395148308066
372,新网银行账户是什么,0.8999369264844915
373,新网银行人工客服电话是多少,0.8996768087069548
374,目前支持的银行有哪些,0.8996747058309992
375,好人贷支持在国外发起借款吗,0.8995690033898281
376,新网银行有几个网点,0.8992552797969614
377,客户发送截图以及个人信息等,0.8989338546028468
378,京东存款如何修改注册手机号码,0.898793046039077
379,如何降低/关闭额度,0.8987796892018909
380,好人贷借款合同有效期是多久,0.898660752938686
381,好人贷如何查看所支持的还款方式,0.8986596214733912
382,诺诺发票贷的利率是多少,0.8986296050188755
383,好人贷为何无法还款,0.8986144091690589
384,好人贷为什么无法借款,0.8983684643950679
385,如何查看银行卡管理列表,0.8982425245392164
386,可以重新注册吗,0.8981920566916108
387,车贷如何解绑银行卡,0.8981858315001532
388,额度冻结怎么办,0.8981439982530903
389,新网银行存款类产品有哪些,0.8980696998699937
390,如何查询征信报告,0.8978823335358926
391,车贷合同里的金额是否包含利息,0.8978341226696218
392,为何无法销户,0.8977976875992961
393,好人贷提额会查询征信吗,0.8977735995192246
394,好人贷需要面签吗,0.8975160305079274
395,好人贷有回访电话吗,0.8975028267434314
396,新网银行二类户限额是多少,0.8975023494178938
397,客户称赞服务好,0.8974280160584522
398,提前支取时为何显示存入,0.8971371628579579
399,可以咨询吗,0.8971155087747582
400,如何修改新网随心存注册号码,0.8970740308925566
401,美团客服热线是多少,0.8969467438681826
402,他行渠道汇入新网账户的到账时间是多久,0.8968754618362985
403,关于消费凭证,0.8967935737671229
404,如何获取线上核身链接,0.8967482157335349
405,新网二类户上的资金是否计息,0.8966391104619397
406,存款页面是否会显示每日收益,0.8963365328884081
407,新网银行有企业贷款吗？,0.8963296764389127
408,好人贷借款时还会审核吗,0.8959787064533055
409,他人可以使用本人信息申请好人贷吗,0.8959608887173478
410,存管提现到账时间是多久,0.8956227777657619
411,新网银行自动扣款次数,0.8955702391561848
412,随心存如何修改交易密码,0.8954711889130113
413,新网诺诺发票贷如何申请,0.8954399384538937
414,五年定期存款支持提前支取吗,0.8952329505094562
415,好人贷-云闪付如何更换收/还款银行卡,0.8951592760385017
416,为何无法申请好人贷,0.8951028993757175
417,如何查询合作平台贷款是否结清,0.8950425096371639
418,好人贷可以重新申请吗,0.8949175367909
419,什么是风控审核中,0.8948795003471505
420,客户催促需要加急办理,0.8946423295325479
421,如何查看优惠券的使用情况,0.8946413484128576
422,好人贷与其他平台类似产品的区别是什么,0.8944433473074223
423,如何查询是否已申请好人贷,0.8942826284048145
424,如何知晓已注销成功,0.8938625284790975
425,随心存是什么,0.8937016730644713
426,可否补充企业邮箱,0.8936986146455976
427,如何查看委托支付协议,0.8936354829728215
428,存管查询的余额如何提现,0.8936294510876438
429,联系新网银行客服有哪几种方式,0.8935100393092066
430,好人贷申请是否支持人工受理,0.8933088484113775
431,借款后如何判定下次还款日期,0.893305402043901
432,如何查看开户结果,0.8932903946775206
433,转账到新网银行如何操作,0.8929715695812647
434,如何关注新网银行公众号,0.8926098013249356
435,什么是我的额度和可借额度,0.8923914817395637
436,申请好人贷后，可否更改授信结果,0.8920461404836084
437,车贷如何更换还款银行卡,0.8914747866745748
438,新网银行有哪些活动,0.8914091331529375
439,罚息能否减免,0.8913252517676253
440,如何设置存管支付密码,0.8911328056072052
441,我行对客邮箱是多少,0.8907577635852927
442,存款产品如何重置交易密码,0.8905800907110895
443,申请好人贷工作信息如何填写,0.8904179567154324
444,征信上报周期及更新时间,0.8904070174477544
445,好人贷还款后额度何时恢复,0.8903376144768462
446,居住信息如何填写,0.8902880511446852
447,新网银行自动扣款时间,0.8902706817938063
448,如何把注册用户与结算用户都注销,0.890261919177371
449,如何激活新网二类户,0.8901309256164466
450,新网银行账户可以在哪些地方使用,0.8900988635099835
451,身份证更换期间会影响好人贷贷款吗,0.8900419064583354
452,按期还款是什么,0.8897649402216589
453,什么是综合评估,0.8893639625827598
454,好人贷额度是否循环使用,0.8891892882757533
455,注销账户的处理时间,0.8891671128777104
456,怎样才能成功申请到额度,0.8890452179825722
457,我们是四川新网银行吗,0.8887520495887181
458,个人可以在新网开立几个账户,0.8881742387305681
459,新网银行是否上市,0.8879352764271102
460,申请好人贷是否都有额度,0.8879110806644911
461,存款产品的资金可以用于好人贷还款吗,0.8878868230623693
462,好人贷账户如何更换手机号码,0.8873234275689431
463,车贷收取哪些费用,0.8872204223565455
464,定期存款是否有存单,0.8871696486515589
465,如何查询当期车贷还款金额,0.8871599082658481
466,申请好人贷需要公积金、社保吗？,0.8871466116258824
467,如何绑定银行卡,0.8869976862728408
468,如何更换微信号,0.8868749219291041
469,新网银行合作的存管平台有哪些,0.8868415692491064
470,存款需要先开立银行账户吗,0.886678733238137
471,新网银行有哪些产品可以提额,0.8863815403634893
472,随心存如何查看收益情况,0.8863338056125267
473,如何解绑银行卡,0.885838118140408
474,新网银行二类户如何转入/转出,0.885821571894311
475,好人贷申请的渠道有哪些,0.8856800471810459
476,如何更换好人贷默认还款账户,0.8850289253572446
477,好人贷-云闪付是什么,0.8847870429788207
478,什么情况算逾期,0.8847586487601112
479,五年定期存款是什么,0.8847119009316191
480,银行渠道维护时间一般是多久,0.8844663455005877
481,如何通过线下方式转入新网二类户,0.8841132604306227
482,随心存提前支取到账时间,0.8840343991049558
483,京东存款的计息规则及计息公式,0.883559517753689
484,结清证明开据时间是多久,0.8834986329634847
485,如何更换借款收款银行卡,0.8834943028323851
486,存管账户充值限额,0.8828187899725964
487,什么是活体检测,0.8825586756553327
488,月得利提前支取如何计息,0.8822959810994678
489,新网银行地址在哪里,0.8816596785784587
490,如何换绑银行卡,0.8815792553461249
491,如何操作随心存大额存款,0.8814491756114732
492,周得利提前支取如何计息,0.8814236803498537
493,创客贷额度是多少,0.8813350332946486
494,车贷还款记录如何查询,0.8813229130531173
495,车贷如何办理解押手续,0.8812533992529308
496,自动扣款如何操作,0.8811055731032544
497,征信是什么,0.8808860053472116
498,新网银行合作平台有哪些,0.8805879693259421
499,存款产品如何修改手机号,0.8801286487724603
500,什么是分批次扣款,0.8801157299213616
501,实名认证审核时间,0.8797838188907806
502,工新借是什么,0.8796956729073383
503,车贷合同如何查看,0.8793234891368624
504,存款产品是否存满五年才能支取,0.879230902656186
505,经侦是指什么,0.8789069746484215
506,好人贷利率为什么高,0.8788151961279328
507,好人贷支持随借随还吗,0.8785842554998657
508,银联在线支付如何开通,0.8783575125458846
509,好人贷定位如何开启,0.8780449515783096
510,存款产品是否保本保息,0.877852706616363
511,好人贷-云闪付如何提前还款,0.8777830215674045
512,如何冻结新网银行账户,0.8774314669254069
513,如何获得优惠券,0.8762412477434205
514,随心存存款期限有哪些,0.8761877012231503
515,客户表示知道了,0.875619458749974
516,季得利是什么,0.8754292705524959
517,好人贷交易密码如何设置,0.8753555375188283
518,可否对公还款,0.8746531747236022
519,如何查询存管账户流水,0.8746295163108051
520,客户表示稍等,0.8742313269366545
521,好人贷审核电话是多少,0.8740384680588097
522,好人贷还款方式有哪些,0.8736283011887834
523,新网银行的活期利率是多少,0.8735013005635476
524,新网银行人工客服服务时间,0.8734813058389905
525,好人贷申请身份证可否添加水印,0.8730958300686138
526,还款记录如何查看,0.8726501769045116
527,自动扣款时间段是多久,0.8723880602552627
528,客户表示需要考虑,0.872049898826962
529,额度占用问题,0.8719830150030667
530,存管是什么,0.8718355768496984
531,如何录制活体检测,0.8715102887262465
532,如何购买新网银行存款产品,0.8712336237207351
533,可否延期还款,0.8709450347158443
534,如何查询车贷还款日,0.8704423387246266
535,如何办理好人卡？,0.8699499667814903
536,申请好人贷需要哪些资料,0.8698968143123358
537,好人贷是否支持提前还款,0.8697080027023926
538,开通什么业务,0.8693107108079114
539,如何注销公众号,0.8692477106218672
540,如何查询新网账户,0.8690050609822969
541,如何邀请好友申请好人贷,0.8689779993778285
542,什么是当期账单,0.8689292203555332
543,合作平台如何取消贷款,0.8688818684960814
544,周得利计息规则,0.8685841359134576
545,任性还款是什么,0.867125802123814
546,好人贷支持周末借款吗？,0.8670055820562804
547,好人贷借款如何上报征信,0.8660796075843039
548,如何签署借款合同,0.8660300562998348
549,好人贷额度他人能否使用,0.865818593134306
550,好人贷借款后能否修改贷款信息,0.8652233973097336
551,如何查看好人贷还款计划,0.8650998349752528
552,存款产品支取通用路径,0.864711500264142
553,车贷如何提前还款,0.8642136094067898
554,新网银行好事贷如何申请,0.8633818554729357
555,如何注销新网注册用户,0.8632184913340891
556,如何增加银行卡,0.8631939601730515
557,各还款方式如何进行还款,0.8631666395597093
558,车贷平台如何查询,0.8625590988635676
559,新网银行行号是多少,0.8621189235402699
560,新网银行如何联系客户,0.8619554210318896
561,电脑端可以登录好人贷吗,0.8616680391493264
562,好人贷电话回访时间,0.8611408992584894
563,如何查询好人贷借据收款银行卡,0.8608887524865856
564,五年定期存款的利率是多少,0.8605521782582765
565,如何登录微信公众号,0.8604462642738566
566,公众号如何注册,0.8603222333184842
567,好人贷申请能否撤销,0.8600420184211228
568,好人贷还款记录如何查询,0.8598979437308217
569,如何注销新网二类户,0.8598210201950999
570,车贷利息是多少,0.8597797310147659
571,如何查询还款日,0.8596056272046008
572,什么是还款日,0.8586293002407509
573,什么是注册号码？,0.8586282181652298
574,什么是一、二、三类户,0.8584918472089601
575,罚息介绍,0.8579210668474291
576,随心存利率是多少,0.857380481049176
577,批扣时间段是多久,0.8572296029456916
578,好人贷账户如何挂失,0.8565625564379477
579,车贷逾期如何还款,0.8545708852262769
580,好人贷个人资料如何修改,0.8541855746661708
581,定期存款的利率是多少,0.8528597411987459
582,车贷如何还款？,0.8519828681762426
583,随心存存入限额,0.850968845248066
584,好人贷当期能否最低还款,0.850756663724495
585,有多少人获得好人贷额度,0.8507383469336338
586,好人贷借款记录如何查询,0.8496907251264119
587,好人贷是否有临时额度,0.8496326134088057
588,好人贷提前还款最低还多少,0.8494853418013706
589,其他贷款怎么办理,0.849431074458027
590,查询各类工单办理进度,0.8488104600625812
591,存管账户如何查询,0.8485979843191329
592,新网有哪些产品,0.8483540801249174
593,抵押类贷款如何办理,0.8476550447661312
594,好人贷如何提前还款,0.8474555076139207
595,能否人工开据贷款证明,0.8473804301185088
596,好人贷如何实名认证,0.8470648884561595
597,客户提出建议,0.8468707064579031
598,好人贷审核时间是多久,0.8462907088353029
599,新网银行简介,0.8456814304474987
600,合作平台如何还款,0.84453841492802
601,新网银行业务办理时间,0.8444086006257654
602,好人贷自动扣款规则,0.8435731154372329
603,人脸拍摄规范,0.8425999712943181
604,好人贷扣款账户如何查看,0.8422754775636373
605,好人贷支持随时借款吗,0.8413408736387918
606,密码如何修改,0.8409061786904252
607,好人贷如何主动还款,0.8407218733201655
608,好人贷是邀请制吗,0.8402864201652136
609,如何在新网银行开户,0.8400210902119547
610,如何查看贷款合同,0.8378938906674078
611,好人贷放款至什么账户,0.8375988665421975
612,好人贷如何降低利率,0.8373383478888411
613,好人贷是什么,0.837073755373342
614,存管账户如何注销,0.8365082677672566
615,新网银行APP下载,0.8363483049589309
616,好人贷能否人工操作提额,0.836240056631037
617,好人贷部分提前还款规则,0.8359136747359718
618,如何开立存管账户,0.8352980029733914
619,怎样用其他手机登录好人贷,0.8336985713301265
620,工新借如何申请,0.833454393712484
621,好人贷账户如何查询,0.8328865821400984
622,什么平台的贷款,0.8325380297072216
623,好人贷支持扣款的银行有哪些,0.8322917155829257
624,如何办理对公业务,0.8308098040511014
625,好人贷如何自助提额,0.830048513525404
626,车贷如何申请,0.8292754505065638
627,如何开据存款证明,0.8290128253586453
628,存款利率是多少,0.8289214505346051
629,好事贷收取哪些费用,0.8283045761721308
630,好人贷额度有效期是多久,0.8251563268542573
631,定期存款到期如何支取,0.8251554527796081
632,季得利如何支取,0.8250944907428296
633,好人贷借款多久到账,0.8248661838747567
634,好人贷如何提高额度,0.8228581896066214
635,优惠券如何使用,0.8227384427072569
636,如何进入个人中心,0.8226118922078831
637,好人贷还款后多久到账,0.8218442388611635
638,随心存如何计息,0.8218162102145713
639,好人贷如何审核,0.8205857368737312
640,好人贷如何试算利息,0.8200450580374049
641,登录密码为何无法重置,0.819552800481815
642,好人贷的办理时间,0.8169100603012316
643,季得利如何计息,0.816603493363336
644,贷款证明如何开据,0.8141432548498263
645,如何进入好人贷页面,0.8126615447577997
646,随心存如何登录,0.8119306292951762
647,好事贷如何还款,0.8118108843979266
648,好人贷利率是多少,0.8113121873558062
649,好人贷上征信吗,0.8108915502403248
650,如何删除身份证信息,0.8102425743971158
651,好人贷月利率是多少,0.8097027572103971
652,好人贷账户如何注销,0.8086155755892354
653,好人贷有额度后如何进行贷款,0.8078235112863699
654,好人贷收取哪些费用,0.8067771509528731
655,好人贷如何申请,0.8066860488241545
656,好人贷年化利率是多少,0.8060985994428017
657,好人贷贷款利息如何计算,0.8050517035051147
658,好人贷消费用途,0.8003965863337676
659,好人贷贷款期限是多久,0.7974700951651587
660,什么是登录密码,0.7961892661413479
661,身份证信息变更后如何更新,0.7904273211609895
662,好人贷额度是多少,0.7892914920344953
663,好人贷借款规则,0.7838221721114716
664,好人贷如何还款,0.7805027770772475
665,好人贷提额周期是多久,0.7780526101668281
666,好人贷通过率多少,0.7721671897891469
