0,不打开同时三处的定位肯定会拒绝是吗,1.0
1,手机号归属地与定位地不一致是否有影响,0.9835657482959087
2,进入随心存为何提示手机号码不一致,0.976463575439995
3,存管查询为何提示用户不存在或者信息有误,0.9750773765901608
4,操作好人贷是否需要开启定位,0.9745069544675707
5,页面为何提示“开户失败”、“账户存在异常操作/账户异常”,0.9738676513754488
6,结清贷款后征信上是否会显示结清,0.9733063410099003
7,未正常还款我行会进行催收吗,0.9727968398507156
8,未接到好人贷回访电话会被拒吗,0.9722891381043297
9,为什么拍照认证时总是不成功或显示系统崩溃,0.9722256836847093
10,电话客服是否可以受理结清证明,0.9719253611495066
11,注册手机号更换成功后何时可以正常使用,0.9717820240423842
12,平台方手机号变更导致我行无法直接开据结清证明问题,0.9717163464752073
13,为何同时收到了还款成功和失败的短信,0.9716694707356955
14,为何之前绑定的银行卡不支持扣款了,0.971354294454351
15,好人贷审核时是否给填写的联系人去电,0.9712069411108729
16,公众号页面的“我的排号”是什么意思,0.9711711180035673
17,通过本人微信找回密码是指什么,0.9708151062335416
18,为何征信上的放款日期与实际借款日期不一致,0.9705453237322256
19,为何存管信息与平台显示不一致,0.9705416696848116
20,为何提示支付平台该客户无默认扣款卡，交易没有发给统一支付,0.9704824327740037
21,好人贷注册手机号与银行卡预留手机号是否需要一致？,0.9702779554340003
22,修改手机号码/微信号是否会影响自动扣款,0.9701418121196068
23,随心存可以在我行公众号查询/操作吗,0.9699757529141725
24,线上开据证明为何和征信金额不符,0.9698168411511328
25,为什么点击拍照没有反应,0.9696986545471075
26,微信号更换成功后何时可以正常使用,0.9696693347101725
27,线上是否可开据征信版结清证明,0.9696003806972249
28,好人贷为什么提示“账户存在异常操作”,0.9695204407110446
29,好人贷被拒后为何没有下次开放时间,0.9693839524562804
30,为何存管查询提示没有密码,0.9690439243192814
31,为什么提示用户不存在,0.9689767893752017
32,借款到账后页面未更新借款状态,0.9687096721201335
33,收款卡发卡行拒绝放款失败什么意思？,0.9684854356073236
34,借款合同是否有展示提前还款会收取违约金的情况,0.9682947571623757
35,下一次开放时间是什么意思,0.9682376103108079
36,借款成功会有短信等提醒吗,0.9682014109896419
37,半年得利提前支取影响已发放利息吗,0.9681505617142834
38,为何提示支付平台签约关系不存在,0.9679000778798884
39,开据证明为何显示没有符合要求的订单,0.9678486093716377
40,我行放款的其他平台借款会上报征信吗,0.9678289131605013
41,季得利提前支取影响已发放利息吗,0.9677536093450855
42,在线咨询是否支持客户发送语音,0.9675613418826939
43,银行卡挂失会影响自动扣款吗,0.9675461212255738
44,拨打我行人工客服电话是否收费,0.9673948538176094
45,为何提示支付平台受发卡行资金用途限制拒绝交易,0.9670703421253466
46,为何提示不具备开具资格,0.9670508426755093
47,购买存款页面为何提示“额度不足，无法购买”,0.9667099060840556
48,京东存款是否支持提前支取/提前部分支取？,0.9666249236048845
49,合同为何无法打开,0.9665411998494852
50,银行卡开通银联在线支付后是否可正常还款,0.9665403703892209
51,接收短信的手机号是否为注册手机号,0.9665383037783486
52,绑卡时页面上的银行卡预留手机号码可以修改吗,0.9665000611161846
53,可否按照征信订单号开据证明,0.9664777677194674
54,新网二类户为何无法转入/转出,0.9663830730456646
55,为何提示支付平台不允许持卡人进行的交易,0.9660935989490906
56,新网二类户可以升级为一类户吗？,0.9660468498639102
57,好人贷只能通过绑定的银行卡还款吗,0.9660300077463185
58,新网银行二类户与好人贷是否为同一个手机号码,0.9659379085996261
59,银行渠道维护无法操作怎么办,0.9658391912577394
60,随心存利率为何会发生变化,0.9656457222819418
61,新网二类户转入/转出收取手续费吗,0.9656013287407388
62,更换银行卡会影响自动扣款吗,0.9654575656096146
63,支持绑定的银行卡类型有哪些,0.9653455216395856
64,好人贷申请成功会有短信通知吗,0.9653161311047845
65,注销注册用户后是否可恢复？,0.9652672657821447
66,在线客服是否是人工客服,0.9651926451393225
67,开据证明时为何需要实名认证,0.965007762824176
68,无法提供消费凭证可以取消贷款吗,0.9650003171675275
69,新网银行发送的短信验证码的有效时长？,0.9648889896714605
70,为何征信上有新网上报的贷款记录,0.9648702322031115
71,新网二类户转入/转出有时间限制吗,0.9645560245684996
72,为什么提前还款显示联合贷批次执行中？,0.9644964059209594
73,平台还款信息为何与新网银行不一致,0.9642982230000071
74,提前还款会影响个人征信吗,0.9640995252119923
75,好人贷手动还款时为何提示批次执行中,0.9638422378329234
76,存管密码被锁定怎么办,0.9636121347454945
77,扣款结果会有短信提示吗,0.9635969375487463
78,登录时的图文验证码是否区分大小写,0.9635201016078742
79,定期存款操作的渠道有哪些,0.9635119030708819
80,好人贷借款超时未到账如何处理,0.9633980731003479
81,修改手机号后是否需要重置登录密码,0.9631173158047319
82,白骑士认证失败是什么意思,0.9630423571415161
83,为什么好人贷第一期还款金额与之后不一致,0.9629713901879424
84,贷款结清之后能否删除贷款记录,0.9627950030625659
85,为什么收到提额短信但额度未提升,0.9627585658497608
86,平台方提供的客户审批资料能否提供给客户,0.9625798777301195
87,为何提示支付平台持卡人信息有误,0.9621235413268531
88,随心存操作渠道有哪些,0.962069277191313
89,申请好人贷后，可否更改授信结果,0.9620589640998369
90,视频认证录制失败的原因是什么,0.961950879001803
91,好人贷只能使用微信登录吗？,0.9619494820945084
92,联系新网银行客服有哪几种方式,0.96192895051523
93,提前结清贷款后还会扣款吗,0.9619226189367414
94,贷款证明的电子章是否具有法律效应,0.9619179917362763
95,再次申请好人贷会查询征信吗,0.9618633863167639
96,线上开据证明有次数限制吗,0.9618614960508641
97,是否会发生重复扣款情况,0.9618605888406183
98,优信扣款成功后为何显示待还款,0.9616708544465973
99,手机号无法使用为什么,0.9615768405891381
100,查询结清证明申请是否已提交,0.9615732795651715
101,实名认证是否查询征信,0.9615540906681826
102,为何图文验证码输入正确却提示错误,0.9615526291760395
103,微信/支付宝等可否与新网银行账户互相绑定,0.9613150444072663
104,结清贷款后什么时候可以开据结清证明,0.9612645704442289
105,是否可以取消自动扣款,0.961243534159001
106,银行卡是二类户影响扣款吗,0.9612410951034276
107,为何提示交易密码验证失败,0.9611287512195849
108,为何无法登录存管查询,0.9610739690580047
109,注册手机号及微信号需要实名制吗,0.9610369414515848
110,系统升级会影响扣款吗,0.9609427542751527
111,好人卡绑定云闪付/微信等失败怎么办,0.9609217792386866
112,开具结清证明时为何无法登录,0.9608724413716835
113,新办的手机号可以申请好人贷吗,0.9606992061243773
114,获取验证码次数超限怎么办,0.9604448210494575
115,人脸识别使用的是照片还是视频,0.9600284944469768
116,申请好人贷必须填写联系人信息吗,0.960006990226166
117,结清证明的印章是否可以用公章,0.9599799594814065
118,京东存款为什么显示当日额度为什么已售罄？,0.9599614393859415
119,为何提示用户未实名认证,0.95991631868354
120,客服是否是随机分配,0.959911198672045
121,开据证明时为何提示账户存在异常,0.9595519820845633
122,为何申请好人贷页面显示暂无资格,0.9595447644904925
123,还款银行卡是否需要开通银联在线支付业务,0.959509869252706
124,好人贷审核不通过对个人有什么影响,0.9593921610354258
125,好人贷不借款会产生利息或费用吗,0.9593855713040943
126,补扣会影响信用吗,0.9592951087705569
127,贷款证明开据失败怎么办,0.9592295853044269
128,随心存停售后有影响吗,0.9591426345450631
129,申请好人贷没有公司邮箱怎么办,0.9590831563771561
130,为何人脸识别提示光线太足,0.95907549004267
131,转账时为何提示未面核,0.958860090777035
132,客服能否看到客户申请好人贷的信息,0.9588455849552135
133,为何提示支付平台暂不支持的银行或限额,0.9588193464535941
134,好人贷注册手机号无法使用,0.9587992012567347
135,客服能否查看聊天记录,0.9587849260310511
136,好人贷支持扣款的银行有哪些,0.9587316803504603
137,为何提示支付平台银行卡未开通银联无卡认证支付,0.9587245554577865
138,新网二类户上的资金是否计息,0.9587150380820679
139,如何查看手机号是否实名制,0.9585956780929331
140,五年定期存款支持提前支取吗,0.9583982974777027
141,登录密码为何无法重置,0.9583645043486021
142,结清证明印章无法查看,0.9583135172991639
143,为何提示支付平台当日交易次数超限,0.9582801137751711
144,新网银行人工客服电话打不通,0.9582311907242143
145,为何申请好人贷后显示未获取额度,0.9581716134343972
146,好人贷申请是否查询芝麻信用,0.9581576452281088
147,咨询可以发送图片吗？,0.9581238319169627
148,存款页面是否会显示每日收益,0.9581130542960217
149,随心存到期后何时到账,0.9580836971339941
150,为何重置密码后仍提示密码错误,0.9579936557599098
151,结清证明的发送方式有哪些,0.9579906162493788
152,为何收到新网银行逾期提醒短信,0.9579567323983341
153,为何征信上有新网银行的贷款审批记录,0.9579128605133307
154,按期还款和任性还款的区别是什么,0.9578944356837196
155,新网账户绑定微信/支付宝后支持提现或充值吗,0.9578942761303572
156,好人贷授信首页显示利率是否为固定利率,0.9578848318107038
157,好人贷以什么贷款类型上报人行征信？,0.957593826155792
158,申请好人贷后有没有回复,0.9575370157382257
159,为何按期还款只能选择部分贷款期限,0.9573650474021228
160,征信上显示的贷款金额是否包含利息,0.9573514616320745
161,好人贷申请是否可以使用临时身份证,0.9573347343889886
162,季得利的操作渠道有哪些,0.9572541410170359
163,页面为何无法打开,0.9572244236425431
164,审核电话可更改接听电话吗,0.9572139820739868
165,申请好人贷需要下载APP吗？,0.9571647889627595
166,有额度不使用有什么影响吗,0.9571046325774205
167,随心存利率是多少,0.9570436377989221
168,为何提示还款卡不存在,0.9566408330985507
169,为何提示缺少必要参数,0.9566085472975164
170,交易密码无法设置,0.9565939936477694
171,客户催促需要加急办理,0.9565150387144807
172,关闭其他平台额度后，能否恢复好人贷额度,0.9564588614881773
173,企业邮箱验证码可否重新获取,0.956455346879516
174,新网银行以何名义查询征信,0.9562267042269899
175,申请诺诺发票贷需要什么条件,0.9561585454935282
176,我行对客邮箱是多少,0.9560969345833504
177,为何好人贷还款时提示“交易处理中”,0.9558897474792635
178,好人贷必须绑定银行卡使用吗,0.9558507123354949
179,转入新网银行使用的密码是交易密码还是银行卡密码,0.9558466343889089
180,新网银行人工客服电话是多少,0.9558335457656725
181,绑定银行卡产生费用吗,0.9557323919842269
182,好人贷是否支持提前还当期账单,0.9554688353865878
183,随心存如何查看收益情况,0.9553454211704253
184,新网银行扣款通道是什么,0.9553076800151671
185,好人贷申请需要填写哪些个人信息,0.9552470794611341
186,随心存存款期限有哪些,0.9551723929414687
187,借款后如何判定下次还款日期,0.9551178201519843
188,新网银行合作的存管平台有哪些,0.9550495679008791
189,随心存支持提前支取吗,0.9550431255111894
190,申请好人贷有区域或者号段等限制吗,0.9550411422095266
191,实名认证失败的原因是什么,0.9550070127865029
192,提前支取时为何显示存入,0.9549978924808815
193,可以查询个人信息资料吗？,0.954984029529307
194,为何征信上有新网银行上报的逾期,0.954872591138883
195,好人贷定位如何开启,0.9547278530991334
196,为何提示支付平台发卡行拒绝,0.9546212004752662
197,新网银行账户可以在哪些地方使用,0.9546121627045788
198,如何查询是否开通银联在线支付,0.9544838066994025
199,使用优惠券后提前还款利息如何计算,0.9544786486890949
200,新网银行二类户如何转入/转出,0.954242981998106
201,为何结清证明显示日期与平台不符,0.9542422828483409
202,存管查询的余额如何提现,0.9542251383670041
203,非绑定银行卡可否与新网二类户转账,0.9542231306917304
204,好人贷借款后能否修改贷款信息,0.9542059482596909
205,公众号是否有还款提示,0.9541435299384663
206,新网银行视频认证的QQ号码是多少,0.9540870222494398
207,为何提示该证件已被使用,0.954046273775858
208,申请好人贷需要开个人账户吗？,0.9540084261082301
209,为何无法提交好人贷申请资料,0.9539252962391452
210,手机获取验证码失败,0.9538510048401635
211,好人贷借款金额与到账金额是否一致,0.9538262289687046
212,申请好人贷后为何页面显示仍可提交申请,0.9538039725007575
213,新网银行开户支持的证件有哪些,0.9537850463860762
214,逾期后还款金额是否会增加,0.9537720756309513
215,征信报告是什么样的,0.953579353263671
216,滴水贷客服电话是多少,0.9533124015326199
217,为什么取消了提前部分还款,0.9532801737093953
218,随心存提前支取到账时间,0.9530754583015508
219,页面为什么异常跳转,0.9530221785539053
220,系统繁忙是什么原因,0.9529252552986043
221,如何查询好人贷申请的授信结果,0.9527890065900213
222,新网银行能否绑定云闪付,0.9527516192290004
223,京东存款如何修改注册手机号码,0.9525359772514621
224,如何确保还款日当天会扣款成功,0.9525014644208103
225,名下所有卡被冻结后如何还款,0.9522500382463821
226,他人可以使用本人信息申请好人贷吗,0.9522048509306228
227,好人贷申请的渠道有哪些,0.9521557092632835
228,挖财还款是否为新网银行代扣,0.9521240583058461
229,客户表示没有问题了,0.9520959013709597
230,新网银行的官网地址是什么,0.9520754938996693
231,如何查看随心存购买情况,0.9520674877642149
232,企业邮箱填写错误怎么办,0.9520529296773456
233,如何查询合作平台贷款是否结清,0.9519849338143771
234,为何提示支付平台渠道不支持的银行,0.9518047643138031
235,企业邮箱为何验证不了,0.9517896727566106
236,好人贷如何查看所支持的还款方式,0.9517521731299858
237,可以查询注册手机号码吗,0.9517277899546135
238,优信客服电话是多少,0.9515766086948704
239,自动扣款失败怎么办,0.9515747130408554
240,好人贷提额会查询征信吗,0.9515614035141895
241,销户与否会产生什么影响,0.9513086567760992
242,好人贷支持微信/支付宝扣款吗,0.9512769460433914
243,银联在线支付是什么,0.9512539180898407
244,如何查看委托支付协议,0.9512035869749946
245,节假日可以操作各类存款吗,0.9510984120056882
246,好人贷审核电话是多少,0.9510471081671173
247,申请好人贷工作信息如何填写,0.9510113659635693
248,密码被锁定怎么办,0.950996618310461
249,如何取消征信查询及使用授权书,0.9509017928761552
250,银行渠道维护是指什么,0.9508650864561011
251,逾期未还款如何处理,0.9508513886297291
252,能否人工开据贷款证明,0.950746282587107
253,结清证明是否是还款记录证明,0.9506900072116146
254,验证码发送至什么手机号,0.9506800800246724
255,征信上报周期及更新时间,0.9505877210051693
256,转账到新网银行如何操作,0.9504793015391441
257,银联在线支付如何开通,0.9503874355470006
258,好人贷交易密码如何设置,0.9503093689849477
259,好人贷账户是否为新网银行二类户？,0.9501911232424168
260,存款产品的资金可以用于好人贷还款吗,0.950074357570661
261,当期账单支持再分期吗,0.9500726614192285
262,好人贷为什么无法登录,0.9500458884029178
263,新网银行有哪些产品可以提额,0.9499637900337657
264,选择任性还款/按期还款利息如何计算,0.9499512503324028
265,如何查看好人贷相关协议/合同？,0.9499498543149334
266,新网银行账户可以设置为好人贷借/还款账户吗,0.9496270908918963
267,新网银行公众号如何取消关注,0.949509034907153
268,客户咨询其他平台催收问题,0.9494634203944669
269,好人贷申请是否支持人工受理,0.9493379558752209
270,借款时选错收款账户怎么办？,0.9492500588615742
271,好人贷与其他平台类似产品的区别是什么,0.949042889903402
272,五年定期存款的利率是多少,0.9488562230614684
273,人脸识别失败怎么办,0.9488434019223126
274,申请创客贷需要什么条件,0.9487737686254974
275,还款日当天支持手动还款吗,0.948711226549971
276,新网银行账户的交易记录如何查看,0.9486710130244352
277,为何提示支付平台支取金额超过可用余额,0.9486238257254762
278,还款后页面显示等待中,0.9485433391696055
279,好人贷是否支持归还逾期部分账单,0.9484594955534384
280,为何申请好人贷无结果,0.9484304750491787
281,核身链接失效的原因,0.9484260923940734
282,京东存款的计息规则及计息公式,0.9484109316163903
283,实名认证为什么不符,0.9483483273358517
284,好人贷借款时还会审核吗,0.9482968375853129
285,为何提示支付平台交易金额超限,0.9482646358839094
286,诺诺发票贷的利率是多少,0.9482374090441398
287,新网银行合作平台有哪些,0.9481993490194748
288,为何提示支付平台账户状态异常,0.9481852882345527
289,新网银行存款是否受保障,0.9481713982737989
290,还款日当天是否自动扣款,0.9481496701720815
291,更改银行卡预留手机号的方法,0.9480356005516036
292,活体检测失败怎么办,0.9479192227193622
293,为何收到新网银行还款短信,0.947848066191469
294,为何提示支付平台账户余额不足,0.9478105629761584
295,美团客服热线是多少,0.9477178728881067
296,自助提额什么时候上线,0.9476659778716002
297,什么是银行卡预留手机号？,0.9476264918683047
298,客户发送截图以及个人信息等,0.9475703950439088
299,在哪个平台操作提现,0.9475580467309224
300,可以通过他人银行卡转入到新网银行账户吗,0.9474580626902523
301,新网银行存款产品为何暂停交易,0.947438268847213
302,还款后为何未更新还款状态,0.9471450307781566
303,存款产品是否存满五年才能支取,0.9471254861407608
304,什么是单笔借据和多笔借据,0.9470870588174453
305,如何更改其他平台的注册手机号码,0.9468810819753322
306,新网银行地址在哪里,0.9468692912857933
307,好人贷还款后额度何时恢复,0.946844291209136
308,目前支持的银行有哪些,0.9468203438479655
309,定期存款的利率是多少,0.9468153249590902
310,还款日可以修改吗,0.946775185680379
311,什么是无卡支付及免密支付,0.946744893715309
312,身份证更换期间会影响好人贷贷款吗,0.9467099798637938
313,为何提示支付平台其他错误,0.9467024313086482
314,存在迁户问题怎么处理,0.946523680295817
315,销户后可以再开户吗,0.9464679040008441
316,视频认证的步骤是什么,0.9464603981697867
317,如何修改实名认证手机号码,0.9462861775019863
318,结清证明会展示哪些信息,0.9462547136945787
319,如何查询转账到新网银行的记录,0.946233783204662
320,新网银行二类户限额是多少,0.9461908039852354
321,好人贷额度必须一次性借完吗,0.9457936395669663
322,销户后为何还能解绑银行卡,0.9457823840900561
323,选择任何还款方式都可以提前还款吗,0.9456470650705341
324,提前还款手续费是多少,0.9455819041667028
325,新网银行的活期利率是多少,0.9455725730629153
326,为何提示系统异常,0.9455324560713008
327,随心存如何修改交易密码,0.9453692763985473
328,如何查询申请相关的协议书,0.9452765325289391
329,申请好人贷需要什么条件,0.944965167911524
330,定期存款是否有存单,0.9449075888557714
331,新网银行有实体卡片吗,0.9448777010304379
332,黑户/白户是否可以申请好人贷,0.9446695019938066
333,能否开具非恶意逾期证明,0.9445939978682184
334,提前还款有次数限制吗,0.9443088253552082
335,电脑端可以登录好人贷吗,0.9439155796333948
336,线下转账如何填写新网银行开户信息,0.943841759726958
337,好人贷提前还款最低还多少,0.9436086874084174
338,"好人贷有回访电话吗""",0.9435402737234444
339,如何修改存管账户预留手机号码,0.9434095205396016
340,银行转账未到账怎么办,0.9434034604937735
341,存管提现到账时间是多久,0.9433987355218759
342,为何提示还款存在差错,0.943383011944231
343,一个身份证可以申请好人贷两次吗？,0.9433549824302583
344,为什么银行还款存在限额？,0.9433187064545413
345,如何查看优惠券的使用情况,0.9432765658038119
346,为何销户后还能看到好人贷信息,0.9430848367193759
347,人工是否可操作扣款,0.9430612802417658
348,新网账户之间能否互相转账,0.9430364858677703
349,新网银行自动扣款时间,0.9430299567346685
350,提额会有通知吗,0.9429901379056591
351,实际申请金额与放款金额不一致可否取消车贷,0.9429809589017655
352,好人贷利率为什么调高了,0.942896667949119
353,月得利提前支取如何计息,0.9425650567047006
354,转账到新网银行账户是否还款成功,0.9424882861093646
355,如何修改征信上的个人信息,0.9424059385693077
356,好人贷部分提前还款规则,0.9422671760901485
357,好人贷需要面签吗,0.9421880640641933
358,新网银行存款属于理财产品吗,0.9420069650149753
359,好人贷-云闪付是什么,0.9419976338074458
360,为什么收到美利车金融的短信,0.9419131063487683
361,如何修改新网随心存注册号码,0.9419058630472822
362,哪些渠道可以购买京东存款产品？,0.9418964760916126
363,销户后是否上征信,0.941682674870938
364,客户表示还款成功,0.9416320382140364
365,如何查看银行卡管理列表,0.9415625202593345
366,如何通过线下方式转入新网二类户,0.9415250410009436
367,为什么无法注册,0.9415091645608712
368,新网银行存款类产品有哪些,0.9414938491547236
369,可绑定银行卡数量上限,0.941325994773432
370,怎样才能成功申请到额度,0.9413073777451703
371,自动扣款如何操作,0.9412874869179716
372,申请好人贷需要哪些资料,0.9411554632493344
373,周得利提前支取如何计息,0.9410548677614688
374,申请好人贷使用的邮箱是公司邮箱还是个人邮箱,0.9408652599725191
375,新网银行自动扣款次数,0.9407255433138135
376,好人贷可以重新申请吗,0.9406262383189594
377,提前支取有限制吗,0.9405457664920065
378,好人贷额度为什么变低了,0.9403048301521342
379,如何设置存管支付密码,0.9401293066858747
380,关于客户个人信息安全问题,0.940018660691409
381,随心存T+1是什么,0.9397038983013083
382,绑定银行卡失败,0.9396418447386711
383,申请好人贷需要公积金、社保吗？,0.9395260285690648
384,为何还款后额度恢复减少了,0.939504089854653
385,令牌无效是什么,0.9392024951532327
386,居住信息如何填写,0.9389577713616623
387,为什么没有扣款,0.9386862991005184
388,存款需要先开立银行账户吗,0.938680185851515
389,还款金额超银行卡限额怎么办,0.9384258304124454
390,节假日可以借/还款吗,0.9383933542703483
391,新网银行如何联系客户,0.9383810143330851
392,征信是什么,0.9380099821631475
393,查询各类工单办理进度,0.9377153272359415
394,审核电话内容是什么,0.9376926304051522
395,修改手机号码的处理时间是多久,0.9376881121734967
396,好人贷支持在国外发起借款吗,0.9375606836602711
397,如何退出微信公众号,0.9373638245297193
398,如何解约快捷支付？,0.9372383069048038
399,好人贷支持随时借款吗,0.9371941217993822
400,好人贷申请必须使用身份证原件吗,0.9370435868310298
401,客户表示知道了,0.9367222542985998
402,申请好人贷是否都有额度,0.936574223109189
403,新网银行有企业贷款吗？,0.9365383275082438
404,客户要求发送相关模板,0.9364867922293064
405,新网银行三类户是什么,0.9363993501677687
406,可以咨询吗,0.9363732215692981
407,如何把注册用户与结算用户都注销,0.9363345742825602
408,好人贷借款记录如何查询,0.9363306292576824
409,好人贷自动扣款规则,0.9359555134930443
410,银行卡还款限额是多少,0.9358279799730407
411,新网银行是否上市,0.9357136109672854
412,逾期造成的影响是什么,0.9356795774196766
413,能否删除个人信息,0.9356450223415201
414,能否让客服回电,0.9355087222997919
415,什么是我的额度和可借额度,0.9352613255195139
416,好人贷支持周末借款吗？,0.9349816319580438
417,好人贷有回访电话吗,0.9347774017491015
418,好人贷借款如何上报征信,0.934755182387421
419,如何获取线上核身链接,0.9346852147564838
420,好人贷能否人工操作提额,0.9346708411729573
421,查询车贷的注册手机号码是什么,0.9345146190397282
422,如何查看贷款合同,0.9345038027428313
423,存款产品如何重置交易密码,0.9342685752269545
424,扣款失败的原因,0.9341240049543015
425,实名认证审核时间,0.9339917570978211
426,好人贷扣款账户如何查看,0.9338556206175063
427,可以让别人代还款吗？,0.9337616600477484
428,新网银行有哪些活动,0.9333316240699234
429,申请被拒怎么办,0.9333050294785189
430,好人贷贷款利息如何计算,0.93329760156845
431,存款产品如何修改手机号,0.9332466211687332
432,还款记录如何查看,0.9331556294724188
433,上传身份证时需填写的内容是什么,0.9327496027828214
434,迁户是什么意思,0.9327204692518617
435,可否取消银行卡限额,0.9326063694493534
436,输入身份证号码时，为何无法输入字母,0.9324565207832267
437,好人贷个人资料如何修改,0.9324430493635837
438,合作平台如何取消贷款,0.9323039437727517
439,好人贷是否支持提前还款,0.9323002702859053
440,企业邮箱格式是什么,0.9322108372605867
441,好人贷支持随借随还吗,0.9322028055513144
442,新网银行行号是多少,0.9319751245168671
443,好人贷还款记录如何查询,0.9319528241027182
444,客户提到投诉,0.9319169547752293
445,好人贷为什么无法借款,0.9317107654573772
446,什么是分批次扣款,0.9316628836488345
447,新网银行以什么名义放款,0.9314646915908095
448,如何激活新网二类户,0.9309781836451341
449,如何查看好人贷还款计划,0.9309338155475586
450,可以重新注册吗,0.9308281750921609
451,什么情况算逾期,0.9307488721077601
452,如何查询其他平台扣款银行卡,0.9307358266363731
453,开户是什么意思,0.930610224445923
454,如何登录微信公众号,0.930535788640292
455,新网银行有信用卡吗,0.9302899781001238
456,如何知晓已注销成功,0.930269801409865
457,好人贷-云闪付如何提前还款,0.9300766215727909
458,我们是四川新网银行吗,0.9300228831359175
459,好人贷账户如何更换手机号码,0.930003739912534
460,如何查看开户结果,0.9299992023049929
461,好事贷收取哪些费用,0.9296033076021829
462,身份证信息变更后如何更新,0.9295674048235367
463,开户失败原因,0.9290111482290563
464,客户表示需要考虑,0.9289799518657756
465,贷款证明如何开据,0.9288557686417478
466,人脸拍摄规范,0.9286555906371987
467,车贷合同为何无法查看,0.9283453493130563
468,好人贷还款方式有哪些,0.9282426493448541
469,如何关注新网银行公众号,0.9279410380448229
470,抵押类贷款如何办理,0.9278032537985395
471,好人贷收取哪些费用,0.9276937873765418
472,好人贷利率为什么高,0.9275011747202121
473,好人贷额度是否会发生变化,0.9274767056533723
474,新网银行有招聘吗,0.9273729744322621
475,随心存产品停售原因,0.9273591900934464
476,什么情况算违约,0.9273386348712943
477,好人贷能否绑定他人银行卡,0.9273250043492891
478,额度冻结是什么意思？,0.9271061336027633
479,身份证上传失败怎么办,0.926794758493772
480,五年定期存款是什么,0.9266943196146812
481,什么是风控审核中,0.9266409004490309
482,如何更换微信号,0.9265568729917615
483,定期存款到期如何支取,0.926493968399944
484,周得利计息规则,0.9264881799378469
485,好人贷上征信吗,0.9264568730741146
486,如何查询存管账户流水,0.9262741328314383
487,他行渠道汇入新网账户的到账时间是多久,0.9260035292047032
488,车贷合同里的金额是否包含利息,0.9259995244815902
489,存管账户充值限额,0.9257886536595602
490,随心存如何计息,0.9255184434879175
491,好人贷申请能否撤销,0.9255011860628284
492,自动扣款时间段是多久,0.925241237450115
493,为何页面出现多个新网银行账户,0.9252333272908522
494,好人贷额度是否循环使用,0.9250457290413157
495,好人贷-云闪付如何更换收/还款银行卡,0.9249773896407739
496,如何查询账户是否冻结,0.9247999597817109
497,车贷扣款支持的银行卡有哪些,0.9247529074880217
498,可否补充企业邮箱,0.924737094442856
499,结清证明开据时间是多久,0.9246311033113452
500,好人贷申请身份证可否添加水印,0.9244341942070464
501,好人贷当期能否最低还款,0.92426191675841
502,新网银行有几个网点,0.9241693188141757
503,随心存是什么,0.9240084267519735
504,车贷还款只扣除部分是什么原因,0.9239353625420027
505,存管账户如何查询,0.9239003159307504
506,开通什么业务,0.9238582284924048
507,随心存存入限额,0.9235492496280165
508,获取额度后多久可发起借款,0.9235158176329197
509,存款产品支取通用路径,0.9232863000007047
510,如何开据存款证明,0.9232645668291386
511,客户表示有合作意向,0.9224102464695276
512,注册规则是什么,0.9222790077624947
513,新网银行业务办理时间,0.9222521776009315
514,好人贷电话回访时间,0.9221726506527927
515,借款失败怎么办,0.9217712539342495
516,新网银行人工客服服务时间,0.9217151320551878
517,如何注销新网注册用户,0.9216783897574139
518,存款利率是多少,0.9215934783493819
519,好人贷通过率多少,0.9215273425759679
520,如何查询征信报告,0.9214217816061129
521,什么是综合评估,0.9213186287977503
522,好人贷有额度后如何进行贷款,0.921301722446157
523,58车金融客服电话是多少,0.9212747741875887
524,银行渠道维护时间一般是多久,0.9211672216622274
525,好人贷额度他人能否使用,0.9207864882738965
526,是否需要使用本人手机操作好人贷,0.9206937084329776
527,公众号如何注册,0.9205871560176973
528,如何签署借款合同,0.9203808451737837
529,创客贷额度是多少,0.9202169294793162
530,如何查询是否已申请好人贷,0.920057539400522
531,身份证过期可以申请好人贷吗,0.9198438029801508
532,任性还款是什么,0.919830660545594
533,如何办理对公业务,0.9197057814716829
534,其他贷款怎么办理,0.9196867000044276
535,客户表示不满,0.9188485952226336
536,如何操作随心存大额存款,0.9188368163390176
537,新网诺诺发票贷如何申请,0.9187899645873309
538,如何选择按期还款/任性还款,0.9187019713856107
539,新网银行好事贷如何申请,0.917808989296647
540,客户表示稍等,0.9174485864924329
541,好人贷是邀请制吗,0.9172688214557481
542,忘记密码怎么办,0.9171678326287038
543,按期还款是什么,0.9170981061221545
544,客户称赞服务好,0.9167156577174732
545,罚息能否减免,0.9160258608165942
546,如何购买新网银行存款产品,0.9148650987905016
547,什么是注册号码？,0.9147042509839219
548,退汇是什么意思,0.914159398510892
549,有多少人获得好人贷额度,0.9140341353391026
550,季得利如何计息,0.9140186861844596
551,好人贷借款合同有效期是多久,0.9138660419802566
552,如何查询还款日,0.9137681687727085
553,如何注销公众号,0.9135412011893635
554,如何查询好人贷借据收款银行卡,0.9130542660841539
555,经侦是指什么,0.9129420097290504
556,新网有哪些产品,0.9129277289590662
557,如何查询当期车贷还款金额,0.9127015362312174
558,存款产品是否保本保息,0.9124746235889297
559,存管是什么,0.9122115799922141
560,好人贷年化利率是多少,0.9118174466173082
561,手持身份证拍照的注意事项,0.9116989805550844
562,什么是一、二、三类户,0.91103027536936
563,什么是当期账单,0.9103066627445594
564,好人贷为何无法还款,0.910187027585428
565,如何获得优惠券,0.9099303261911621
566,什么是活体检测,0.9098771219295207
567,线上转入新网银行账户到账时间是多久,0.9098695766280201
568,好人贷账户如何挂失,0.9097337792495137
569,如何进入好人贷页面,0.9096846884605106
570,各还款方式如何进行还款,0.9096185402622798
571,好人贷是否有临时额度,0.9093127628123869
572,如何降低/关闭额度,0.9088835178246981
573,车贷还款记录如何查询,0.9083145691924422
574,如何开立存管账户,0.9079442180016644
575,如何录制活体检测,0.9077218554968605
576,车贷能否绑定他人银行卡,0.9074621800193414
577,消费凭证有效期是多久,0.9071430582612559
578,如何进入个人中心,0.9063795904422806
579,如何更换好人贷默认还款账户,0.9062135939986037
580,好人贷月利率是多少,0.9052251099039942
581,好人贷如何降低利率,0.905180897309839
582,优惠券如何使用,0.9049687445081881
583,好人贷如何实名认证,0.9033917046584469
584,好人贷为什么额度低,0.9027634922044333
585,为何无法销户,0.9025322334187599
586,个人可以在新网开立几个账户,0.902141025718524
587,随心存如何登录,0.9018905956040044
588,密码如何修改,0.9016674303715331
589,额度占用问题,0.901502466744045
590,车贷可以修改还款日吗,0.9014263656531056
591,季得利是什么,0.9013740407962466
592,合作平台如何还款,0.9012383903407395
593,如何办理好人卡？,0.901062165828253
594,好人贷如何试算利息,0.900034212755516
595,车贷合同如何查看,0.8990882287771313
596,好人贷如何提高额度,0.8986866817686306
597,美利车联系电话,0.8983076214897782
598,罚息介绍,0.8982705811849979
599,如何更换借款收款银行卡,0.8979188843902765
600,车辆信息如何查询,0.8974320903725564
601,好人贷利率是多少,0.895305740183706
602,好人贷还款后多久到账,0.8950619171497363
603,新网银行账户是什么,0.8945573480328256
604,如何注销新网二类户,0.8941795095935817
605,怎样用其他手机登录好人贷,0.8941791071861065
606,如何查询车贷还款日,0.8936143442760571
607,好人贷账户如何查询,0.8934135157043095
608,车贷如何修改注册手机号码,0.8933214571183639
609,关于消费凭证,0.8932777969065807
610,车贷申请多久可以放款,0.8930374477540136
611,新网银行APP下载,0.8929061214464916
612,如何邀请好友申请好人贷,0.8915911241927239
613,工新借是什么,0.8913450752382843
614,好人贷放款至什么账户,0.8912163148608582
615,存管账户如何注销,0.8910504113547206
616,房产保证金是什么,0.8900202596550475
617,为何无法申请好人贷,0.8895465180071106
618,车贷利息是多少,0.8889575023829978
619,如何绑定银行卡,0.8843942088955412
620,车贷支持手动还款吗,0.8842376453472572
621,新网银行简介,0.8842373530325702
622,如何冻结新网银行账户,0.8840834252540951
623,如何查询新网账户,0.8838541864539099
624,车贷收取哪些费用,0.8829708126136577
625,什么是还款日,0.8820032204734485
626,如何在新网银行开户,0.8818837176423364
627,批扣时间段是多久,0.8815686620191258
628,季得利如何支取,0.8812961427973051
629,客户提出建议,0.8812441614465291
630,好人贷如何审核,0.8810329442947671
631,好人贷的办理时间,0.8789552453650353
632,注销账户的处理时间,0.8787313639539232
633,额度冻结怎么办,0.8787079182001343
634,车贷如何办理解押手续,0.8781303615818815
635,工新借如何申请,0.8775675409991872
636,好人贷审核时间是多久,0.8741387912124102
637,什么是登录密码,0.8737969189097704
638,好人贷额度是多少,0.8727017004998886
639,好人贷如何自助提额,0.8725675526489093
640,如何换绑银行卡,0.8709586459162723
641,车贷平台如何查询,0.8701802079608699
642,好人贷借款规则,0.8695105728399306
643,可否对公还款,0.8679252815631062
644,可否延期还款,0.8673778358709278
645,好人贷消费用途,0.8664629299002253
646,好人贷额度有效期是多久,0.8662587091440431
647,如何解绑银行卡,0.8648610946778172
648,车贷如何解绑银行卡,0.8641887968612371
649,好人贷如何提前还款,0.8616065166767227
650,车贷逾期如何还款,0.8609275231508539
651,车贷如何还款？,0.8602316876304917
652,好人贷贷款期限是多久,0.85869162204118
653,好人贷提额周期是多久,0.8568969101675769
654,好人贷是什么,0.8568234830855331
655,车贷如何更换还款银行卡,0.8548654398284963
656,好人贷如何主动还款,0.8504561365499036
657,车贷如何提前还款,0.8450390616833441
658,什么平台的贷款,0.844566904863119
659,好人贷如何申请,0.8429190536232084
660,如何删除身份证信息,0.8398842623275989
661,如何增加银行卡,0.8370083876975302
662,车贷如何申请,0.8318039378937344
663,好事贷如何还款,0.82199947966392
664,好人贷借款多久到账,0.8164015169531703
665,好人贷账户如何注销,0.8036247596448773
666,好人贷如何还款,0.7808844857265046
