0,按期还款完后面就不会有多出的费用了把,1.0
1,按期还款和任性还款的区别是什么,0.9814777548288018
2,逾期后还款金额是否会增加,0.9807276493547324
3,为什么好人贷第一期还款金额与之后不一致,0.9797475451083535
4,借款合同是否有展示提前还款会收取违约金的情况,0.9782645591410712
5,为何按期还款只能选择部分贷款期限,0.9775702820698519
6,提前结清贷款后还会扣款吗,0.9767024713719121
7,逾期未还款如何处理,0.9751241868119835
8,好人贷不借款会产生利息或费用吗,0.9745163202737396
9,提前还款手续费是多少,0.9743117277968648
10,借款后如何判定下次还款日期,0.9738027173195273
11,如何确保还款日当天会扣款成功,0.9737781651469256
12,为何征信上的放款日期与实际借款日期不一致,0.973609878071078
13,是否会发生重复扣款情况,0.9733392596875853
14,优信扣款成功后为何显示待还款,0.9731074481687686
15,未正常还款我行会进行催收吗,0.9723005853611355
16,平台还款信息为何与新网银行不一致,0.9722818449885345
17,为什么提前还款显示联合贷批次执行中？,0.9720760586475761
18,定期存款操作的渠道有哪些,0.9718997280323586
19,季得利提前支取影响已发放利息吗,0.9718110136879036
20,无法提供消费凭证可以取消贷款吗,0.9717710960643815
21,好人贷借款超时未到账如何处理,0.9716061516373776
22,选择任性还款/按期还款利息如何计算,0.971574760674672
23,为何提示还款卡不存在,0.9714030436615269
24,还款后为何未更新还款状态,0.971386614728402
25,提前还款会影响个人征信吗,0.9712304289512442
26,好人贷手动还款时为何提示批次执行中,0.9712075811002919
27,提前还款有次数限制吗,0.9710699313406794
28,五年定期存款支持提前支取吗,0.9709800174398463
29,随心存利率为何会发生变化,0.9708494083792878
30,结清贷款后征信上是否会显示结清,0.9708320207235642
31,购买存款页面为何提示“额度不足，无法购买”,0.9707691055179202
32,半年得利提前支取影响已发放利息吗,0.9707246569325813
33,为何提示支付平台该客户无默认扣款卡，交易没有发给统一支付,0.9707071137229946
34,下一次开放时间是什么意思,0.9707032880265758
35,结清贷款后什么时候可以开据结清证明,0.9705742371762265
36,使用优惠券后提前还款利息如何计算,0.9702380761558932
37,为何好人贷还款时提示“交易处理中”,0.970182549974969
38,为什么取消了提前部分还款,0.9699445551560526
39,名下所有卡被冻结后如何还款,0.9699212606414478
40,为何同时收到了还款成功和失败的短信,0.9697961185399855
41,好人贷被拒后为何没有下次开放时间,0.9697699136736863
42,好人贷是否支持提前还当期账单,0.9696335752324584
43,选择任何还款方式都可以提前还款吗,0.9691952236302056
44,好人贷提前还款最低还多少,0.9691268161622146
45,扣款结果会有短信提示吗,0.9687766716690436
46,存款产品的资金可以用于好人贷还款吗,0.9687192266879853
47,借款到账后页面未更新借款状态,0.9686364725731265
48,存款页面是否会显示每日收益,0.9685764354774359
49,五年定期存款的利率是多少,0.9683388095634143
50,贷款结清之后能否删除贷款记录,0.9682982123852362
51,为何还款后额度恢复减少了,0.9682551972194257
52,我行放款的其他平台借款会上报征信吗,0.9682521655193169
53,好人贷还款后额度何时恢复,0.9680846245928905
54,电话客服是否可以受理结清证明,0.9679975540988687
55,结清证明是否是还款记录证明,0.9678100068386986
56,好人贷如何查看所支持的还款方式,0.9673213718628453
57,为何提示不具备开具资格,0.9671275067231976
58,京东存款是否支持提前支取/提前部分支取？,0.9670729046645568
59,好人贷支持扣款的银行有哪些,0.967032740812551
60,还款后页面显示等待中,0.967008038426569
61,为何征信上有新网上报的贷款记录,0.9667046339721305
62,结清证明的发送方式有哪些,0.9665959372827246
63,定期存款的利率是多少,0.9665767944219109
64,未接到好人贷回访电话会被拒吗,0.9665054964584395
65,线上开据证明为何和征信金额不符,0.9662770684448039
66,页面为何提示“开户失败”、“账户存在异常操作/账户异常”,0.9662202884063908
67,为什么银行还款存在限额？,0.9661808678622134
68,还款日当天支持手动还款吗,0.96612828210941
69,为何提示支付平台不允许持卡人进行的交易,0.9660743339386967
70,随心存存款期限有哪些,0.9660204473928048
71,平台方手机号变更导致我行无法直接开据结清证明问题,0.9659870102900796
72,为何之前绑定的银行卡不支持扣款了,0.9659780335467146
73,拨打我行人工客服电话是否收费,0.9659671706709357
74,为何提示支付平台签约关系不存在,0.9659476070896327
75,银行卡开通银联在线支付后是否可正常还款,0.9656806247067374
76,滴水贷客服电话是多少,0.9656615002331067
77,收款卡发卡行拒绝放款失败什么意思？,0.9655962133111635
78,为何提示还款存在差错,0.965531528209039
79,为什么点击拍照没有反应,0.9654316198564611
80,季得利的操作渠道有哪些,0.9654202133347618
81,存款产品是否存满五年才能支取,0.9653623802032083
82,还款日当天是否自动扣款,0.9653285804048964
83,好人贷只能通过绑定的银行卡还款吗,0.9651158986834091
84,是否可以取消自动扣款,0.9650165871716984
85,随心存利率是多少,0.9649925668175439
86,更换银行卡会影响自动扣款吗,0.9649147335006332
87,提前支取时为何显示存入,0.9647319657787427
88,诺诺发票贷的利率是多少,0.9647149529473106
89,为何提示支付平台受发卡行资金用途限制拒绝交易,0.964704145460816
90,节假日可以操作各类存款吗,0.9646448875538085
91,挖财还款是否为新网银行代扣,0.9645236648383656
92,注销注册用户后是否可恢复？,0.9644471603501689
93,好人贷部分提前还款规则,0.9644257798826958
94,好人贷为什么提示“账户存在异常操作”,0.9643495005988707
95,新网二类户转入/转出收取手续费吗,0.9642601207858414
96,周得利提前支取如何计息,0.9641694791196316
97,节假日可以借/还款吗,0.9641116291862558
98,好人贷借款金额与到账金额是否一致,0.964088408594873
99,申请诺诺发票贷需要什么条件,0.9640428154801606
100,好人贷审核时是否给填写的联系人去电,0.9640410192085636
101,新网二类户可以升级为一类户吗？,0.9640281102088131
102,银行卡是二类户影响扣款吗,0.9639567013196918
103,借款成功会有短信等提醒吗,0.9638737859438554
104,还款银行卡是否需要开通银联在线支付业务,0.9638195024973921
105,月得利提前支取如何计息,0.9636775367586631
106,可以让别人代还款吗？,0.963501076526093
107,客户表示还款成功,0.9634269967811697
108,新网银行扣款通道是什么,0.9631978684951742
109,定期存款是否有存单,0.9631270447797537
110,借款时选错收款账户怎么办？,0.9631018299685861
111,为何提示支付平台当日交易次数超限,0.9630504450833635
112,存管查询为何提示用户不存在或者信息有误,0.9627980566757456
113,系统升级会影响扣款吗,0.9627943748408464
114,注册手机号更换成功后何时可以正常使用,0.962655687756239
115,线上是否可开据征信版结清证明,0.962614863747298
116,好人贷额度必须一次性借完吗,0.9625939890371882
117,好人贷是否支持归还逾期部分账单,0.9624212190099968
118,还款金额超银行卡限额怎么办,0.9623691393023259
119,转账时为何提示未面核,0.9622580588127756
120,为何申请好人贷页面显示暂无资格,0.9621084667781249
121,联系新网银行客服有哪几种方式,0.9620838065625297
122,申请好人贷后，可否更改授信结果,0.9620079814895228
123,新网二类户转入/转出有时间限制吗,0.9619779499533907
124,开据证明为何显示没有符合要求的订单,0.9619297071789344
125,公众号是否有还款提示,0.9618865535625157
126,再次申请好人贷会查询征信吗,0.9618559888081788
127,还款日可以修改吗,0.9618307707726722
128,随心存如何查看收益情况,0.9615969460529459
129,随心存提前支取到账时间,0.9615805951574566
130,公众号页面的“我的排号”是什么意思,0.9615448120711743
131,为何提示支付平台持卡人信息有误,0.9614742157722042
132,为什么提示用户不存在,0.96145638942778
133,好人贷注册手机号与银行卡预留手机号是否需要一致？,0.9613960781641597
134,京东存款为什么显示当日额度为什么已售罄？,0.9613488551586113
135,新网二类户上的资金是否计息,0.9612604088055318
136,好人贷借款时还会审核吗,0.9610528038550809
137,新网二类户为何无法转入/转出,0.9610299876818594
138,在线客服是否是人工客服,0.960807106556514
139,银行卡挂失会影响自动扣款吗,0.9607861724132619
140,随心存操作渠道有哪些,0.960779200113625
141,结清证明的印章是否可以用公章,0.9607365142170314
142,为何存管信息与平台显示不一致,0.9606754365350874
143,银行卡还款限额是多少,0.9605957428699992
144,为何征信上有新网银行的贷款审批记录,0.9605281702843232
145,当期账单支持再分期吗,0.9604701231961236
146,为什么拍照认证时总是不成功或显示系统崩溃,0.9603762307451483
147,好人贷以什么贷款类型上报人行征信？,0.9603527773246907
148,合同为何无法打开,0.9602320695827335
149,申请好人贷后有没有回复,0.9602186485349093
150,能否人工开据贷款证明,0.9601394308159096
151,关闭其他平台额度后，能否恢复好人贷额度,0.9601243141156135
152,线上开据证明有次数限制吗,0.9600974148603303
153,银行渠道维护无法操作怎么办,0.9600487227034963
154,为何提示支付平台暂不支持的银行或限额,0.9599468510056576
155,登录时的图文验证码是否区分大小写,0.9599444433443953
156,平台方提供的客户审批资料能否提供给客户,0.9598436020904707
157,手机号归属地与定位地不一致是否有影响,0.9598322182825084
158,微信号更换成功后何时可以正常使用,0.959831321583911
159,随心存支持提前支取吗,0.9597540421446848
160,客户表示没有问题了,0.9597014496637727
161,可否按照征信订单号开据证明,0.9596979868478842
162,贷款证明开据失败怎么办,0.9596878037075078
163,新网银行存款是否受保障,0.959611696005873
164,补扣会影响信用吗,0.959605988091968
165,为何申请好人贷后显示未获取额度,0.9595691826036991
166,进入随心存为何提示手机号码不一致,0.9595525920934705
167,销户后可以再开户吗,0.9595443274008413
168,为什么收到提额短信但额度未提升,0.959512151454041
169,客服能否看到客户申请好人贷的信息,0.9595002666895223
170,开具结清证明时为何无法登录,0.9594527475738456
171,征信上显示的贷款金额是否包含利息,0.9593951901291131
172,为何结清证明显示日期与平台不符,0.9593894547023979
173,京东存款的计息规则及计息公式,0.9591361798277553
174,好人贷授信首页显示利率是否为固定利率,0.9591170647353787
175,好人贷借款后能否修改贷款信息,0.9588785151323564
176,好人贷利率为什么调高了,0.9588442567647014
177,新办的手机号可以申请好人贷吗,0.9587535929782891
178,申请好人贷需要下载APP吗？,0.9587197737237678
179,如何查看委托支付协议,0.9586380136973361
180,贷款证明的电子章是否具有法律效应,0.9584584939982481
181,结清证明会展示哪些信息,0.9582509760845825
182,为何存管查询提示没有密码,0.9582005186313102
183,新网银行开户支持的证件有哪些,0.9580492322166569
184,为何无法提交好人贷申请资料,0.9580406302161223
185,新网银行存款产品为何暂停交易,0.9580385397827208
186,为何提示缺少必要参数,0.9579652283193288
187,新网银行人工客服电话是多少,0.9578763486809839
188,好人贷审核电话是多少,0.9578641954734497
189,提前支取有限制吗,0.9577894462615193
190,为何收到新网银行还款短信,0.9577845331611656
191,好人贷额度为什么变低了,0.9576888792585313
192,提额会有通知吗,0.9576653716595799
193,开据证明时为何提示账户存在异常,0.9576462202840593
194,如何查询合作平台贷款是否结清,0.9575985446794244
195,好人贷申请成功会有短信通知吗,0.957587957572794
196,结清证明印章无法查看,0.9575875391684242
197,为何提示支付平台交易金额超限,0.9575776767159044
198,好人贷申请是否可以使用临时身份证,0.9575162017858281
199,申请好人贷工作信息如何填写,0.9574965802417443
200,随心存停售后有影响吗,0.9574134180881715
201,为什么没有扣款,0.9573753187196473
202,为何提示支付平台账户余额不足,0.9573543095117633
203,通过本人微信找回密码是指什么,0.957348712644662
204,有额度不使用有什么影响吗,0.9572968571618542
205,白骑士认证失败是什么意思,0.9572750621872645
206,实际申请金额与放款金额不一致可否取消车贷,0.9571494904601429
207,存管查询的余额如何提现,0.9570611940115764
208,咨询可以发送图片吗？,0.9570350838312084
209,自动扣款失败怎么办,0.9570190636522786
210,如何查看随心存购买情况,0.9570076286496438
211,存在迁户问题怎么处理,0.9570013099808485
212,客户催促需要加急办理,0.956966361830348
213,如何查看好人贷还款计划,0.9568929252716337
214,申请好人贷需要开个人账户吗？,0.956886547421645
215,客服能否查看聊天记录,0.9568310650105563
216,好人贷还款方式有哪些,0.9567826088065419
217,修改手机号码/微信号是否会影响自动扣款,0.956716810297043
218,好人贷申请的渠道有哪些,0.9566671537334397
219,身份证更换期间会影响好人贷贷款吗,0.9566565162784441
220,好人贷审核不通过对个人有什么影响,0.9566413070171669
221,按期还款是什么,0.9566324332375972
222,为何图文验证码输入正确却提示错误,0.9565660244664581
223,好人贷交易密码如何设置,0.9565438667622111
224,好事贷收取哪些费用,0.9564689796073488
225,在线咨询是否支持客户发送语音,0.9563823224257483
226,如何查看好人贷相关协议/合同？,0.9562942066128032
227,新网银行人工客服电话打不通,0.95618401460232
228,随心存到期后何时到账,0.9561839864404605
229,什么是单笔借据和多笔借据,0.9561573715470081
230,查询结清证明申请是否已提交,0.9561497643162639
231,新网银行账户可以设置为好人贷借/还款账户吗,0.9561463991048932
232,转账到新网银行如何操作,0.9561240903785881
233,为何收到新网银行逾期提醒短信,0.9560928362937089
234,申请创客贷需要什么条件,0.9560295936938857
235,申请好人贷没有公司邮箱怎么办,0.9559984646899669
236,好人贷定位如何开启,0.9559866299406355
237,优信客服电话是多少,0.9558563131152412
238,好人贷可以重新申请吗,0.9557007057039995
239,视频认证录制失败的原因是什么,0.9556883371301936
240,好人贷提额会查询征信吗,0.955666237733306
241,为何申请好人贷无结果,0.955652522457282
242,操作好人贷是否需要开启定位,0.9556073141689181
243,为何征信上有新网银行上报的逾期,0.9555774648945853
244,为何提示交易密码验证失败,0.9555197175594768
245,为何提示支付平台发卡行拒绝,0.9554181005704144
246,新网银行的活期利率是多少,0.9554048606846404
247,申请好人贷必须填写联系人信息吗,0.955335898100675
248,自助提额什么时候上线,0.9552876996479984
249,好人贷申请是否查询芝麻信用,0.9552117374689673
250,审核电话可更改接听电话吗,0.9550991930282358
251,新网银行二类户与好人贷是否为同一个手机号码,0.955071098113609
252,还款记录如何查看,0.9548413070631911
253,申请好人贷后为何页面显示仍可提交申请,0.9548399256364164
254,销户与否会产生什么影响,0.9548087104060984
255,我行对客邮箱是多少,0.954707712275802
256,登录密码为何无法重置,0.9546879426316672
257,新网银行有哪些产品可以提额,0.9546866962504065
258,申请好人贷需要公积金、社保吗？,0.9546650035126305
259,他人可以使用本人信息申请好人贷吗,0.9546390173340374
260,获取验证码次数超限怎么办,0.9545710492007025
261,银行渠道维护是指什么,0.9544479923502519
262,新网银行二类户如何转入/转出,0.9543987313210072
263,如何查询好人贷申请的授信结果,0.9543262597301663
264,好人贷贷款利息如何计算,0.954294124940354
265,为何提示支付平台支取金额超过可用余额,0.9542845104805653
266,存管密码被锁定怎么办,0.9542665264257854
267,支持绑定的银行卡类型有哪些,0.954196477576636
268,为何重置密码后仍提示密码错误,0.9540473734208432
269,申请好人贷有区域或者号段等限制吗,0.9540450244234687
270,新网银行以何名义查询征信,0.9538991339664252
271,页面为何无法打开,0.9538977398420255
272,能否开具非恶意逾期证明,0.9537474858157744
273,绑定银行卡产生费用吗,0.953728295274435
274,银联在线支付是什么,0.9536531622825979
275,系统繁忙是什么原因,0.9536271692557765
276,令牌无效是什么,0.9534567523052507
277,征信报告是什么样的,0.9534387414921162
278,抵押类贷款如何办理,0.9534240133418072
279,开据证明时为何需要实名认证,0.9533917814079694
280,好人贷注册手机号无法使用,0.9533423283016206
281,客服是否是随机分配,0.9533168959380223
282,征信上报周期及更新时间,0.9533160173656943
283,任性还款是什么,0.953262863639291
284,五年定期存款是什么,0.9531320042463395
285,目前支持的银行有哪些,0.9530491823336477
286,为何无法登录存管查询,0.9530018110072102
287,为何人脸识别提示光线太足,0.9529300601585046
288,新网银行发送的短信验证码的有效时长？,0.9529256225558619
289,自动扣款如何操作,0.9528408992840023
290,如何查看优惠券的使用情况,0.9528027511464672
291,什么是无卡支付及免密支付,0.9526351637010141
292,为何提示支付平台账户状态异常,0.9525721824173937
293,随心存可以在我行公众号查询/操作吗,0.9525646341920057
294,新网银行合作的存管平台有哪些,0.9523910414213245
295,如何查询申请相关的协议书,0.9523622388162384
296,交易密码无法设置,0.9523608515482128
297,新网银行存款类产品有哪些,0.9523441325695512
298,新网银行有企业贷款吗？,0.952321037238899
299,新网银行存款属于理财产品吗,0.9522931830083294
300,好人贷与其他平台类似产品的区别是什么,0.9520669299291442
301,好人贷当期能否最低还款,0.9520411956478276
302,"好人贷有回访电话吗""",0.9519856020968086
303,为何提示支付平台渠道不支持的银行,0.951967152657
304,申请好人贷需要什么条件,0.9519646244179797
305,绑卡时页面上的银行卡预留手机号码可以修改吗,0.9519195416081863
306,可以查询个人信息资料吗？,0.9518384035209047
307,新网银行账户可以在哪些地方使用,0.951733309721811
308,活体检测失败怎么办,0.951685281420456
309,黑户/白户是否可以申请好人贷,0.9516260412132991
310,好人贷支持周末借款吗？,0.9516199089330963
311,为何提示支付平台银行卡未开通银联无卡认证支付,0.9515737348182431
312,新网银行账户的交易记录如何查看,0.9514243116728792
313,好人贷申请需要填写哪些个人信息,0.9513728817448805
314,如何取消征信查询及使用授权书,0.9513441575133517
315,什么是我的额度和可借额度,0.9512760078150152
316,转账到新网银行账户是否还款成功,0.9512405812699131
317,好人贷支持微信/支付宝扣款吗,0.9512209945981843
318,为何销户后还能看到好人贷信息,0.9512168857913863
319,如何选择按期还款/任性还款,0.951110226912695
320,好人贷需要面签吗,0.9510574398449726
321,注册手机号及微信号需要实名制吗,0.9510317654433571
322,新网银行自动扣款时间,0.9509836669048852
323,如何查询是否开通银联在线支付,0.9509017306616885
324,手机号无法使用为什么,0.9508707336013373
325,销户后为何还能解绑银行卡,0.9508207334683568
326,为何提示该证件已被使用,0.9508180275064407
327,转入新网银行使用的密码是交易密码还是银行卡密码,0.9507847306556233
328,随心存T+1是什么,0.950765634760894
329,微信/支付宝等可否与新网银行账户互相绑定,0.9507276530397248
330,好人贷申请是否支持人工受理,0.9507224642700499
331,新网银行合作平台有哪些,0.9507179430011977
332,好人贷收取哪些费用,0.9506987897580378
333,存款需要先开立银行账户吗,0.9506469933212075
334,好人贷是否支持提前还款,0.9505345048988731
335,逾期造成的影响是什么,0.9505014380040365
336,贷款证明如何开据,0.950469278203647
337,存款利率是多少,0.9503287279970818
338,接收短信的手机号是否为注册手机号,0.9501953000613769
339,企业邮箱验证码可否重新获取,0.9501594904766442
340,好人贷只能使用微信登录吗？,0.949903047949018
341,银联在线支付如何开通,0.94988753342619
342,为什么无法注册,0.9498815398346262
343,可以重新注册吗,0.9498046428068114
344,好人贷还款记录如何查询,0.9497789081305117
345,好人贷为什么无法登录,0.9497731737109577
346,好人贷-云闪付如何提前还款,0.9497105652597345
347,新网银行二类户限额是多少,0.9496174824830703
348,可以查询注册手机号码吗,0.9496151080776084
349,京东存款如何修改注册手机号码,0.9495595374771697
350,为何提示支付平台其他错误,0.9494845463227284
351,一个身份证可以申请好人贷两次吗？,0.949482024246896
352,可以通过他人银行卡转入到新网银行账户吗,0.9493883196558116
353,好人贷自动扣款规则,0.9492931720629534
354,新网账户绑定微信/支付宝后支持提现或充值吗,0.9492255944816668
355,新网银行自动扣款次数,0.949219978407105
356,企业邮箱填写错误怎么办,0.9491129426302086
357,修改手机号后是否需要重置登录密码,0.9490803076749044
358,可否取消银行卡限额,0.9490744547856225
359,在哪个平台操作提现,0.9490644532049365
360,好人贷扣款账户如何查看,0.949004957544163
361,定期存款到期如何支取,0.9489095892511504
362,好人贷借款如何上报征信,0.9487342515899583
363,视频认证的步骤是什么,0.9486937563681072
364,如何查看贷款合同,0.948644320467535
365,存管提现到账时间是多久,0.9485509245925007
366,非绑定银行卡可否与新网二类户转账,0.9485018551418096
367,好人贷账户是否为新网银行二类户？,0.9484455734048836
368,人工是否可操作扣款,0.9484096430095484
369,周得利计息规则,0.948365479419927
370,好人贷借款记录如何查询,0.9483545469711053
371,能否让客服回电,0.9483059021710093
372,申请好人贷需要哪些资料,0.9482926424627274
373,新网银行的官网地址是什么,0.9482761094148422
374,为什么收到美利车金融的短信,0.9482573144559636
375,美团客服热线是多少,0.9482284497118363
376,新网银行有哪些活动,0.9480916069876287
377,好人卡绑定云闪付/微信等失败怎么办,0.9480176765601102
378,密码被锁定怎么办,0.9479962740989037
379,如何解约快捷支付？,0.9478896429259112
380,客户咨询其他平台催收问题,0.9478170504247284
381,什么是分批次扣款,0.9477982408031914
382,为何提示用户未实名认证,0.9477108071440695
383,开户是什么意思,0.9476991038502561
384,如何把注册用户与结算用户都注销,0.9476278800165181
385,申请好人贷是否都有额度,0.9476121547051058
386,如何查看手机号是否实名制,0.9475787314946693
387,如何查询转账到新网银行的记录,0.9473788796142495
388,什么是银行卡预留手机号？,0.947309946682188
389,实名认证是否查询征信,0.9472863066703746
390,随心存如何修改交易密码,0.947199770928356
391,好人贷为什么无法借款,0.9470044956069334
392,好人贷利率为什么高,0.9469910261869064
393,如何通过线下方式转入新网二类户,0.9469682384093093
394,好人贷支持随借随还吗,0.9469176441470959
395,好人贷支持在国外发起借款吗,0.9468687099597218
396,好人贷支持随时借款吗,0.9468512017015525
397,页面为什么异常跳转,0.9468052207503017
398,如何修改新网随心存注册号码,0.9467836628036136
399,新网银行有实体卡片吗,0.9466052591818004
400,新网银行地址在哪里,0.9464645671125872
401,新网银行以什么名义放款,0.9464439906076602
402,可以咨询吗,0.9462737091696111
403,什么情况算逾期,0.9461810162826588
404,新网银行能否绑定云闪付,0.9461409321666269
405,如何开据存款证明,0.9461208915745957
406,实名认证失败的原因是什么,0.9461096198800815
407,销户后是否上征信,0.9460343668905115
408,线下转账如何填写新网银行开户信息,0.9460190736746259
409,为何提示系统异常,0.9459829569722927
410,好人贷有回访电话吗,0.9459090771879921
411,哪些渠道可以购买京东存款产品？,0.9457736517076051
412,好人贷-云闪付是什么,0.9453420871134144
413,居住信息如何填写,0.9452088954884245
414,新网银行视频认证的QQ号码是多少,0.94508536079884
415,其他贷款怎么办理,0.9449932973125277
416,新网银行公众号如何取消关注,0.944992303578217
417,如何查看银行卡管理列表,0.9449008800170446
418,好人贷必须绑定银行卡使用吗,0.944864618846553
419,如何更改其他平台的注册手机号码,0.9448410206729834
420,如何查询还款日,0.9446510378703649
421,申请被拒怎么办,0.9444964753579554
422,新网银行如何联系客户,0.94448855817741
423,扣款失败的原因,0.9442844751516851
424,好人贷申请必须使用身份证原件吗,0.9442628822415589
425,怎样才能成功申请到额度,0.9442614765750351
426,好人贷能否人工操作提额,0.9442613824045278
427,征信是什么,0.9442394381399821
428,新网账户之间能否互相转账,0.9441593060987151
429,迁户是什么意思,0.9438572006500735
430,车贷合同里的金额是否包含利息,0.9438565177984247
431,核身链接失效的原因,0.943765691261293
432,各还款方式如何进行还款,0.9437461948933786
433,如何查询其他平台扣款银行卡,0.9436757552482911
434,创客贷额度是多少,0.943582640695151
435,好人贷有额度后如何进行贷款,0.9433614633062635
436,好人贷额度是否会发生变化,0.9429507516617153
437,随心存产品停售原因,0.9429504826496985
438,银行转账未到账怎么办,0.9426598207074177
439,电脑端可以登录好人贷吗,0.9426100480073614
440,退汇是什么意思,0.9425249445508376
441,如何办理对公业务,0.9425023384679848
442,如何知晓已注销成功,0.9424986880569324
443,季得利如何计息,0.9424662797142456
444,存款产品如何重置交易密码,0.9423470801007543
445,新网诺诺发票贷如何申请,0.9422661028066184
446,新网银行三类户是什么,0.9422480960048226
447,我们是四川新网银行吗,0.9421868026809952
448,新网银行是否上市,0.9421063141874892
449,好人贷-云闪付如何更换收/还款银行卡,0.9420900969706095
450,如何设置存管支付密码,0.942044334752991
451,身份证信息变更后如何更新,0.9420436491662644
452,合作平台如何取消贷款,0.9418462945482381
453,随心存如何计息,0.9418094170668466
454,如何激活新网二类户,0.9415961761141688
455,查询各类工单办理进度,0.9414319601354493
456,存款产品是否保本保息,0.9413907067504236
457,新网银行行号是多少,0.9411714180193999
458,罚息能否减免,0.9411378979796153
459,如何签署借款合同,0.9410580429245978
460,存款产品如何修改手机号,0.9409042407176869
461,上传身份证时需填写的内容是什么,0.9408872424506797
462,结清证明开据时间是多久,0.9408801133107079
463,如何查询账户是否冻结,0.9408582181947035
464,如何获取线上核身链接,0.9407961554607682
465,车贷还款只扣除部分是什么原因,0.9406217415890165
466,如何查询当期车贷还款金额,0.9406141857693512
467,客户提到投诉,0.9405594949273066
468,人脸识别使用的是照片还是视频,0.9405577081410605
469,手机获取验证码失败,0.9405546465033531
470,企业邮箱为何验证不了,0.9401429910282174
471,审核电话内容是什么,0.9401147386175465
472,验证码发送至什么手机号,0.9400998712936524
473,注册规则是什么,0.9400410941838702
474,自动扣款时间段是多久,0.9400071644378886
475,修改手机号码的处理时间是多久,0.9399846677175319
476,更改银行卡预留手机号的方法,0.9396393728383637
477,好人贷通过率多少,0.9394356749267667
478,新网银行好事贷如何申请,0.9390789240577025
479,随心存是什么,0.938914252665017
480,可绑定银行卡数量上限,0.9389100180987848
481,关于客户个人信息安全问题,0.9388884109592489
482,查询车贷的注册手机号码是什么,0.9387720612606187
483,客户发送截图以及个人信息等,0.9387429486752534
484,额度冻结是什么意思？,0.9386477486723215
485,什么情况算违约,0.9386228609957261
486,车贷扣款支持的银行卡有哪些,0.938379071578204
487,如何查看开户结果,0.9383448449316025
488,如何修改征信上的个人信息,0.9383000789278851
489,借款失败怎么办,0.9382776270624316
490,好人贷账户如何更换手机号码,0.9380157298082807
491,客户表示知道了,0.937786963757119
492,申请好人贷使用的邮箱是公司邮箱还是个人邮箱,0.9377649728995665
493,如何注销新网注册用户,0.9377034538718837
494,好人贷申请能否撤销,0.9376332075057441
495,实名认证为什么不符,0.93744564947449
496,能否删除个人信息,0.9373719386997627
497,好人贷额度是否循环使用,0.9373327825302615
498,存管账户充值限额,0.9373318751701999
499,好人贷为何无法还款,0.9373114556816999
500,好人贷个人资料如何修改,0.9367977236191727
501,新网有哪些产品,0.9365034571892716
502,新网银行有信用卡吗,0.9361451388069898
503,人脸识别失败怎么办,0.9361014063270425
504,如何退出微信公众号,0.9360719900534273
505,如何操作随心存大额存款,0.9358178833118588
506,存款产品支取通用路径,0.9357636386300542
507,如何修改存管账户预留手机号码,0.9357239571727489
508,如何查询是否已申请好人贷,0.9352411431497886
509,新网银行有招聘吗,0.9351881015074369
510,身份证过期可以申请好人贷吗,0.9349348280143475
511,新网银行有几个网点,0.934835135901246
512,好人贷上征信吗,0.9348272994469811
513,开户失败原因,0.9348159450360329
514,合作平台如何还款,0.9348027466808871
515,如何更换微信号,0.9347749179963913
516,银行渠道维护时间一般是多久,0.9342321975945749
517,什么是当期账单,0.9339632312952026
518,有多少人获得好人贷额度,0.9337396592358138
519,季得利是什么,0.9335983024308451
520,新网银行业务办理时间,0.9335901939122608
521,如何更换好人贷默认还款账户,0.9335852040145142
522,如何修改实名认证手机号码,0.9335507956296459
523,可否补充企业邮箱,0.9333951906395515
524,好人贷电话回访时间,0.9332539315285323
525,好人贷年化利率是多少,0.9331775512102042
526,如何购买新网银行存款产品,0.9331112476127837
527,如何查询存管账户流水,0.933109022867309
528,开通什么业务,0.933033613775384
529,好人贷申请身份证可否添加水印,0.9327479976445264
530,如何获得优惠券,0.9326758482125611
531,他行渠道汇入新网账户的到账时间是多久,0.9324317795987425
532,输入身份证号码时，为何无法输入字母,0.9323616564277853
533,存管账户如何查询,0.9322876237167819
534,新网银行人工客服服务时间,0.9322845069677478
535,车贷合同为何无法查看,0.9321837923742076
536,如何查询征信报告,0.9318919445024949
537,58车金融客服电话是多少,0.9313353456829717
538,为何页面出现多个新网银行账户,0.9312277175205317
539,什么是一、二、三类户,0.9311011246466013
540,好人贷借款合同有效期是多久,0.9308369823599202
541,绑定银行卡失败,0.9307073339000907
542,忘记密码怎么办,0.9305618695705162
543,客户表示需要考虑,0.9304357264825526
544,好人贷是邀请制吗,0.9303789988606743
545,好人贷如何降低利率,0.9303729458120232
546,身份证上传失败怎么办,0.9300525105087376
547,如何关注新网银行公众号,0.9299402891516659
548,客户要求发送相关模板,0.9294951026364973
549,是否需要使用本人手机操作好人贷,0.9292501369550636
550,好人贷月利率是多少,0.9291352419750856
551,好人贷能否绑定他人银行卡,0.9290685829709859
552,如何查询好人贷借据收款银行卡,0.9283035064865036
553,实名认证审核时间,0.9281205744424449
554,客户表示稍等,0.9281170441220897
555,什么是风控审核中,0.9279436392045427
556,车贷还款记录如何查询,0.9279017745782231
557,客户称赞服务好,0.9276799729156661
558,什么是综合评估,0.927525337924666
559,好人贷如何提高额度,0.9272854252316817
560,好人贷账户如何挂失,0.9272508622565433
561,好人贷如何试算利息,0.9272262633391469
562,好人贷额度他人能否使用,0.9271630013205555
563,随心存存入限额,0.9270070279114057
564,获取额度后多久可发起借款,0.9269665688010553
565,公众号如何注册,0.9266012785579507
566,消费凭证有效期是多久,0.9264461287853059
567,企业邮箱格式是什么,0.9264197861315971
568,存管是什么,0.9261985753607017
569,客户表示不满,0.9260208654875695
570,优惠券如何使用,0.9258164180251215
571,经侦是指什么,0.9256644722530294
572,好人贷是否有临时额度,0.9253479515141692
573,如何更换借款收款银行卡,0.9251174184645605
574,如何开立存管账户,0.924531220146686
575,如何降低/关闭额度,0.9242320508839174
576,如何查询车贷还款日,0.9237942712324485
577,如何办理好人卡？,0.9236502308556935
578,手持身份证拍照的注意事项,0.9234943322782329
579,如何登录微信公众号,0.9233367178484649
580,为何无法销户,0.9231641503983011
581,客户表示有合作意向,0.9227033531557192
582,车贷可以修改还款日吗,0.9225600946310468
583,好人贷利率是多少,0.9225207551362723
584,什么是注册号码？,0.9220855893537486
585,什么是还款日,0.9212884552401117
586,房产保证金是什么,0.9212467939477108
587,罚息介绍,0.9211415047868589
588,人脸拍摄规范,0.9209108657049785
589,好人贷为什么额度低,0.9207075222282066
590,如何注销公众号,0.9206585295968253
591,如何进入好人贷页面,0.9201527559177828
592,如何注销新网二类户,0.9199833983355233
593,好人贷还款后多久到账,0.9198173899060268
594,什么是活体检测,0.9190207565579249
595,随心存如何登录,0.9190154260121213
596,车贷能否绑定他人银行卡,0.9188713158168328
597,工新借是什么,0.9184891126325969
598,如何录制活体检测,0.9184457600423227
599,线上转入新网银行账户到账时间是多久,0.9177356965996212
600,季得利如何支取,0.9167016920067609
601,车贷利息是多少,0.9166702548201486
602,车贷申请多久可以放款,0.9161682326615154
603,如何进入个人中心,0.9160243647102236
604,美利车联系电话,0.9143428979537699
605,个人可以在新网开立几个账户,0.913616570046445
606,关于消费凭证,0.9132179623421103
607,车贷合同如何查看,0.9124264474325733
608,好人贷放款至什么账户,0.9124162521736608
609,密码如何修改,0.9120541769194231
610,好人贷账户如何查询,0.9116905924234298
611,好人贷如何实名认证,0.9115445611089504
612,车辆信息如何查询,0.9105031896735312
613,车贷收取哪些费用,0.9102275213934823
614,新网银行账户是什么,0.9090865523599316
615,存管账户如何注销,0.90907864879161
616,可否延期还款,0.9086933341515474
617,如何邀请好友申请好人贷,0.908654436239589
618,车贷如何办理解押手续,0.9069432281850575
619,额度占用问题,0.906341302896672
620,车贷支持手动还款吗,0.9061616470216235
621,批扣时间段是多久,0.9060845428954412
622,可否对公还款,0.9044421191084895
623,为何无法申请好人贷,0.9043254681033661
624,好人贷如何自助提额,0.9036116456088691
625,工新借如何申请,0.9033786322447155
626,好人贷如何提前还款,0.9028217471725771
627,如何冻结新网银行账户,0.9026390789346304
628,额度冻结怎么办,0.9019407366028906
629,如何查询新网账户,0.901723327080004
630,好人贷的办理时间,0.9012413926037847
631,车贷如何修改注册手机号码,0.9009677748569597
632,如何在新网银行开户,0.9007699834844995
633,车贷逾期如何还款,0.9006884243283695
634,好人贷额度是多少,0.9005890098219184
635,好人贷如何审核,0.9002441909489609
636,注销账户的处理时间,0.8993556453730445
637,好人贷审核时间是多久,0.8980041273508578
638,新网银行简介,0.8978570258903756
639,车贷如何还款？,0.897286153818264
640,怎样用其他手机登录好人贷,0.8969495008881434
641,如何绑定银行卡,0.8966566148841041
642,好人贷借款规则,0.8965127374341924
643,如何换绑银行卡,0.8937205317491486
644,新网银行APP下载,0.8933613836366339
645,客户提出建议,0.8918980154829758
646,好人贷消费用途,0.8915492784145189
647,好人贷贷款期限是多久,0.8914478506874958
648,好人贷额度有效期是多久,0.8899816410916229
649,好人贷如何主动还款,0.8888234099787123
650,如何解绑银行卡,0.8876693849806687
651,车贷如何更换还款银行卡,0.8876371510516314
652,车贷如何解绑银行卡,0.8872848517955558
653,车贷平台如何查询,0.8871185288109577
654,好人贷是什么,0.8865899463085951
655,好人贷提额周期是多久,0.886522273548295
656,什么是登录密码,0.8823567794653174
657,车贷如何提前还款,0.8821399781993436
658,好人贷如何申请,0.8730114708384991
659,好事贷如何还款,0.8725971892478405
660,如何增加银行卡,0.8690898488829337
661,什么平台的贷款,0.8673721301586389
662,车贷如何申请,0.8652849199872399
663,如何删除身份证信息,0.8638689337245536
664,好人贷借款多久到账,0.8420842871832624
665,好人贷账户如何注销,0.8371896958651057
666,好人贷如何还款,0.8287243933986549
