0,现在存上会影响信用吗？,1.0
1,补扣会影响信用吗,0.9848137905315086
2,提前还款会影响个人征信吗,0.9776968116653886
3,季得利提前支取影响已发放利息吗,0.9769116246013864
4,银行卡挂失会影响自动扣款吗,0.9765126342257157
5,半年得利提前支取影响已发放利息吗,0.9758457611691598
6,收款卡发卡行拒绝放款失败什么意思？,0.9754184554450757
7,更换银行卡会影响自动扣款吗,0.9748365231794934
8,白骑士认证失败是什么意思,0.9746712363256544
9,未正常还款我行会进行催收吗,0.9745181394338844
10,手机号归属地与定位地不一致是否有影响,0.9728791106520561
11,借款合同是否有展示提前还款会收取违约金的情况,0.9727416259028995
12,为何之前绑定的银行卡不支持扣款了,0.9723370513940937
13,结清贷款后征信上是否会显示结清,0.9719345587043623
14,银行卡是二类户影响扣款吗,0.9719342414906925
15,系统升级会影响扣款吗,0.9717794350118923
16,页面为何提示“开户失败”、“账户存在异常操作/账户异常”,0.9712827515813912
17,未接到好人贷回访电话会被拒吗,0.9712224657305563
18,随心存停售后有影响吗,0.9711557386307115
19,随心存利率为何会发生变化,0.971142897870407
20,存管查询为何提示用户不存在或者信息有误,0.9707564979805132
21,提前结清贷款后还会扣款吗,0.9707313900387269
22,视频认证录制失败的原因是什么,0.9705270465319796
23,借款成功会有短信等提醒吗,0.970476829206858
24,为何同时收到了还款成功和失败的短信,0.9703453568302163
25,好人贷不借款会产生利息或费用吗,0.9700421272885797
26,为何提示支付平台签约关系不存在,0.9699958866586269
27,为何存管信息与平台显示不一致,0.9698096475454487
28,为何提示支付平台该客户无默认扣款卡，交易没有发给统一支付,0.9697703401631997
29,通过本人微信找回密码是指什么,0.9696983752349341
30,进入随心存为何提示手机号码不一致,0.969467512121768
31,扣款结果会有短信提示吗,0.9694229881143169
32,好人贷审核不通过对个人有什么影响,0.9691798923371924
33,是否会发生重复扣款情况,0.9686680053382272
34,线上开据证明为何和征信金额不符,0.9686507498535526
35,为什么提示用户不存在,0.9686409131508259
36,好人贷只能通过绑定的银行卡还款吗,0.9683424334451995
37,为何征信上的放款日期与实际借款日期不一致,0.9680622279712648
38,为何提示还款卡不存在,0.9677960964155118
39,线上是否可开据征信版结清证明,0.9676936916600541
40,为什么拍照认证时总是不成功或显示系统崩溃,0.9674827315400789
41,我行放款的其他平台借款会上报征信吗,0.9674419853131168
42,无法提供消费凭证可以取消贷款吗,0.9673377869944083
43,为何提示支付平台持卡人信息有误,0.96725233970155
44,实名认证失败的原因是什么,0.9672215707061455
45,好人贷为什么提示“账户存在异常操作”,0.9672111292025067
46,为何提示不具备开具资格,0.9670899829919847
47,贷款证明开据失败怎么办,0.9670276998107178
48,存管密码被锁定怎么办,0.9669965731403186
49,为何存管查询提示没有密码,0.9669923468048051
50,为什么点击拍照没有反应,0.9667198335935991
51,好人贷借款超时未到账如何处理,0.9666485527863009
52,为何征信上有新网上报的贷款记录,0.9664340057004387
53,下一次开放时间是什么意思,0.9663258181048899
54,平台还款信息为何与新网银行不一致,0.9662052603214849
55,为何提示交易密码验证失败,0.9660622228946956
56,为什么好人贷第一期还款金额与之后不一致,0.9660404669012407
57,贷款证明的电子章是否具有法律效应,0.9660186879935754
58,修改手机号码/微信号是否会影响自动扣款,0.9660168182697689
59,电话客服是否可以受理结清证明,0.9659167186833708
60,好人贷申请成功会有短信通知吗,0.9659047679938446
61,好人贷注册手机号与银行卡预留手机号是否需要一致？,0.9657379358173893
62,借款到账后页面未更新借款状态,0.9655284630452482
63,微信号更换成功后何时可以正常使用,0.9654135211179219
64,为什么提前还款显示联合贷批次执行中？,0.9651910527882475
65,随心存操作渠道有哪些,0.9651799535331299
66,逾期后还款金额是否会增加,0.965069114548796
67,为何提示支付平台不允许持卡人进行的交易,0.965051640829177
68,公众号页面的“我的排号”是什么意思,0.9649488716402407
69,绑定银行卡产生费用吗,0.9647981069511564
70,支持绑定的银行卡类型有哪些,0.9647936676866115
71,定期存款操作的渠道有哪些,0.9647432458875278
72,银行渠道维护无法操作怎么办,0.9647358734906737
73,好人贷支持扣款的银行有哪些,0.9646710891069097
74,银行卡开通银联在线支付后是否可正常还款,0.964603191912851
75,京东存款是否支持提前支取/提前部分支取？,0.9645275784771461
76,可否按照征信订单号开据证明,0.9645195185840523
77,结清证明的印章是否可以用公章,0.9645049280446809
78,平台方手机号变更导致我行无法直接开据结清证明问题,0.9642306347297189
79,有额度不使用有什么影响吗,0.9641043387493577
80,好人贷手动还款时为何提示批次执行中,0.964001133139419
81,结清证明印章无法查看,0.9638034556647539
82,随心存利率是多少,0.9637570330007
83,为何提示支付平台受发卡行资金用途限制拒绝交易,0.963730106663389
84,购买存款页面为何提示“额度不足，无法购买”,0.963601362711074
85,好人贷只能使用微信登录吗？,0.9635652006294688
86,注册手机号更换成功后何时可以正常使用,0.9635287684110444
87,优信扣款成功后为何显示待还款,0.9633025630384103
88,结清贷款后什么时候可以开据结清证明,0.9631958465457535
89,新网二类户可以升级为一类户吗？,0.9631546105453433
90,随心存可以在我行公众号查询/操作吗,0.9631477063904483
91,好人卡绑定云闪付/微信等失败怎么办,0.9630484428131081
92,开据证明为何显示没有符合要求的订单,0.9630293409828959
93,贷款结清之后能否删除贷款记录,0.9629000446626876
94,好人贷被拒后为何没有下次开放时间,0.9628229195815072
95,征信报告是什么样的,0.9627262482884831
96,活体检测失败怎么办,0.9626469607372573
97,开据证明时为何需要实名认证,0.9625209216437465
98,绑卡时页面上的银行卡预留手机号码可以修改吗,0.9625139448987751
99,自动扣款失败怎么办,0.9624335584636404
100,注销注册用户后是否可恢复？,0.9622793783858712
101,转账时为何提示未面核,0.962081868190944
102,申请好人贷后，可否更改授信结果,0.9617679588604348
103,好人贷审核时是否给填写的联系人去电,0.9616578919595469
104,在线客服是否是人工客服,0.9615097551440834
105,再次申请好人贷会查询征信吗,0.961301537937011
106,线上开据证明有次数限制吗,0.961116121882141
107,结清证明的发送方式有哪些,0.9607792607707902
108,操作好人贷是否需要开启定位,0.9607168659051853
109,好人贷以什么贷款类型上报人行征信？,0.9606353953466343
110,是否可以取消自动扣款,0.9604667582219816
111,随心存支持提前支取吗,0.9602393723013105
112,为何提示支付平台暂不支持的银行或限额,0.9600622625171735
113,季得利的操作渠道有哪些,0.9600081863714806
114,为何图文验证码输入正确却提示错误,0.9599805296494452
115,申请好人贷需要下载APP吗？,0.9599716568285795
116,为何重置密码后仍提示密码错误,0.9598908071801096
117,银联在线支付是什么,0.9597315548160876
118,申请诺诺发票贷需要什么条件,0.9596923119806866
119,存管查询的余额如何提现,0.9596784912510312
120,新办的手机号可以申请好人贷吗,0.9596627523268717
121,咨询可以发送图片吗？,0.9595988233467635
122,为什么收到提额短信但额度未提升,0.95956392240367
123,联系新网银行客服有哪几种方式,0.9595491158728338
124,征信上显示的贷款金额是否包含利息,0.9594920681252337
125,新网二类户转入/转出收取手续费吗,0.9594423466569675
126,好人贷是否支持提前还当期账单,0.9593286686039416
127,使用优惠券后提前还款利息如何计算,0.9593273856430851
128,京东存款为什么显示当日额度为什么已售罄？,0.9592955666974587
129,查询结清证明申请是否已提交,0.959212612631884
130,为何收到新网银行逾期提醒短信,0.9591771569854205
131,新网银行发送的短信验证码的有效时长？,0.9590627859104355
132,为何申请好人贷后显示未获取额度,0.9588415543362923
133,合同为何无法打开,0.9587012823874984
134,平台方提供的客户审批资料能否提供给客户,0.9585764308999062
135,随心存如何查看收益情况,0.9585529212955759
136,为何提示还款存在差错,0.9585456295268534
137,新网银行扣款通道是什么,0.9584292594960698
138,为何征信上有新网银行的贷款审批记录,0.9583736640108788
139,存款产品的资金可以用于好人贷还款吗,0.9583410806565403
140,为何提示缺少必要参数,0.9582292728489599
141,客服能否查看聊天记录,0.9581661649299689
142,如何确保还款日当天会扣款成功,0.9580867887771958
143,身份证更换期间会影响好人贷贷款吗,0.9580077921265706
144,为何提示支付平台发卡行拒绝,0.9580000965329601
145,为何提示用户未实名认证,0.9579403976265136
146,好人贷申请是否查询芝麻信用,0.9578731622587421
147,可以查询个人信息资料吗？,0.9578726282864346
148,为何申请好人贷页面显示暂无资格,0.9578616886262198
149,实名认证是否查询征信,0.957774248730232
150,新网银行有实体卡片吗,0.957764442358839
151,存款页面是否会显示每日收益,0.9577378935212024
152,新网银行有哪些产品可以提额,0.9577182770549784
153,拨打我行人工客服电话是否收费,0.9576833301171112
154,实名认证为什么不符,0.9576497939320753
155,核身链接失效的原因,0.9576339977586515
156,按期还款和任性还款的区别是什么,0.9574939932165637
157,注册手机号及微信号需要实名制吗,0.9574767327095262
158,逾期未还款如何处理,0.9574275936647941
159,为何提示支付平台渠道不支持的银行,0.9573949110504568
160,随心存存款期限有哪些,0.9573293356517378
161,新网银行存款是否受保障,0.9573225529502198
162,为何提示支付平台当日交易次数超限,0.9573078212201713
163,客服能否看到客户申请好人贷的信息,0.9572815514470933
164,新网二类户为何无法转入/转出,0.9572014046034406
165,交易密码无法设置,0.957092186296859
166,为何征信上有新网银行上报的逾期,0.957078234905737
167,新网银行二类户与好人贷是否为同一个手机号码,0.9570432176994897
168,开据证明时为何提示账户存在异常,0.9569473695319706
169,好人贷申请是否可以使用临时身份证,0.956937539775508
170,好人贷必须绑定银行卡使用吗,0.9568315297229839
171,挖财还款是否为新网银行代扣,0.9567840673326733
172,人脸识别失败怎么办,0.9567695844915864
173,为何提示支付平台银行卡未开通银联无卡认证支付,0.9567300249001742
174,还款银行卡是否需要开通银联在线支付业务,0.9566944875074819
175,修改手机号后是否需要重置登录密码,0.9566838868363051
176,提前支取时为何显示存入,0.9566599669266408
177,销户与否会产生什么影响,0.9566243232368009
178,登录时的图文验证码是否区分大小写,0.9566160910971274
179,新网银行开户支持的证件有哪些,0.9566127540718619
180,提前支取有限制吗,0.9566095855535591
181,转入新网银行使用的密码是交易密码还是银行卡密码,0.9565346038298762
182,结清证明是否是还款记录证明,0.9563689716201683
183,新网银行合作的存管平台有哪些,0.9563304684632414
184,新网二类户转入/转出有时间限制吗,0.9562072545757971
185,名下所有卡被冻结后如何还款,0.9561828968376286
186,好人贷申请需要填写哪些个人信息,0.95614361502839
187,能否开具非恶意逾期证明,0.9560999185334471
188,密码被锁定怎么办,0.9560469251597303
189,获取验证码次数超限怎么办,0.9560335456709972
190,逾期造成的影响是什么,0.9560315717764852
191,为何按期还款只能选择部分贷款期限,0.9557643737502534
192,开具结清证明时为何无法登录,0.9557468903244054
193,为什么取消了提前部分还款,0.9557289119036293
194,当期账单支持再分期吗,0.9557175516314789
195,如何查看随心存购买情况,0.9556162475517245
196,为何人脸识别提示光线太足,0.9556132214983767
197,申请好人贷需要开个人账户吗？,0.9556086435135293
198,五年定期存款支持提前支取吗,0.955547085927296
199,手机获取验证码失败,0.9555095327309177
200,如何查看手机号是否实名制,0.9553536873305095
201,好人贷提额会查询征信吗,0.9553205866870862
202,申请好人贷需要公积金、社保吗？,0.9552220957281212
203,借款后如何判定下次还款日期,0.9550171215113072
204,借款时选错收款账户怎么办？,0.9550128470220602
205,为什么银行还款存在限额？,0.9550091756586969
206,为何无法登录存管查询,0.9549907617118764
207,为何好人贷还款时提示“交易处理中”,0.9549647424675028
208,结清证明会展示哪些信息,0.9549372449641212
209,手机号无法使用为什么,0.9548993085749419
210,新网二类户上的资金是否计息,0.9548903693388047
211,公众号是否有还款提示,0.9548063090078802
212,好人贷借款时还会审核吗,0.9545778679074608
213,目前支持的银行有哪些,0.9544390932609123
214,转账到新网银行如何操作,0.9543957132297308
215,新网账户绑定微信/支付宝后支持提现或充值吗,0.9543480395273204
216,他人可以使用本人信息申请好人贷吗,0.9542913459863404
217,申请好人贷必须填写联系人信息吗,0.9541590310735579
218,为何提示支付平台其他错误,0.9541366892424348
219,如何查询合作平台贷款是否结清,0.9541235173821588
220,滴水贷客服电话是多少,0.9540549307114146
221,好人贷申请的渠道有哪些,0.9540530282766193
222,随心存到期后何时到账,0.9539694781699801
223,申请好人贷没有公司邮箱怎么办,0.9539669550110863
224,登录密码为何无法重置,0.9539131730016399
225,好人贷是否支持归还逾期部分账单,0.9538765129729585
226,申请好人贷后有没有回复,0.9538347919694162
227,审核电话可更改接听电话吗,0.9537702032938044
228,还款日可以修改吗,0.9537303642631758
229,申请创客贷需要什么条件,0.9537280747294397
230,关闭其他平台额度后，能否恢复好人贷额度,0.9537023048344428
231,好人贷交易密码如何设置,0.9536545391950471
232,好人贷授信首页显示利率是否为固定利率,0.9535601904015378
233,为何提示支付平台交易金额超限,0.9535220186999739
234,如何查看委托支付协议,0.9534428265878502
235,为何提示支付平台账户余额不足,0.9534213746465953
236,客服是否是随机分配,0.9533488578463641
237,为何结清证明显示日期与平台不符,0.9533411886762627
238,扣款失败的原因,0.9531717932716353
239,存在迁户问题怎么处理,0.9529495206845483
240,在线咨询是否支持客户发送语音,0.9527871720724195
241,节假日可以操作各类存款吗,0.9527651362204135
242,客户表示没有问题了,0.9526819255224955
243,还款日当天支持手动还款吗,0.9526526105040118
244,银联在线支付如何开通,0.9526255070553505
245,提前还款手续费是多少,0.9525938634038593
246,提前还款有次数限制吗,0.9525273470743518
247,新网银行账户可以在哪些地方使用,0.9525066134248147
248,接收短信的手机号是否为注册手机号,0.9524902093833763
249,好人贷还款后额度何时恢复,0.9524594762080152
250,在哪个平台操作提现,0.9524484672609252
251,为何提示支付平台支取金额超过可用余额,0.9524244188842981
252,人脸识别使用的是照片还是视频,0.9523590671322477
253,诺诺发票贷的利率是多少,0.9523160116333661
254,企业邮箱填写错误怎么办,0.9522021800838621
255,银行渠道维护是指什么,0.9521718805303006
256,页面为什么异常跳转,0.9521455350799722
257,好人贷提前还款最低还多少,0.9521394879561794
258,好人贷如何查看所支持的还款方式,0.952128505205199
259,微信/支付宝等可否与新网银行账户互相绑定,0.9520534127514829
260,能否人工开据贷款证明,0.9519852183737972
261,好人贷注册手机号无法使用,0.9519517451632362
262,新网银行二类户如何转入/转出,0.9519020889605083
263,如何取消征信查询及使用授权书,0.9518289515617835
264,随心存提前支取到账时间,0.9517781495437914
265,客户催促需要加急办理,0.9517555678324706
266,如何查看优惠券的使用情况,0.9516508908903489
267,选择任何还款方式都可以提前还款吗,0.951498331556402
268,如何查看好人贷相关协议/合同？,0.9514043245556921
269,新网银行人工客服电话打不通,0.9513845377186633
270,为何提示该证件已被使用,0.9513452039261342
271,好人贷借款后能否修改贷款信息,0.9513426198399613
272,新网银行以何名义查询征信,0.9513090035887687
273,提额会有通知吗,0.951210391106114
274,好人贷支持微信/支付宝扣款吗,0.9511947290070897
275,页面为何无法打开,0.9511662155114529
276,为何提示支付平台账户状态异常,0.9511485187368545
277,如何查询是否开通银联在线支付,0.9510940015567253
278,好人贷借款金额与到账金额是否一致,0.9510798497004639
279,新网银行合作平台有哪些,0.9509939260629948
280,为何无法提交好人贷申请资料,0.9506225185790206
281,申请好人贷有区域或者号段等限制吗,0.9504566616649742
282,好人贷可以重新申请吗,0.9504033752552745
283,企业邮箱验证码可否重新获取,0.9502654621448393
284,存款产品是否存满五年才能支取,0.9502469591703132
285,好人贷审核电话是多少,0.9501336909283699
286,我行对客邮箱是多少,0.9500593697672421
287,为何申请好人贷无结果,0.9497956873813449
288,为何提示系统异常,0.9497367165739142
289,绑定银行卡失败,0.9495985838081735
290,申请好人贷需要什么条件,0.9495387346714883
291,新网银行的活期利率是多少,0.9495021077330478
292,系统繁忙是什么原因,0.9493204414604904
293,随心存如何修改交易密码,0.9492847625453384
294,还款后为何未更新还款状态,0.9492801601684399
295,新网银行存款类产品有哪些,0.949279380041703
296,为何收到新网银行还款短信,0.9489714313891022
297,新网银行存款属于理财产品吗,0.9489213369998954
298,如何查询好人贷申请的授信结果,0.9487544097410467
299,好人贷额度为什么变低了,0.948644483303645
300,申请好人贷后为何页面显示仍可提交申请,0.948509066065848
301,征信是什么,0.9484384692574348
302,可以通过他人银行卡转入到新网银行账户吗,0.9482621250289001
303,可以查询注册手机号码吗,0.9481253933330379
304,新网银行的官网地址是什么,0.9480862807353424
305,选择任性还款/按期还款利息如何计算,0.9479689856057184
306,客户表示还款成功,0.9478433333605459
307,好人贷需要面签吗,0.9478362293159346
308,自助提额什么时候上线,0.9478064335245863
309,新网银行人工客服电话是多少,0.9477486201715313
310,新网银行有企业贷款吗？,0.9477033278901049
311,一个身份证可以申请好人贷两次吗？,0.9477021954154575
312,什么是无卡支付及免密支付,0.9476513906426228
313,存管提现到账时间是多久,0.9476220322862912
314,为什么没有扣款,0.9475390143413218
315,新网银行能否绑定云闪付,0.9475172027758217
316,好人贷利率为什么调高了,0.9474215069346671
317,好人贷账户是否为新网银行二类户？,0.947394608245995
318,什么情况算违约,0.9473572780689327
319,新网银行地址在哪里,0.9473393374821796
320,好人贷定位如何开启,0.9472690708771353
321,视频认证的步骤是什么,0.9472530816622354
322,新网银行视频认证的QQ号码是多少,0.9471668084156
323,销户后可以再开户吗,0.9469638917196788
324,什么是银行卡预留手机号？,0.946946117472983
325,非绑定银行卡可否与新网二类户转账,0.9469233275281193
326,好人贷为什么无法登录,0.9466403362685101
327,申请好人贷需要哪些资料,0.9466213464310657
328,如何设置存管支付密码,0.9465378271335528
329,哪些渠道可以购买京东存款产品？,0.9463820428920711
330,月得利提前支取如何计息,0.9462743854560879
331,定期存款是否有存单,0.9461548118396738
332,如何查询转账到新网银行的记录,0.9461344795946078
333,新网银行公众号如何取消关注,0.9461289011703752
334,还款日当天是否自动扣款,0.9461148338093769
335,随心存T+1是什么,0.9460292276813848
336,定期存款的利率是多少,0.945990109005572
337,关于客户个人信息安全问题,0.9458866661529616
338,好人贷与其他平台类似产品的区别是什么,0.9458171438618601
339,销户后为何还能解绑银行卡,0.9457584978772549
340,新网银行账户的交易记录如何查看,0.9457357895294515
341,申请好人贷工作信息如何填写,0.9457348169794851
342,好人贷申请是否支持人工受理,0.9456843809819055
343,令牌无效是什么,0.9456451957510376
344,企业邮箱为何验证不了,0.9456325944962046
345,客户咨询其他平台催收问题,0.9455088134586452
346,新网银行存款产品为何暂停交易,0.9454525392007601
347,京东存款的计息规则及计息公式,0.945408348600923
348,优信客服电话是多少,0.9453842153780432
349,可以让别人代还款吗？,0.9453250769689494
350,好人贷额度必须一次性借完吗,0.9451394887859311
351,黑户/白户是否可以申请好人贷,0.9451076697021139
352,还款后页面显示等待中,0.9450856206632056
353,五年定期存款的利率是多少,0.9450620599493067
354,京东存款如何修改注册手机号码,0.9450096196392834
355,开户失败原因,0.9447132417812043
356,好人贷支持周末借款吗？,0.9441498681922473
357,美团客服热线是多少,0.9441181230704636
358,周得利提前支取如何计息,0.9440238710451448
359,电脑端可以登录好人贷吗,0.9440145590708625
360,新网银行有哪些活动,0.9439209391014132
361,新网银行二类户限额是多少,0.9438745482204975
362,如何修改征信上的个人信息,0.9436123374576416
363,"好人贷有回访电话吗""",0.9433751785027754
364,为何还款后额度恢复减少了,0.9433704365113496
365,银行卡还款限额是多少,0.9433508068737914
366,好人贷部分提前还款规则,0.9431541635721891
367,如何查询申请相关的协议书,0.9431201062466351
368,为什么收到美利车金融的短信,0.942998557881988
369,能否删除个人信息,0.9426944759058465
370,什么情况算逾期,0.9426889820814274
371,验证码发送至什么手机号,0.9426277521814679
372,还款金额超银行卡限额怎么办,0.9425434447083906
373,如何查看银行卡管理列表,0.9424759043473523
374,开户是什么意思,0.9421324405499684
375,实际申请金额与放款金额不一致可否取消车贷,0.9420850962033409
376,审核电话内容是什么,0.9420658491032835
377,新网银行账户可以设置为好人贷借/还款账户吗,0.9420354220477036
378,节假日可以借/还款吗,0.9418757893835995
379,怎样才能成功申请到额度,0.941845228580531
380,可以咨询吗,0.9417502957830313
381,销户后是否上征信,0.9416953071872012
382,征信上报周期及更新时间,0.9416482657194548
383,如何通过线下方式转入新网二类户,0.9416435933977494
384,什么是单笔借据和多笔借据,0.9416038071238413
385,自动扣款如何操作,0.9414607102467987
386,可否取消银行卡限额,0.9414409821651156
387,申请被拒怎么办,0.9414367821747093
388,存款产品如何重置交易密码,0.9414138869085428
389,好人贷-云闪付是什么,0.9413106503639663
390,为什么无法注册,0.9412242525600364
391,存款需要先开立银行账户吗,0.9411998641998177
392,身份证上传失败怎么办,0.9410575520334693
393,借款失败怎么办,0.9409407491846232
394,退汇是什么意思,0.9408324028574626
395,如何修改实名认证手机号码,0.9407522158671631
396,抵押类贷款如何办理,0.9407403964024282
397,转账到新网银行账户是否还款成功,0.9406937811235274
398,好人贷支持在国外发起借款吗,0.9405612750573444
399,如何解约快捷支付？,0.9405435063433341
400,好人贷支持随时借款吗,0.9405083896222087
401,贷款证明如何开据,0.9402136211890524
402,如何修改新网随心存注册号码,0.9401755866552912
403,好人贷还款方式有哪些,0.940133127914588
404,客户发送截图以及个人信息等,0.9400772155256893
405,还款记录如何查看,0.9400717309262735
406,人工是否可操作扣款,0.9400641103484807
407,如何查看贷款合同,0.9400497090987265
408,银行转账未到账怎么办,0.9399528395066701
409,新网银行是否上市,0.9399094298489645
410,好人贷申请必须使用身份证原件吗,0.9398729117354253
411,新网银行自动扣款时间,0.9397240320365446
412,为何销户后还能看到好人贷信息,0.9397082731935116
413,好事贷收取哪些费用,0.9396899591649741
414,新网银行有信用卡吗,0.9396404507597312
415,好人贷借款如何上报征信,0.9392323872415125
416,好人贷贷款利息如何计算,0.9390361814900834
417,申请好人贷是否都有额度,0.9387937729625575
418,好人贷借款记录如何查询,0.9386092422951313
419,更改银行卡预留手机号的方法,0.9385026025938029
420,如何退出微信公众号,0.9384110360108974
421,新网银行自动扣款次数,0.9383411105638061
422,好人贷支持随借随还吗,0.9382384132445646
423,合作平台如何取消贷款,0.9382317453266142
424,什么是我的额度和可借额度,0.9382252930647982
425,如何查看好人贷还款计划,0.9380764523293129
426,居住信息如何填写,0.9379257924145421
427,随心存是什么,0.9377932754065577
428,可以重新注册吗,0.9377199605706651
429,如何修改存管账户预留手机号码,0.9376910534968148
430,好人贷自动扣款规则,0.937549651537837
431,好人贷是否支持提前还款,0.9371833263172306
432,迁户是什么意思,0.9369919966765244
433,好人贷上征信吗,0.9369376474509485
434,罚息能否减免,0.9366849944126988
435,好人贷还款记录如何查询,0.936573959700892
436,如何更改其他平台的注册手机号码,0.9365578052699284
437,客户表示知道了,0.9364750734227621
438,线下转账如何填写新网银行开户信息,0.9364697291799751
439,好人贷为什么无法借款,0.9363414654749096
440,好人贷扣款账户如何查看,0.9356619087152711
441,好人贷收取哪些费用,0.9355368040303441
442,新网银行三类户是什么,0.9353718875970396
443,好人贷有回访电话吗,0.9351094974256371
444,随心存产品停售原因,0.9350898391896288
445,好人贷利率为什么高,0.9350078920622432
446,客户提到投诉,0.9349590188277158
447,如何知晓已注销成功,0.9349555730319115
448,好人贷能否人工操作提额,0.9342630102894549
449,新网银行如何联系客户,0.9342052428909837
450,新网银行以什么名义放款,0.9340083517252862
451,额度冻结是什么意思？,0.9335313430783666
452,如何获取线上核身链接,0.9335204310435951
453,可绑定银行卡数量上限,0.9334814887424263
454,好人贷个人资料如何修改,0.9332964783407937
455,如何把注册用户与结算用户都注销,0.9331995605770114
456,存款产品如何修改手机号,0.9328802801873314
457,什么是分批次扣款,0.9328491957769772
458,如何开据存款证明,0.9326227798583309
459,申请好人贷使用的邮箱是公司邮箱还是个人邮箱,0.9324309456021831
460,好人贷-云闪付如何提前还款,0.9322314267173838
461,存款利率是多少,0.9318586063866351
462,新网银行行号是多少,0.931559186504083
463,车贷合同里的金额是否包含利息,0.9314955525031301
464,好人贷申请能否撤销,0.9314717654198739
465,什么是风控审核中,0.9314499492174023
466,好人贷通过率多少,0.9313491415183774
467,好人贷当期能否最低还款,0.9312389424128078
468,如何查看开户结果,0.9308776731206806
469,实名认证审核时间,0.9306662983543726
470,新网账户之间能否互相转账,0.9306266318756585
471,我们是四川新网银行吗,0.9305583352895934
472,如何查询其他平台扣款银行卡,0.9305550764442967
473,身份证信息变更后如何更新,0.9304911462551778
474,修改手机号码的处理时间是多久,0.9302515235581761
475,新网银行好事贷如何申请,0.9302120455602575
476,如何更换微信号,0.9301069815872886
477,如何激活新网二类户,0.9299014417486807
478,好人贷额度是否会发生变化,0.9297305405423977
479,如何操作随心存大额存款,0.9295460772256309
480,结清证明开据时间是多久,0.9293516721820699
481,新网银行有招聘吗,0.9293376712191704
482,能否让客服回电,0.9292539767322043
483,客户表示需要考虑,0.9292175794147703
484,查询车贷的注册手机号码是什么,0.929154323296725
485,车贷扣款支持的银行卡有哪些,0.9290794507697963
486,好人贷额度是否循环使用,0.928928494702658
487,上传身份证时需填写的内容是什么,0.9288883702301354
488,注册规则是什么,0.9286828512261882
489,好人贷申请身份证可否添加水印,0.9286328468874187
490,车贷合同为何无法查看,0.9281660714874657
491,如何关注新网银行公众号,0.9281265984741028
492,人脸拍摄规范,0.9280093076246441
493,如何查询账户是否冻结,0.9278053648214865
494,如何登录微信公众号,0.9276450717042686
495,好人贷有额度后如何进行贷款,0.9276130350363602
496,查询各类工单办理进度,0.927393946497415
497,客户表示不满,0.9272593766897584
498,任性还款是什么,0.927187719703656
499,忘记密码怎么办,0.9271518527546097
500,周得利计息规则,0.9271190626126005
501,存管账户充值限额,0.9270797952886632
502,身份证过期可以申请好人贷吗,0.9267944454390105
503,存管是什么,0.9265403248030911
504,企业邮箱格式是什么,0.9262288754745557
505,随心存如何计息,0.9260633490785019
506,按期还款是什么,0.9259305814047041
507,存管账户如何查询,0.9258599047657188
508,如何查询征信报告,0.9258110008408222
509,如何查询存管账户流水,0.9255063960215891
510,随心存存入限额,0.9252184429769937
511,好人贷账户如何更换手机号码,0.9251153026784149
512,自动扣款时间段是多久,0.9250469781525451
513,好人贷能否绑定他人银行卡,0.9248941296521107
514,五年定期存款是什么,0.9248884050658278
515,新网有哪些产品,0.9246517460960924
516,如何签署借款合同,0.9246008345841383
517,存款产品是否保本保息,0.924211741427027
518,什么是活体检测,0.9241251880396403
519,新网诺诺发票贷如何申请,0.9240811400513858
520,其他贷款怎么办理,0.9238589051150052
521,车贷还款只扣除部分是什么原因,0.9237646291264656
522,创客贷额度是多少,0.9236970142325467
523,如何查询是否已申请好人贷,0.9234811392099886
524,好人贷-云闪付如何更换收/还款银行卡,0.9232926888767561
525,新网银行有几个网点,0.9232060501932294
526,可否补充企业邮箱,0.9232052170001387
527,如何购买新网银行存款产品,0.9230536284289014
528,好人贷如何降低利率,0.9230283993015649
529,开通什么业务,0.9221904658257821
530,定期存款到期如何支取,0.9217317779028718
531,好人贷是邀请制吗,0.9214196324624303
532,季得利如何计息,0.9210297489826964
533,如何注销新网注册用户,0.9210169473350653
534,如何获得优惠券,0.9209613385852139
535,是否需要使用本人手机操作好人贷,0.9205912908123638
536,如何查询还款日,0.9202685463111381
537,优惠券如何使用,0.9200039658631273
538,如何选择按期还款/任性还款,0.9196808857626269
539,存款产品支取通用路径,0.9195980500043934
540,如何办理对公业务,0.9194957495727397
541,好人贷额度他人能否使用,0.919486489347723
542,新网银行业务办理时间,0.9194357692670968
543,公众号如何注册,0.9191879500033909
544,经侦是指什么,0.9189954122895659
545,客户要求发送相关模板,0.9187178458802451
546,什么是综合评估,0.9177060946795634
547,好人贷账户如何挂失,0.9176493430186949
548,输入身份证号码时，为何无法输入字母,0.9175338816356078
549,什么是注册号码？,0.9167348430965578
550,他行渠道汇入新网账户的到账时间是多久,0.9160548669092639
551,如何查询当期车贷还款金额,0.9160028361027541
552,如何注销公众号,0.9158637429076908
553,季得利是什么,0.9157601859478488
554,银行渠道维护时间一般是多久,0.9156001914116451
555,什么是当期账单,0.9155207574870898
556,如何录制活体检测,0.91546394891949
557,有多少人获得好人贷额度,0.915366098527217
558,为何页面出现多个新网银行账户,0.9152626655874365
559,好人贷为何无法还款,0.9151793686716526
560,58车金融客服电话是多少,0.9149109317438443
561,如何办理好人卡？,0.9147161876911758
562,新网银行人工客服服务时间,0.9146807411625282
563,好人贷电话回访时间,0.9133635466828747
564,客户表示有合作意向,0.9132341951853754
565,如何开立存管账户,0.9132318659673424
566,客户称赞服务好,0.9130912851680498
567,如何更换好人贷默认还款账户,0.9130190529308024
568,各还款方式如何进行还款,0.9129422939222911
569,好人贷年化利率是多少,0.9126204653868338
570,消费凭证有效期是多久,0.9126189580857909
571,好人贷借款合同有效期是多久,0.9124097118248428
572,好人贷为什么额度低,0.9124079760462634
573,好人贷是否有临时额度,0.9122491859915339
574,如何进入好人贷页面,0.9121734797446008
575,好人贷如何提高额度,0.9120340793414116
576,好人贷如何实名认证,0.9119951397929382
577,如何查询好人贷借据收款银行卡,0.9119381148856894
578,车贷还款记录如何查询,0.9119033059839622
579,罚息介绍,0.9117655460411973
580,客户表示稍等,0.9116931840100843
581,获取额度后多久可发起借款,0.9110991936709203
582,房产保证金是什么,0.9110033176905712
583,如何降低/关闭额度,0.9105069855432358
584,额度占用问题,0.9100040783534442
585,手持身份证拍照的注意事项,0.9094054147258314
586,好人贷如何试算利息,0.9093106295755283
587,随心存如何登录,0.9089413730544157
588,合作平台如何还款,0.908760198992565
589,密码如何修改,0.9086780792267788
590,好人贷月利率是多少,0.9084810823597085
591,什么是一、二、三类户,0.9077972165170499
592,车贷能否绑定他人银行卡,0.9077480628847113
593,车贷可以修改还款日吗,0.9068588859928517
594,如何进入个人中心,0.9045794546328124
595,线上转入新网银行账户到账时间是多久,0.9045538039780661
596,车贷合同如何查看,0.9032859537051416
597,车辆信息如何查询,0.9028977634606644
598,如何更换借款收款银行卡,0.9027646488805942
599,好人贷利率是多少,0.9021118579873995
600,工新借是什么,0.9017145588467455
601,关于消费凭证,0.9005240316706661
602,如何查询车贷还款日,0.9004338951217568
603,为何无法销户,0.9003113021713982
604,新网银行账户是什么,0.8992117953057437
605,如何注销新网二类户,0.8989636006861329
606,如何邀请好友申请好人贷,0.8967832921168012
607,好人贷还款后多久到账,0.8954728256386392
608,好人贷账户如何查询,0.8952264973279133
609,存管账户如何注销,0.8947577785696584
610,好人贷放款至什么账户,0.894717929787171
611,车贷申请多久可以放款,0.8936417741354419
612,美利车联系电话,0.8932880419366449
613,车贷利息是多少,0.8930178417616271
614,什么是还款日,0.8926589264899969
615,个人可以在新网开立几个账户,0.8921825653526252
616,为何无法申请好人贷,0.8907746351001712
617,车贷收取哪些费用,0.8901538105961826
618,如何在新网银行开户,0.8899194992618322
619,怎样用其他手机登录好人贷,0.8896095975191907
620,车贷支持手动还款吗,0.8892313003834071
621,车贷如何修改注册手机号码,0.8888033356743072
622,如何绑定银行卡,0.8886472328588026
623,批扣时间段是多久,0.888595214618433
624,新网银行APP下载,0.8885643368577106
625,好人贷如何审核,0.8884917713479363
626,车贷如何办理解押手续,0.8858370573193445
627,季得利如何支取,0.885599657855346
628,如何查询新网账户,0.8850218655853179
629,新网银行简介,0.8835453612062772
630,额度冻结怎么办,0.8830035029235873
631,如何冻结新网银行账户,0.8824571893227817
632,好人贷如何自助提额,0.8823873617203545
633,工新借如何申请,0.8817008218268965
634,如何换绑银行卡,0.8814194724845935
635,什么是登录密码,0.880430987518982
636,好人贷审核时间是多久,0.8800251657038445
637,客户提出建议,0.8794078303379228
638,可否对公还款,0.8774522496285585
639,好人贷额度是多少,0.8773349282618387
640,可否延期还款,0.8764868374296264
641,车贷平台如何查询,0.8761687893760076
642,好人贷借款规则,0.8746629596788739
643,好人贷如何提前还款,0.8742617029064752
644,好人贷的办理时间,0.873117396547601
645,好人贷消费用途,0.8728160648219855
646,如何解绑银行卡,0.8721086394734021
647,好人贷是什么,0.8711225588527808
648,注销账户的处理时间,0.8705983285514471
649,好人贷额度有效期是多久,0.8699660233013441
650,车贷逾期如何还款,0.8697478997319011
651,车贷如何还款？,0.8689885597956587
652,车贷如何解绑银行卡,0.868149921976648
653,好人贷贷款期限是多久,0.8636056704016294
654,好人贷如何主动还款,0.8633310687971746
655,好人贷提额周期是多久,0.8627068574992938
656,车贷如何更换还款银行卡,0.8595057301419828
657,车贷如何提前还款,0.8525860954701316
658,如何增加银行卡,0.8507650710710128
659,如何删除身份证信息,0.8494201549111668
660,好人贷如何申请,0.8491498859700785
661,什么平台的贷款,0.8473081373730872
662,好事贷如何还款,0.8421815757049551
663,车贷如何申请,0.8375801324336775
664,好人贷借款多久到账,0.8190619343246903
665,好人贷账户如何注销,0.8108257927554487
666,好人贷如何还款,0.7946400892838372
