0,绑定银行卡后下一步无法操作,1.0
1,为何之前绑定的银行卡不支持扣款了,0.9836298282929615
2,银行卡挂失会影响自动扣款吗,0.9814442264753674
3,支持绑定的银行卡类型有哪些,0.9811193285034961
4,绑卡时页面上的银行卡预留手机号码可以修改吗,0.9808979737312997
5,绑定银行卡产生费用吗,0.9794806743363725
6,为何提示支付平台银行卡未开通银联无卡认证支付,0.9766610524789929
7,更换银行卡会影响自动扣款吗,0.9760373142074149
8,银行渠道维护无法操作怎么办,0.9758251555038472
9,好人贷必须绑定银行卡使用吗,0.9756901535998631
10,好人贷只能通过绑定的银行卡还款吗,0.97512499183788
11,好人卡绑定云闪付/微信等失败怎么办,0.9751042388761887
12,银行卡开通银联在线支付后是否可正常还款,0.9749813689119967
13,好人贷注册手机号与银行卡预留手机号是否需要一致？,0.9735957464124736
14,进入随心存为何提示手机号码不一致,0.9725467619787587
15,为何提示支付平台该客户无默认扣款卡，交易没有发给统一支付,0.9720142757124592
16,手机号归属地与定位地不一致是否有影响,0.9714263836093788
17,新网银行发送的短信验证码的有效时长？,0.9712569406285977
18,绑定银行卡失败,0.9712360851532347
19,平台方手机号变更导致我行无法直接开据结清证明问题,0.9711405565233667
20,银行卡是二类户影响扣款吗,0.9709794853997938
21,为何存管查询提示没有密码,0.9707901646174404
22,存管密码被锁定怎么办,0.9706128775495944
23,借款到账后页面未更新借款状态,0.9705441615915507
24,收款卡发卡行拒绝放款失败什么意思？,0.970431945423775
25,为什么拍照认证时总是不成功或显示系统崩溃,0.970078383731406
26,为何提示交易密码验证失败,0.9698872349254695
27,为何提示支付平台受发卡行资金用途限制拒绝交易,0.9697026597986275
28,未接到好人贷回访电话会被拒吗,0.9696100270554217
29,转入新网银行使用的密码是交易密码还是银行卡密码,0.9694908578819451
30,新网账户绑定微信/支付宝后支持提现或充值吗,0.9689659633303617
31,半年得利提前支取影响已发放利息吗,0.9688287597055125
32,微信/支付宝等可否与新网银行账户互相绑定,0.9686526725343142
33,修改手机号后是否需要重置登录密码,0.9686379151010862
34,页面为何提示“开户失败”、“账户存在异常操作/账户异常”,0.9685130826725994
35,为何提示支付平台签约关系不存在,0.9679761381591008
36,季得利提前支取影响已发放利息吗,0.9675981699789742
37,通过本人微信找回密码是指什么,0.9672840295755556
38,线上开据证明为何和征信金额不符,0.9672572532983355
39,系统升级会影响扣款吗,0.9671402106936657
40,交易密码无法设置,0.9669411489659472
41,修改手机号码/微信号是否会影响自动扣款,0.9667346447498039
42,新网银行能否绑定云闪付,0.966641719628452
43,借款成功会有短信等提醒吗,0.9664669022543843
44,新网银行扣款通道是什么,0.9664276603966504
45,新网银行二类户与好人贷是否为同一个手机号码,0.9662758142546596
46,为何提示支付平台不允许持卡人进行的交易,0.9662408797403458
47,新网银行人工客服电话打不通,0.9661997513561664
48,白骑士认证失败是什么意思,0.9661765408014373
49,联系新网银行客服有哪几种方式,0.965851059624237
50,手机获取验证码失败,0.9656954540366115
51,可否按照征信订单号开据证明,0.9656600879516793
52,扣款结果会有短信提示吗,0.9656523887190867
53,还款银行卡是否需要开通银联在线支付业务,0.9655985813612649
54,为何重置密码后仍提示密码错误,0.9655141385388902
55,为何提示支付平台持卡人信息有误,0.9653901237524243
56,线上是否可开据征信版结清证明,0.9652193564096514
57,为何提示支付平台暂不支持的银行或限额,0.9650165672015372
58,好人贷为什么提示“账户存在异常操作”,0.9649241039821909
59,获取验证码次数超限怎么办,0.9648929664975547
60,为何征信上的放款日期与实际借款日期不一致,0.9645023909586566
61,可绑定银行卡数量上限,0.9644959037066837
62,未正常还款我行会进行催收吗,0.9644796394695867
63,注册手机号及微信号需要实名制吗,0.9642958965639352
64,开据证明时为何需要实名认证,0.9642172984568539
65,为何存管信息与平台显示不一致,0.964215830381032
66,非绑定银行卡可否与新网二类户转账,0.9641378672746908
67,存管查询为何提示用户不存在或者信息有误,0.9638493083244459
68,新网银行有实体卡片吗,0.9637393637379962
69,好人贷审核时是否给填写的联系人去电,0.9636034397027711
70,实名认证是否查询征信,0.9635920248244022
71,为何收到新网银行逾期提醒短信,0.9635196847375409
72,补扣会影响信用吗,0.9633459038947091
73,京东存款是否支持提前支取/提前部分支取？,0.9632946474899046
74,好人贷申请成功会有短信通知吗,0.963288120176306
75,为何图文验证码输入正确却提示错误,0.9632746670248916
76,操作好人贷是否需要开启定位,0.963141765053085
77,注册手机号更换成功后何时可以正常使用,0.963083405059748
78,随心存可以在我行公众号查询/操作吗,0.9629821772901365
79,视频认证录制失败的原因是什么,0.9628902489287304
80,结清证明印章无法查看,0.9628086457668248
81,银联在线支付如何开通,0.9627184730115416
82,无法提供消费凭证可以取消贷款吗,0.9627002052049811
83,接收短信的手机号是否为注册手机号,0.9626811360878466
84,购买存款页面为何提示“额度不足，无法购买”,0.962604155307235
85,平台还款信息为何与新网银行不一致,0.9625904057109873
86,为何提示支付平台发卡行拒绝,0.9625348068121141
87,银联在线支付是什么,0.9624967388996815
88,新网银行合作的存管平台有哪些,0.962424580563015
89,结清贷款后征信上是否会显示结清,0.9624067213060953
90,为什么收到提额短信但额度未提升,0.9622657229683835
91,为何同时收到了还款成功和失败的短信,0.9622344087749768
92,为何提示不具备开具资格,0.9621211178666036
93,存管查询的余额如何提现,0.9619921295426
94,为什么点击拍照没有反应,0.9618057910546891
95,为何提示用户未实名认证,0.9617668642613785
96,我行放款的其他平台借款会上报征信吗,0.9617053573231327
97,电话客服是否可以受理结清证明,0.9615989521667067
98,提前还款会影响个人征信吗,0.9614012455317446
99,线上开据证明有次数限制吗,0.9613824974668076
100,新办的手机号可以申请好人贷吗,0.9612496725703981
101,登录时的图文验证码是否区分大小写,0.9611337899142124
102,好人贷只能使用微信登录吗？,0.9610973480690017
103,微信号更换成功后何时可以正常使用,0.9608928122579262
104,新网二类户转入/转出收取手续费吗,0.9608788651964066
105,更改银行卡预留手机号的方法,0.9608514666112562
106,为何提示支付平台当日交易次数超限,0.9608489485286826
107,如何查看手机号是否实名制,0.9608128753710121
108,为何提示支付平台账户余额不足,0.9607630971026713
109,新网银行开户支持的证件有哪些,0.9606706021637199
110,合同为何无法打开,0.9606103017994907
111,为何提示支付平台渠道不支持的银行,0.9605433918367852
112,提前结清贷款后还会扣款吗,0.9603623047034926
113,新网银行有哪些产品可以提额,0.9603319071834998
114,什么是无卡支付及免密支付,0.9603026427487625
115,贷款证明开据失败怎么办,0.9602836472947024
116,实名认证为什么不符,0.9602635306944861
117,好人贷借款超时未到账如何处理,0.9602624812094237
118,拨打我行人工客服电话是否收费,0.9599589016625498
119,贷款结清之后能否删除贷款记录,0.9598824044659121
120,转账到新网银行如何操作,0.9595879359072377
121,为何征信上有新网上报的贷款记录,0.9595534962360014
122,如何查询是否开通银联在线支付,0.9594498645064843
123,好人贷支持扣款的银行有哪些,0.9592252719639773
124,为什么提示用户不存在,0.9591345431311238
125,企业邮箱填写错误怎么办,0.9591242545886721
126,实名认证失败的原因是什么,0.959104916511524
127,登录密码为何无法重置,0.9590281648764192
128,自动扣款失败怎么办,0.9589374242506832
129,为何提示支付平台支取金额超过可用余额,0.9588962105656514
130,好人贷手动还款时为何提示批次执行中,0.9588888230455542
131,密码被锁定怎么办,0.9588087042992347
132,企业邮箱验证码可否重新获取,0.9587898048178464
133,借款合同是否有展示提前还款会收取违约金的情况,0.9587140933508819
134,为什么提前还款显示联合贷批次执行中？,0.9585992076329333
135,好人贷注册手机号无法使用,0.9585815591429194
136,好人贷被拒后为何没有下次开放时间,0.9583057569173025
137,新网银行二类户如何转入/转出,0.9580993203039595
138,什么是银行卡预留手机号？,0.9580606268753064
139,好人贷申请是否查询芝麻信用,0.9579902736793203
140,新网银行自动扣款次数,0.9579356466103475
141,新网银行以何名义查询征信,0.9579134321306536
142,为何无法登录存管查询,0.9579049644074025
143,手机号无法使用为什么,0.9577877847725637
144,贷款证明的电子章是否具有法律效应,0.9577233373110833
145,公众号页面的“我的排号”是什么意思,0.9576643314023171
146,在线客服是否是人工客服,0.9575510013769193
147,随心存操作渠道有哪些,0.9575147137475405
148,新网银行合作平台有哪些,0.9574017106775746
149,转账时为何提示未面核,0.9572361478095816
150,新网银行自动扣款时间,0.9571924228800217
151,在线咨询是否支持客户发送语音,0.957153849338492
152,结清贷款后什么时候可以开据结清证明,0.9571258637718129
153,新网银行存款是否受保障,0.9570148431565518
154,好人贷申请需要填写哪些个人信息,0.9568466461312904
155,为什么好人贷第一期还款金额与之后不一致,0.9565145648086639
156,京东存款为什么显示当日额度为什么已售罄？,0.9564969458111496
157,为何征信上有新网银行的贷款审批记录,0.9564791579070463
158,申请好人贷后，可否更改授信结果,0.9563724141252231
159,审核电话可更改接听电话吗,0.9563301416332585
160,为何申请好人贷后显示未获取额度,0.9562934789661564
161,好人贷支持微信/支付宝扣款吗,0.9562591769394213
162,为何提示还款卡不存在,0.956160780887736
163,新网银行人工客服电话是多少,0.9561439505487515
164,注销注册用户后是否可恢复？,0.9561437798674363
165,银行渠道维护是指什么,0.9560488807037294
166,是否会发生重复扣款情况,0.9559904472928735
167,新网银行的官网地址是什么,0.9559547293040703
168,人脸识别失败怎么办,0.9558877830868374
169,是否可以取消自动扣款,0.9558587706498841
170,新网银行视频认证的QQ号码是多少,0.9557460701001863
171,为何提示支付平台账户状态异常,0.9556112234812296
172,平台方提供的客户审批资料能否提供给客户,0.9555773758758769
173,定期存款操作的渠道有哪些,0.9554621369184653
174,客服能否查看聊天记录,0.9554574854212335
175,新网二类户上的资金是否计息,0.9552967665862206
176,新网二类户为何无法转入/转出,0.9552529376612632
177,京东存款如何修改注册手机号码,0.9552333620720224
178,为何征信上有新网银行上报的逾期,0.9550393919349774
179,优信扣款成功后为何显示待还款,0.9549561223891035
180,可以通过他人银行卡转入到新网银行账户吗,0.954682552766698
181,为何提示支付平台交易金额超限,0.9546625378508448
182,查询结清证明申请是否已提交,0.9546569940545907
183,开具结清证明时为何无法登录,0.9546553918056155
184,为何人脸识别提示光线太足,0.9545780864236751
185,申请好人贷必须填写联系人信息吗,0.954478407717723
186,关闭其他平台额度后，能否恢复好人贷额度,0.954453596306859
187,新网二类户转入/转出有时间限制吗,0.9544388484151912
188,新网银行账户可以在哪些地方使用,0.9541416732794069
189,随心存利率为何会发生变化,0.9541316141914926
190,好人贷审核不通过对个人有什么影响,0.9541315054182373
191,新网二类户可以升级为一类户吗？,0.9541018391571722
192,好人贷交易密码如何设置,0.9540589501333929
193,再次申请好人贷会查询征信吗,0.9540417676874342
194,好人贷以什么贷款类型上报人行征信？,0.953990024632326
195,征信上显示的贷款金额是否包含利息,0.953863158601473
196,申请好人贷没有公司邮箱怎么办,0.9537236643617382
197,如何修改实名认证手机号码,0.9536090031869411
198,使用优惠券后提前还款利息如何计算,0.9536077242021599
199,销户后为何还能解绑银行卡,0.9536017877955127
200,随心存利率是多少,0.953549048926886
201,核身链接失效的原因,0.9533862465836933
202,申请诺诺发票贷需要什么条件,0.9532127192680853
203,企业邮箱为何验证不了,0.9531995753207229
204,新网银行账户的交易记录如何查看,0.9531676720427426
205,好人贷授信首页显示利率是否为固定利率,0.9530138648005062
206,页面为什么异常跳转,0.9528024929064606
207,下一次开放时间是什么意思,0.9523195455887872
208,人脸识别使用的是照片还是视频,0.9522864159491619
209,如何查看委托支付协议,0.9522642998981602
210,申请好人贷需要下载APP吗？,0.9522631603279693
211,为何申请好人贷页面显示暂无资格,0.9521703739552406
212,如何查看银行卡管理列表,0.9521154773156963
213,挖财还款是否为新网银行代扣,0.9520991466869264
214,结清证明的发送方式有哪些,0.9520479106827334
215,当期账单支持再分期吗,0.9519850524887437
216,五年定期存款支持提前支取吗,0.9519713505542701
217,随心存如何修改交易密码,0.9519562212224233
218,好人贷借款金额与到账金额是否一致,0.9519152790249169
219,好人贷提额会查询征信吗,0.9517780615955881
220,开据证明为何显示没有符合要求的订单,0.9517048177050114
221,新网银行公众号如何取消关注,0.9516601688139285
222,页面为何无法打开,0.9513081362567897
223,为何提示支付平台其他错误,0.9512770371407764
224,好人贷不借款会产生利息或费用吗,0.9512614282810914
225,随心存如何查看收益情况,0.9510809294420793
226,客服能否看到客户申请好人贷的信息,0.9510031511775869
227,好人贷是否支持提前还当期账单,0.9508352682258802
228,验证码发送至什么手机号,0.9508233400966443
229,视频认证的步骤是什么,0.9507908125559805
230,目前支持的银行有哪些,0.9507026766851815
231,如何查询好人贷申请的授信结果,0.9506892601964071
232,线下转账如何填写新网银行开户信息,0.9506212759141497
233,如何查询合作平台贷款是否结清,0.9506145366518562
234,为何收到新网银行还款短信,0.9505755860192355
235,随心存支持提前支取吗,0.9503985537567962
236,如何取消征信查询及使用授权书,0.9502501271631543
237,为何无法提交好人贷申请资料,0.9500564278651888
238,随心存提前支取到账时间,0.9500490307984614
239,存款页面是否会显示每日收益,0.9500389489154992
240,能否人工开据贷款证明,0.9500148738255302
241,结清证明的印章是否可以用公章,0.9498086291538028
242,如何设置存管支付密码,0.9497908935003339
243,如何修改存管账户预留手机号码,0.9497863263303064
244,可以查询注册手机号码吗,0.949717784802189
245,为何提示缺少必要参数,0.9496332945913394
246,新网银行的活期利率是多少,0.9496080030813828
247,好人贷借款后能否修改贷款信息,0.9495410295066772
248,季得利的操作渠道有哪些,0.9495257710408221
249,名下所有卡被冻结后如何还款,0.9494113600292692
250,开据证明时为何提示账户存在异常,0.949408141308699
251,活体检测失败怎么办,0.9493788826845492
252,好人贷账户是否为新网银行二类户？,0.9493451287787343
253,新网银行存款类产品有哪些,0.9493073559859286
254,可以查询个人信息资料吗？,0.9491319353885196
255,征信报告是什么样的,0.948935615484314
256,银行转账未到账怎么办,0.9487933012025662
257,随心存停售后有影响吗,0.9485032666503056
258,客户催促需要加急办理,0.9483230078398447
259,申请好人贷需要开个人账户吗？,0.9482297999919657
260,如何查看随心存购买情况,0.9482246446364143
261,电脑端可以登录好人贷吗,0.9482073857270851
262,新网银行存款属于理财产品吗,0.9480797892590961
263,在哪个平台操作提现,0.9480773857730224
264,可否取消银行卡限额,0.947882715537707
265,好人贷审核电话是多少,0.9478175658092038
266,好人贷如何查看所支持的还款方式,0.9475617573363532
267,如何查询转账到新网银行的记录,0.9474515626833585
268,借款时选错收款账户怎么办？,0.9473626282526487
269,什么是单笔借据和多笔借据,0.9472966630861789
270,新网银行二类户限额是多少,0.9472527093271046
271,公众号是否有还款提示,0.9471923451686532
272,存款需要先开立银行账户吗,0.9470504144491311
273,好人贷为什么无法登录,0.9468976559712513
274,能否开具非恶意逾期证明,0.9468705913285976
275,咨询可以发送图片吗？,0.9468501535231579
276,还款金额超银行卡限额怎么办,0.9468150118983316
277,诺诺发票贷的利率是多少,0.946545836895638
278,好人贷申请是否可以使用临时身份证,0.9463659855263858
279,新网银行地址在哪里,0.946247244229863
280,我行对客邮箱是多少,0.9461919585295466
281,提前支取时为何显示存入,0.946018254636734
282,节假日可以操作各类存款吗,0.9459513813566998
283,申请好人贷工作信息如何填写,0.9458571138303044
284,滴水贷客服电话是多少,0.9458245920959961
285,京东存款的计息规则及计息公式,0.9458158383524797
286,实名认证审核时间,0.9458071339288874
287,新网银行存款产品为何暂停交易,0.9457781809103831
288,客服是否是随机分配,0.9456383146419801
289,有额度不使用有什么影响吗,0.945617232727325
290,好人贷定位如何开启,0.9453397574311465
291,逾期后还款金额是否会增加,0.9451077708045809
292,申请好人贷有区域或者号段等限制吗,0.9450338599855441
293,好人贷是否支持归还逾期部分账单,0.9450331480704691
294,好人贷申请的渠道有哪些,0.9449875380229873
295,如何确保还款日当天会扣款成功,0.9449631227428966
296,如何查看好人贷相关协议/合同？,0.9448050962940256
297,为什么银行还款存在限额？,0.9446263013300379
298,借款后如何判定下次还款日期,0.9444324871021529
299,随心存到期后何时到账,0.9444000343841481
300,他人可以使用本人信息申请好人贷吗,0.9443589406237931
301,新网银行账户可以设置为好人贷借/还款账户吗,0.9443584576346987
302,客户咨询其他平台催收问题,0.9443285739377046
303,还款日当天支持手动还款吗,0.9440072655404045
304,存管提现到账时间是多久,0.9438301087087905
305,为何结清证明显示日期与平台不符,0.943765415934518
306,自动扣款如何操作,0.9437302524272285
307,系统繁忙是什么原因,0.9435108554455274
308,申请好人贷后有没有回复,0.9434870749601886
309,新网银行如何联系客户,0.9434683745602097
310,新网银行三类户是什么,0.9433373316259439
311,为何申请好人贷无结果,0.9433149769259342
312,如何更改其他平台的注册手机号码,0.943293537548669
313,如何查看优惠券的使用情况,0.9432075953510457
314,新网银行有信用卡吗,0.9431028670536005
315,银行卡还款限额是多少,0.9430730339470343
316,客户发送截图以及个人信息等,0.9429372454405477
317,新网银行是否上市,0.9428054480932498
318,扣款失败的原因,0.9426556114227086
319,为何提示系统异常,0.9426228925003061
320,审核电话内容是什么,0.942615116843166
321,随心存存款期限有哪些,0.9425201344983424
322,存款产品如何重置交易密码,0.9425152014542838
323,美团客服热线是多少,0.9425151164316227
324,好人贷提前还款最低还多少,0.9425108593675782
325,存款产品的资金可以用于好人贷还款吗,0.9425064863168052
326,自助提额什么时候上线,0.9424659176650307
327,好人贷还款后额度何时恢复,0.9423556323829708
328,好人贷借款时还会审核吗,0.9423355162650496
329,提前还款手续费是多少,0.9422953377125297
330,为何按期还款只能选择部分贷款期限,0.9420774411387349
331,好人贷-云闪付是什么,0.9419599979388669
332,如何修改新网随心存注册号码,0.9418854634101372
333,好人贷自动扣款规则,0.9418579434155709
334,为何好人贷还款时提示“交易处理中”,0.9418507998864987
335,按期还款和任性还款的区别是什么,0.9418450436818849
336,逾期未还款如何处理,0.9416057798073515
337,为什么取消了提前部分还款,0.9414851100041447
338,好人贷额度必须一次性借完吗,0.9413095363262528
339,能否删除个人信息,0.9412876802834972
340,转账到新网银行账户是否还款成功,0.9411611981004809
341,销户后可以再开户吗,0.9410948600218292
342,如何修改征信上的个人信息,0.9408659608528056
343,申请好人贷后为何页面显示仍可提交申请,0.940833824666718
344,怎样才能成功申请到额度,0.9407044374205018
345,优信客服电话是多少,0.9406574864997574
346,新网银行有哪些活动,0.9405815396558912
347,还款后为何未更新还款状态,0.9402818983030816
348,存款产品是否存满五年才能支取,0.9402267131345242
349,结清证明是否是还款记录证明,0.9402204632129079
350,申请创客贷需要什么条件,0.9397258713686417
351,为什么收到美利车金融的短信,0.9396312909801403
352,哪些渠道可以购买京东存款产品？,0.9394538870325574
353,还款日可以修改吗,0.93940427660694
354,实际申请金额与放款金额不一致可否取消车贷,0.9393899628393535
355,如何查询申请相关的协议书,0.9393460071275781
356,新网银行有企业贷款吗？,0.9392735627916364
357,为何提示还款存在差错,0.9391281809552818
358,提前还款有次数限制吗,0.9389889986503416
359,征信上报周期及更新时间,0.9389451439948696
360,还款日当天是否自动扣款,0.9387667804575427
361,还款后页面显示等待中,0.9387363656712581
362,好人贷申请是否支持人工受理,0.9386262325424671
363,好人贷需要面签吗,0.9383713790507984
364,为何提示该证件已被使用,0.938214478730191
365,人工是否可操作扣款,0.9381231359621606
366,申请好人贷需要公积金、社保吗？,0.9380219303087957
367,存在迁户问题怎么处理,0.9378336226411405
368,身份证更换期间会影响好人贷贷款吗,0.9377873470940256
369,选择任性还款/按期还款利息如何计算,0.9377704634539201
370,好人贷与其他平台类似产品的区别是什么,0.9373180055485402
371,为什么无法注册,0.9372477906733271
372,查询各类工单办理进度,0.93711034805376
373,好人贷可以重新申请吗,0.9369347621515011
374,关于客户个人信息安全问题,0.9368533466856737
375,五年定期存款的利率是多少,0.9367549766495338
376,好人贷利率为什么调高了,0.936615797016866
377,随心存T+1是什么,0.9365965361224664
378,征信是什么,0.9365607163917754
379,黑户/白户是否可以申请好人贷,0.9364915016596556
380,如何解约快捷支付？,0.9364334235796755
381,申请被拒怎么办,0.9360806536555081
382,新网银行业务办理时间,0.9360745075909362
383,什么是我的额度和可借额度,0.9360434550025333
384,定期存款的利率是多少,0.9359884517628279
385,提前支取有限制吗,0.9359571772775
386,提额会有通知吗,0.9359190306028197
387,选择任何还款方式都可以提前还款吗,0.9358395860703574
388,申请好人贷需要哪些资料,0.9357366006173301
389,新网银行行号是多少,0.9353261155671843
390,开户失败原因,0.9351796861682956
391,客户表示没有问题了,0.9349322890556665
392,新网银行以什么名义放款,0.9348207055102897
393,申请好人贷需要什么条件,0.9348156195229905
394,结清证明会展示哪些信息,0.9347653927496435
395,企业邮箱格式是什么,0.9346223452333812
396,合作平台如何取消贷款,0.9345785828540852
397,月得利提前支取如何计息,0.9345253494770003
398,居住信息如何填写,0.9344833733250467
399,如何查询其他平台扣款银行卡,0.9344394569914364
400,好人贷部分提前还款规则,0.9344213637234818
401,"好人贷有回访电话吗""",0.9343281659405127
402,好人贷额度为什么变低了,0.934322240337253
403,好人贷能否绑定他人银行卡,0.9342966154681652
404,存管账户充值限额,0.9342825091869634
405,修改手机号码的处理时间是多久,0.9342058431309125
406,令牌无效是什么,0.9341673011136922
407,存款产品如何修改手机号,0.9341268545399481
408,申请好人贷使用的邮箱是公司邮箱还是个人邮箱,0.9339429551605458
409,如何退出微信公众号,0.9338236128333747
410,为何还款后额度恢复减少了,0.9337595529476392
411,销户后是否上征信,0.9337020610443875
412,查询车贷的注册手机号码是什么,0.9336435011687044
413,好人贷借款记录如何查询,0.9334236910163429
414,如何获取线上核身链接,0.9332296655575212
415,好人贷申请必须使用身份证原件吗,0.9331693416718451
416,好人贷贷款利息如何计算,0.9331653630893877
417,如何查看贷款合同,0.9331126086960805
418,好人贷扣款账户如何查看,0.9329889640149522
419,销户与否会产生什么影响,0.9327736656683563
420,如何通过线下方式转入新网二类户,0.9327084633503737
421,一个身份证可以申请好人贷两次吗？,0.9322760480043608
422,为什么没有扣款,0.9320142643125068
423,客户表示还款成功,0.9319743756727146
424,好人贷借款如何上报征信,0.9318806034046123
425,好人贷个人资料如何修改,0.9316157665759967
426,逾期造成的影响是什么,0.931512560504253
427,定期存款是否有存单,0.9310923866346517
428,人脸拍摄规范,0.9310688980215497
429,如何查看开户结果,0.930938523574443
430,好人贷账户如何更换手机号码,0.9307843641016027
431,好人贷支持随时借款吗,0.9307065344297307
432,新网账户之间能否互相转账,0.930615474200759
433,忘记密码怎么办,0.9304993100670546
434,什么是风控审核中,0.9303853357917459
435,如何把注册用户与结算用户都注销,0.930323305618807
436,好人贷还款记录如何查询,0.9300902167720319
437,好人贷支持在国外发起借款吗,0.9299408148674381
438,车贷扣款支持的银行卡有哪些,0.9297125938020814
439,为何销户后还能看到好人贷信息,0.9296577076975748
440,周得利提前支取如何计息,0.9295569010421947
441,贷款证明如何开据,0.9295556339698248
442,抵押类贷款如何办理,0.9294990198325831
443,什么情况算逾期,0.9294643319078734
444,什么情况算违约,0.9294336043364223
445,可否补充企业邮箱,0.9293936521523978
446,好人贷支持周末借款吗？,0.9292908999223561
447,新网银行有几个网点,0.9289803588186056
448,可以咨询吗,0.9287621511206383
449,好人贷有回访电话吗,0.9283767065448072
450,如何查询存管账户流水,0.9282196988991012
451,还款记录如何查看,0.928117321086521
452,申请好人贷是否都有额度,0.9280357952822402
453,新网银行有招聘吗,0.9279759808865553
454,借款失败怎么办,0.92792761295922
455,好人贷能否人工操作提额,0.9276692962993289
456,如何登录微信公众号,0.9276653646746204
457,什么是分批次扣款,0.9274106864409206
458,车贷合同为何无法查看,0.9271446357845263
459,好人贷支持随借随还吗,0.9271059621514448
460,我们是四川新网银行吗,0.9268962727105505
461,输入身份证号码时，为何无法输入字母,0.926822342728881
462,如何激活新网二类户,0.9266894663428783
463,节假日可以借/还款吗,0.9263540011901074
464,如何关注新网银行公众号,0.9263498773685537
465,好人贷收取哪些费用,0.9261612243366587
466,好人贷为什么无法借款,0.926156674680953
467,好人贷-云闪付如何提前还款,0.9260776667227423
468,上传身份证时需填写的内容是什么,0.9259144473398734
469,开通什么业务,0.9258707965466366
470,存管账户如何查询,0.925831027094874
471,好人贷上征信吗,0.9257858658886154
472,如何查看好人贷还款计划,0.925775586215362
473,好人贷还款方式有哪些,0.9254172057131546
474,能否让客服回电,0.9251587380776272
475,如何操作随心存大额存款,0.9251076879264424
476,身份证上传失败怎么办,0.9248495418825962
477,如何更换微信号,0.9244456513453941
478,新网银行人工客服服务时间,0.9243748995826775
479,车贷合同里的金额是否包含利息,0.9243011296112137
480,开户是什么意思,0.924007275966724
481,好事贷收取哪些费用,0.9239842148549243
482,如何开据存款证明,0.9239797412917704
483,客户要求发送相关模板,0.9235177188402012
484,可以重新注册吗,0.9233337285862203
485,注册规则是什么,0.9232767706663437
486,如何购买新网银行存款产品,0.9232431828523031
487,如何查询账户是否冻结,0.923176403311846
488,自动扣款时间段是多久,0.9229207183814421
489,他行渠道汇入新网账户的到账时间是多久,0.9228222209560222
490,好人贷-云闪付如何更换收/还款银行卡,0.9227671247271765
491,随心存存入限额,0.9227518286361039
492,好人贷额度是否循环使用,0.9226408821799253
493,好人贷申请能否撤销,0.9222603457164876
494,如何知晓已注销成功,0.9221108321168554
495,随心存产品停售原因,0.9219086071299866
496,好人贷利率为什么高,0.9216261066254495
497,新网银行好事贷如何申请,0.9214727521025314
498,周得利计息规则,0.9211789365247756
499,客户提到投诉,0.9211678735819324
500,客户表示知道了,0.9210417001150493
501,新网诺诺发票贷如何申请,0.9201233620518889
502,结清证明开据时间是多久,0.9198358064025186
503,好人贷是否支持提前还款,0.9196955080565601
504,为何页面出现多个新网银行账户,0.9193570045221392
505,可以让别人代还款吗？,0.9193188667075307
506,随心存是什么,0.9184771658626122
507,如何查询征信报告,0.9181198143433387
508,如何签署借款合同,0.9179808381812696
509,额度冻结是什么意思？,0.9178508704305877
510,好人贷通过率多少,0.9177556006393974
511,存款产品支取通用路径,0.9165858249179099
512,好人贷电话回访时间,0.9164559569635458
513,罚息能否减免,0.9162945098914543
514,迁户是什么意思,0.9161768359433725
515,银行渠道维护时间一般是多久,0.9160641373738296
516,其他贷款怎么办理,0.9153989403723962
517,获取额度后多久可发起借款,0.9153740418133532
518,存款利率是多少,0.9153405001139848
519,好人贷申请身份证可否添加水印,0.9150971217804901
520,58车金融客服电话是多少,0.9149578118388504
521,如何注销新网注册用户,0.9148773690788957
522,车贷还款只扣除部分是什么原因,0.914850274362035
523,好人贷有额度后如何进行贷款,0.9145130483434438
524,好人贷额度是否会发生变化,0.9144726181508347
525,公众号如何注册,0.9144279964061317
526,随心存如何计息,0.9139958268992918
527,车贷能否绑定他人银行卡,0.9136490538311188
528,什么是注册号码？,0.9134353931032007
529,客户表示不满,0.9133983826005049
530,五年定期存款是什么,0.9133116632407398
531,客户表示需要考虑,0.9130035866101802
532,身份证过期可以申请好人贷吗,0.9127651643497248
533,好人贷账户如何挂失,0.9127507225902664
534,如何查询是否已申请好人贷,0.9126830364964682
535,身份证信息变更后如何更新,0.912447049501253
536,按期还款是什么,0.9124409167232899
537,线上转入新网银行账户到账时间是多久,0.9121788747705412
538,创客贷额度是多少,0.9121730069134861
539,好人贷当期能否最低还款,0.91210612540022
540,如何办理对公业务,0.9120420670563615
541,什么是活体检测,0.9116923494708679
542,如何查询好人贷借据收款银行卡,0.9116378976108404
543,好人贷额度他人能否使用,0.9115681412469894
544,什么是综合评估,0.9113183362475862
545,如何开立存管账户,0.9112110445129712
546,任性还款是什么,0.910914423936753
547,存管是什么,0.9108213406430073
548,如何获得优惠券,0.910771875555673
549,定期存款到期如何支取,0.9107134318623616
550,好人贷如何实名认证,0.9104908650932282
551,是否需要使用本人手机操作好人贷,0.9103252157062787
552,退汇是什么意思,0.9101242464730336
553,好人贷是邀请制吗,0.9099566922599127
554,如何查询当期车贷还款金额,0.9095070803529651
555,密码如何修改,0.9089363993826383
556,好人贷如何降低利率,0.9083103755247396
557,车贷还款记录如何查询,0.9082632948943538
558,如何进入好人贷页面,0.9079551042061905
559,如何注销公众号,0.9075109823487049
560,优惠券如何使用,0.9071886760943194
561,额度占用问题,0.9069451944360871
562,什么是当期账单,0.906795837418718
563,如何查询还款日,0.9064472570093478
564,新网银行账户是什么,0.9064068703328637
565,如何办理好人卡？,0.9062008252031843
566,有多少人获得好人贷额度,0.9061038438003218
567,季得利如何计息,0.9059546018841522
568,好人贷为什么额度低,0.9058616369385044
569,如何降低/关闭额度,0.9053370072100341
570,如何选择按期还款/任性还款,0.9052255388965218
571,新网有哪些产品,0.9045453993349273
572,经侦是指什么,0.9041106923174337
573,如何录制活体检测,0.9035638880351606
574,好人贷年化利率是多少,0.9035099082567931
575,客户称赞服务好,0.9031922829731068
576,好人贷是否有临时额度,0.9027900269627148
577,好人贷借款合同有效期是多久,0.902757721663579
578,消费凭证有效期是多久,0.9024124664619302
579,新网银行APP下载,0.9021168540170008
580,好人贷为何无法还款,0.902039286306454
581,好人贷如何提高额度,0.901998646652255
582,存款产品是否保本保息,0.9016442815472532
583,如何更换好人贷默认还款账户,0.9014905839834706
584,各还款方式如何进行还款,0.9008958429003748
585,好人贷如何试算利息,0.9004230629879757
586,客户表示稍等,0.9002810283823215
587,如何绑定银行卡,0.900278781212993
588,客户表示有合作意向,0.8991890022918073
589,合作平台如何还款,0.8987729585702039
590,车贷合同如何查看,0.8987515656945331
591,车贷如何修改注册手机号码,0.897364185824947
592,什么是一、二、三类户,0.8973166003715045
593,手持身份证拍照的注意事项,0.8973118869809327
594,好人贷月利率是多少,0.8971930252074367
595,车贷可以修改还款日吗,0.8971814330450603
596,怎样用其他手机登录好人贷,0.8958091759952524
597,罚息介绍,0.8956767998701669
598,车辆信息如何查询,0.8953143250988391
599,美利车联系电话,0.8950628167622597
600,如何更换借款收款银行卡,0.8944135153907419
601,房产保证金是什么,0.892823894585883
602,季得利是什么,0.8927214303258103
603,好人贷账户如何查询,0.8911034677282359
604,如何进入个人中心,0.8904887415788535
605,如何注销新网二类户,0.8895655963043717
606,如何查询车贷还款日,0.8892983249462233
607,存管账户如何注销,0.8889967294890364
608,如何在新网银行开户,0.8887062861648399
609,如何邀请好友申请好人贷,0.888532243742237
610,新网银行简介,0.888200591551951
611,如何换绑银行卡,0.8871302766111973
612,工新借是什么,0.8867153368354207
613,关于消费凭证,0.8865372571334169
614,随心存如何登录,0.8863591643070811
615,额度冻结怎么办,0.8863000993917608
616,个人可以在新网开立几个账户,0.8862493538064421
617,好人贷放款至什么账户,0.8859180680553754
618,好人贷还款后多久到账,0.885585918842329
619,车贷申请多久可以放款,0.8850966936608435
620,车贷支持手动还款吗,0.8850013985033183
621,好人贷利率是多少,0.8848504754159389
622,为何无法销户,0.8847478219075822
623,好人贷如何审核,0.8837465979716446
624,如何冻结新网银行账户,0.8836244305606619
625,为何无法申请好人贷,0.883074500567529
626,车贷收取哪些费用,0.882162508845858
627,如何查询新网账户,0.8793358269862191
628,如何解绑银行卡,0.8790698901172768
629,批扣时间段是多久,0.8781476013017985
630,车贷如何办理解押手续,0.8773484686717524
631,什么是登录密码,0.8772545561141321
632,车贷利息是多少,0.8760094972216471
633,好人贷的办理时间,0.8738695363515083
634,好人贷审核时间是多久,0.8737779902493803
635,车贷平台如何查询,0.8736618459875363
636,车贷如何解绑银行卡,0.8734130186953417
637,工新借如何申请,0.8712925448690748
638,什么是还款日,0.8712460478209728
639,客户提出建议,0.8710907127344901
640,好人贷如何自助提额,0.8701947314532338
641,季得利如何支取,0.8699730900387518
642,注销账户的处理时间,0.8692130860941866
643,好人贷借款规则,0.8690893564017008
644,好人贷额度是多少,0.866428965361489
645,好人贷消费用途,0.8615286153430637
646,好人贷如何提前还款,0.8579711857995913
647,可否对公还款,0.857575912749238
648,好人贷额度有效期是多久,0.8568101875594322
649,车贷逾期如何还款,0.856193654045253
650,可否延期还款,0.8561151122166516
651,车贷如何还款？,0.8555865308028368
652,好人贷是什么,0.8554940352083098
653,车贷如何更换还款银行卡,0.8538431263192228
654,好人贷贷款期限是多久,0.8499694906473954
655,好人贷提额周期是多久,0.8492453190778774
656,好人贷如何主动还款,0.8471996373194189
657,如何增加银行卡,0.8433508068468846
658,什么平台的贷款,0.8415540082419379
659,车贷如何提前还款,0.8409212778839367
660,好人贷如何申请,0.8365628565881481
661,如何删除身份证信息,0.8358176550040503
662,车贷如何申请,0.8250546961820813
663,好事贷如何还款,0.8170733436853784
664,好人贷借款多久到账,0.8097209334346233
665,好人贷账户如何注销,0.8014827762991777
666,好人贷如何还款,0.7767075871520769
