0,银行卡绑定失败,1.0
1,绑定银行卡失败,0.996780533106264
2,银行卡挂失会影响自动扣款吗,0.9773428276696432
3,绑定银行卡产生费用吗,0.9769811427213675
4,银行卡是二类户影响扣款吗,0.9743401987467079
5,更换银行卡会影响自动扣款吗,0.9724195039892464
6,好人卡绑定云闪付/微信等失败怎么办,0.9714857108368457
7,为何之前绑定的银行卡不支持扣款了,0.9667796063887053
8,新网银行有实体卡片吗,0.9666044933465143
9,收款卡发卡行拒绝放款失败什么意思？,0.9661335204450923
10,支持绑定的银行卡类型有哪些,0.9660282401239331
11,为何提示支付平台银行卡未开通银联无卡认证支付,0.9650416085805358
12,手机获取验证码失败,0.9649497450021928
13,好人贷必须绑定银行卡使用吗,0.9647372730290386
14,转入新网银行使用的密码是交易密码还是银行卡密码,0.9642697694032402
15,好人贷只能通过绑定的银行卡还款吗,0.964072802073538
16,绑卡时页面上的银行卡预留手机号码可以修改吗,0.9640211435891793
17,可否取消银行卡限额,0.9635740297826983
18,为何提示交易密码验证失败,0.963200412087131
19,自动扣款失败怎么办,0.9615169823139313
20,贷款证明开据失败怎么办,0.960663569663353
21,银行卡开通银联在线支付后是否可正常还款,0.9604974047186592
22,白骑士认证失败是什么意思,0.9603990668660746
23,银行渠道维护无法操作怎么办,0.960258515381232
24,好人贷注册手机号与银行卡预留手机号是否需要一致？,0.9601927094851627
25,视频认证录制失败的原因是什么,0.9588194955763412
26,存管密码被锁定怎么办,0.9587251536442891
27,未接到好人贷回访电话会被拒吗,0.9582374078092447
28,非绑定银行卡可否与新网二类户转账,0.958173408158121
29,活体检测失败怎么办,0.9581123363471222
30,人脸识别失败怎么办,0.9579469549971772
31,扣款失败的原因,0.9575809803347735
32,页面为何提示“开户失败”、“账户存在异常操作/账户异常”,0.9574004902785608
33,开户失败原因,0.9573993586190045
34,新网银行扣款通道是什么,0.9573909257675765
35,补扣会影响信用吗,0.9570685063300943
36,新网银行发送的短信验证码的有效时长？,0.957049252394365
37,为何提示支付平台发卡行拒绝,0.9568920057596312
38,新网银行能否绑定云闪付,0.9567956340174475
39,交易密码无法设置,0.956563018863116
40,新网银行存款是否受保障,0.9561400240038815
41,可绑定银行卡数量上限,0.956022481393512
42,实名认证失败的原因是什么,0.9559946328499059
43,系统升级会影响扣款吗,0.955927720288042
44,为何提示支付平台受发卡行资金用途限制拒绝交易,0.9558045653542706
45,为何提示支付平台暂不支持的银行或限额,0.9556998319034375
46,为何同时收到了还款成功和失败的短信,0.9556971136575368
47,新网银行合作的存管平台有哪些,0.955386035989075
48,为何提示支付平台该客户无默认扣款卡，交易没有发给统一支付,0.9553526339167093
49,线上开据证明为何和征信金额不符,0.9551704806775211
50,新网银行开户支持的证件有哪些,0.9550427621596501
51,新网银行人工客服电话打不通,0.9549416658390936
52,为何提示支付平台持卡人信息有误,0.9548368887169536
53,什么是银行卡预留手机号？,0.9545974832336281
54,平台方手机号变更导致我行无法直接开据结清证明问题,0.9544796767950275
55,新网银行以何名义查询征信,0.9543156921531748
56,为何收到新网银行逾期提醒短信,0.9539744863355757
57,新网银行视频认证的QQ号码是多少,0.9538599538434752
58,新网银行自动扣款次数,0.9537509404228504
59,可否按照征信订单号开据证明,0.9536687994128624
60,为什么拍照认证时总是不成功或显示系统崩溃,0.9536619867598128
61,季得利提前支取影响已发放利息吗,0.9533862274221615
62,为何提示支付平台渠道不支持的银行,0.9532455558040093
63,为何征信上有新网银行上报的逾期,0.9531651518193106
64,为何存管查询提示没有密码,0.9530834279841612
65,为何提示支付平台不允许持卡人进行的交易,0.9528626294191427
66,好人贷支持扣款的银行有哪些,0.9527041025915347
67,更改银行卡预留手机号的方法,0.95263527323427
68,微信/支付宝等可否与新网银行账户互相绑定,0.9522281428701759
69,为何重置密码后仍提示密码错误,0.9521513085568228
70,好人贷为什么提示“账户存在异常操作”,0.9521455250665788
71,新网银行二类户与好人贷是否为同一个手机号码,0.9517407167988859
72,为何征信上有新网银行的贷款审批记录,0.9517086166655907
73,无法提供消费凭证可以取消贷款吗,0.9515754521296841
74,提前还款会影响个人征信吗,0.951510340081762
75,能否开具非恶意逾期证明,0.951409276129968
76,修改手机号后是否需要重置登录密码,0.9513521065516374
77,新网银行自动扣款时间,0.9513161859340952
78,转账到新网银行如何操作,0.9511729933896355
79,是否会发生重复扣款情况,0.9510331244555921
80,核身链接失效的原因,0.9509804000708584
81,密码被锁定怎么办,0.9507312130448478
82,企业邮箱填写错误怎么办,0.9506325885245446
83,实名认证是否查询征信,0.9505002294683859
84,好人贷申请成功会有短信通知吗,0.9503993349308741
85,借款到账后页面未更新借款状态,0.9503538661533926
86,结清证明印章无法查看,0.9502376246810789
87,新网银行合作平台有哪些,0.9499928396488516
88,好人贷申请是否查询芝麻信用,0.9498954267693314
89,为何提示支付平台账户余额不足,0.9498333507589577
90,银行渠道维护是指什么,0.9498090904041717
91,半年得利提前支取影响已发放利息吗,0.9495262070985405
92,新办的手机号可以申请好人贷吗,0.9495120855661253
93,线上是否可开据征信版结清证明,0.9495076132949627
94,可以通过他人银行卡转入到新网银行账户吗,0.9495071817059488
95,实名认证为什么不符,0.9494720317257894
96,挖财还款是否为新网银行代扣,0.9494381617924084
97,新网银行存款属于理财产品吗,0.9492822737430494
98,修改手机号码/微信号是否会影响自动扣款,0.9492787763772766
99,获取验证码次数超限怎么办,0.9492658236699798
100,新网银行存款类产品有哪些,0.9489165961465137
101,新网银行有信用卡吗,0.9487249352050835
102,平台还款信息为何与新网银行不一致,0.9486788101621476
103,未正常还款我行会进行催收吗,0.9486023775364177
104,新网银行账户的交易记录如何查看,0.948484311423765
105,销户后为何还能解绑银行卡,0.948393731043685
106,联系新网银行客服有哪几种方式,0.9482719274837235
107,为何提示用户未实名认证,0.9482259822967697
108,企业邮箱验证码可否重新获取,0.948217819411833
109,为何提示支付平台签约关系不存在,0.947971194625113
110,还款银行卡是否需要开通银联在线支付业务,0.9479688207973757
111,新网银行有哪些产品可以提额,0.9479650353897396
112,新网账户绑定微信/支付宝后支持提现或充值吗,0.9477318846680372
113,接收短信的手机号是否为注册手机号,0.9476697909539433
114,如何查看银行卡管理列表,0.9476195648886029
115,是否可以取消自动扣款,0.9475814943002779
116,借款合同是否有展示提前还款会收取违约金的情况,0.9474546089858574
117,新网银行二类户如何转入/转出,0.9473847373267008
118,为何提示支付平台账户状态异常,0.9473676539042499
119,存款需要先开立银行账户吗,0.9472623744334543
120,好人贷审核时是否给填写的联系人去电,0.94715261238221
121,为何无法登录存管查询,0.947066297707832
122,借款失败怎么办,0.9470385199813325
123,转账时为何提示未面核,0.9470084423788135
124,注册手机号及微信号需要实名制吗,0.946984604740059
125,进入随心存为何提示手机号码不一致,0.9469545456134008
126,新网二类户上的资金是否计息,0.94687267196627
127,为何提示支付平台其他错误,0.9468182919564783
128,线上开据证明有次数限制吗,0.9468047090496525
129,为何存管信息与平台显示不一致,0.9467132459062731
130,好人贷注册手机号无法使用,0.9465780261089363
131,开据证明时为何需要实名认证,0.9465536334781715
132,借款成功会有短信等提醒吗,0.9464755801114824
133,好人贷审核不通过对个人有什么影响,0.946345539123608
134,我行放款的其他平台借款会上报征信吗,0.9463081536059039
135,好人贷账户是否为新网银行二类户？,0.9462764782230663
136,为何申请好人贷后显示未获取额度,0.9461875847205423
137,手机号归属地与定位地不一致是否有影响,0.946120913080783
138,新网银行人工客服电话是多少,0.9460304147087099
139,为何征信上有新网上报的贷款记录,0.9460211960591615
140,银联在线支付是什么,0.945780347059004
141,好人贷借款超时未到账如何处理,0.9456998128818227
142,通过本人微信找回密码是指什么,0.945469057763829
143,为何提示支付平台当日交易次数超限,0.9454224468442189
144,为何征信上的放款日期与实际借款日期不一致,0.9454203207283024
145,购买存款页面为何提示“额度不足，无法购买”,0.9453928519858606
146,为何图文验证码输入正确却提示错误,0.9453446631257986
147,申请好人贷后，可否更改授信结果,0.9451678840232802
148,好人贷手动还款时为何提示批次执行中,0.9451570096841658
149,贷款结清之后能否删除贷款记录,0.944955697543035
150,为何提示还款卡不存在,0.9449014647741041
151,新网银行的活期利率是多少,0.9449007024372035
152,什么是无卡支付及免密支付,0.9448995762856149
153,扣款结果会有短信提示吗,0.94487300462901
154,好人贷提额会查询征信吗,0.9448398111206608
155,银联在线支付如何开通,0.9448393623496143
156,贷款证明的电子章是否具有法律效应,0.944839266302378
157,好人贷授信首页显示利率是否为固定利率,0.9448246920752588
158,新网银行是否上市,0.9447489844704733
159,操作好人贷是否需要开启定位,0.9446370156692909
160,新网银行的官网地址是什么,0.9446233329693916
161,如何查询转账到新网银行的记录,0.9443455332863564
162,优信扣款成功后为何显示待还款,0.9443438694519244
163,银行卡还款限额是多少,0.9443216621746064
164,好人贷审核电话是多少,0.9442581136337905
165,存管查询的余额如何提现,0.9442258287552392
166,好人贷是否支持归还逾期部分账单,0.9439054378907539
167,新网银行二类户限额是多少,0.9438974676897676
168,注销注册用户后是否可恢复？,0.9438967564434245
169,线下转账如何填写新网银行开户信息,0.9437447656862503
170,登录密码为何无法重置,0.94362218057883
171,存管查询为何提示用户不存在或者信息有误,0.9436150210444815
172,如何查看手机号是否实名制,0.9435157557412256
173,好人贷被拒后为何没有下次开放时间,0.9433195315198399
174,开具结清证明时为何无法登录,0.9432474113970285
175,随心存停售后有影响吗,0.9432319524035396
176,为何提示不具备开具资格,0.9430917610766664
177,好人贷交易密码如何设置,0.9429758522804542
178,如何取消征信查询及使用授权书,0.942922610541717
179,目前支持的银行有哪些,0.9428176992825616
180,为何收到新网银行还款短信,0.9427884166380213
181,开据证明时为何提示账户存在异常,0.9427419031600427
182,银行转账未到账怎么办,0.942739575321597
183,审核电话可更改接听电话吗,0.9426896582106994
184,为何提示支付平台交易金额超限,0.9426606853951414
185,好人贷只能使用微信登录吗？,0.9426161871316574
186,好人贷申请需要填写哪些个人信息,0.9425129399463529
187,结清证明的印章是否可以用公章,0.9424495138504607
188,还款金额超银行卡限额怎么办,0.9423099710215278
189,好人贷以什么贷款类型上报人行征信？,0.9423096085494755
190,身份证上传失败怎么办,0.9422690313502117
191,客服能否查看聊天记录,0.9422218316346728
192,申请好人贷没有公司邮箱怎么办,0.9421964922969381
193,新网银行有哪些活动,0.9420210890473051
194,结清贷款后征信上是否会显示结清,0.9416749221040074
195,新网银行地址在哪里,0.9415897467713518
196,如何设置存管支付密码,0.9415606790780141
197,为何人脸识别提示光线太足,0.9414246723700667
198,随心存如何修改交易密码,0.9413730388605239
199,查询结清证明申请是否已提交,0.9413616533524058
200,能否人工开据贷款证明,0.9412890857903264
201,能否删除个人信息,0.9412778659371589
202,再次申请好人贷会查询征信吗,0.9412588818488512
203,新网银行三类户是什么,0.9412043139492265
204,征信上显示的贷款金额是否包含利息,0.9409599190440677
205,随心存可以在我行公众号查询/操作吗,0.9409481761557075
206,手机号无法使用为什么,0.9408890546076644
207,诺诺发票贷的利率是多少,0.9408206806416051
208,新网银行账户可以在哪些地方使用,0.9407541671063269
209,新网二类户转入/转出收取手续费吗,0.9407404158912225
210,拨打我行人工客服电话是否收费,0.9407177484129354
211,申请好人贷必须填写联系人信息吗,0.9406100742210455
212,为什么点击拍照没有反应,0.9405607821181218
213,如何修改存管账户预留手机号码,0.9405552416473721
214,为何无法提交好人贷申请资料,0.9405249322101593
215,名下所有卡被冻结后如何还款,0.9404556290819871
216,好人贷不借款会产生利息或费用吗,0.9403247470774487
217,如何查询是否开通银联在线支付,0.9403138915823955
218,如何查看委托支付协议,0.9402912665982758
219,好人贷借款金额与到账金额是否一致,0.9402769700410959
220,申请诺诺发票贷需要什么条件,0.9402175360995959
221,电话客服是否可以受理结清证明,0.9401825358327867
222,新网银行存款产品为何暂停交易,0.9401489999405325
223,新网银行有企业贷款吗？,0.9401263114765702
224,随心存利率是多少,0.9400343488277166
225,好人贷是否支持提前还当期账单,0.9399430767872149
226,随心存操作渠道有哪些,0.9399167973067095
227,登录时的图文验证码是否区分大小写,0.9399145837011035
228,为什么好人贷第一期还款金额与之后不一致,0.9398748972689297
229,合同为何无法打开,0.9398068220519835
230,为何申请好人贷页面显示暂无资格,0.9397970803726088
231,为何提示支付平台支取金额超过可用余额,0.9397756427465914
232,京东存款如何修改注册手机号码,0.9395721436641469
233,客服能否看到客户申请好人贷的信息,0.9395374204070125
234,为什么提示用户不存在,0.9394830256971004
235,转账到新网银行账户是否还款成功,0.9394002927270053
236,好人贷支持微信/支付宝扣款吗,0.9392762871594155
237,新网银行行号是多少,0.9390135292802716
238,申请好人贷需要下载APP吗？,0.9389771942070806
239,在线客服是否是人工客服,0.9388921398214716
240,借款时选错收款账户怎么办？,0.9387664480021037
241,实名认证审核时间,0.9387261942484296
242,注册手机号更换成功后何时可以正常使用,0.9386327209761508
243,新网银行公众号如何取消关注,0.9386226072724497
244,企业邮箱为何验证不了,0.9385184392742226
245,好人贷自动扣款规则,0.9384754001234272
246,定期存款操作的渠道有哪些,0.9381630044973963
247,为什么收到提额短信但额度未提升,0.9380885702298486
248,为何提示系统异常,0.9379717045426599
249,如何查看随心存购买情况,0.9379252986394424
250,好人贷能否绑定他人银行卡,0.9377152083896625
251,存款产品是否存满五年才能支取,0.9376391488766379
252,如何修改实名认证手机号码,0.9375404681915116
253,好人贷借款后能否修改贷款信息,0.937463209020218
254,申请好人贷需要开个人账户吗？,0.9374131853721122
255,提前结清贷款后还会扣款吗,0.9373282334411308
256,公众号页面的“我的排号”是什么意思,0.9371676239894166
257,如何查询好人贷申请的授信结果,0.9370606913423972
258,可以查询注册手机号码吗,0.9370172708598422
259,平台方提供的客户审批资料能否提供给客户,0.9370011339796535
260,为什么提前还款显示联合贷批次执行中？,0.9369555334815164
261,视频认证的步骤是什么,0.9367600419586188
262,验证码发送至什么手机号,0.9367408589663945
263,什么情况算违约,0.9367071507887519
264,为何提示缺少必要参数,0.9367031468346838
265,新网银行有招聘吗,0.9365470002826041
266,如何查询合作平台贷款是否结清,0.9364978533190961
267,关闭其他平台额度后，能否恢复好人贷额度,0.9363374307052267
268,征信报告是什么样的,0.9362585567314055
269,当期账单支持再分期吗,0.9361215051679332
270,好人贷-云闪付是什么,0.9361099904395613
271,随心存如何查看收益情况,0.9360497254514498
272,存款产品如何重置交易密码,0.9357969528238068
273,随心存提前支取到账时间,0.9356904855418721
274,新网银行账户可以设置为好人贷借/还款账户吗,0.93568154319092
275,五年定期存款支持提前支取吗,0.9355323449384678
276,京东存款是否支持提前支取/提前部分支取？,0.9354313358470453
277,电脑端可以登录好人贷吗,0.9353429461285532
278,随心存支持提前支取吗,0.9352741871436007
279,随心存利率为何会发生变化,0.935216565771107
280,新网银行业务办理时间,0.9351680980987199
281,为什么银行还款存在限额？,0.9351602134852592
282,申请好人贷工作信息如何填写,0.935121495301004
283,为何结清证明显示日期与平台不符,0.9349267206055268
284,存管账户充值限额,0.934904278990041
285,申请被拒怎么办,0.9348623235001762
286,好人贷申请能否撤销,0.9348026499312313
287,客户催促需要加急办理,0.934739100720388
288,新网银行如何联系客户,0.9346703445344026
289,存款页面是否会显示每日收益,0.9346580925998793
290,开据证明为何显示没有符合要求的订单,0.934592430889833
291,好人贷为什么无法登录,0.9345866305061984
292,好人贷定位如何开启,0.9345639019182683
293,为何申请好人贷无结果,0.9344976949740943
294,为何提示还款存在差错,0.9344890766546959
295,存管提现到账时间是多久,0.9343970587601522
296,逾期后还款金额是否会增加,0.9343452645262218
297,季得利的操作渠道有哪些,0.9342185729920562
298,申请好人贷有区域或者号段等限制吗,0.9341025508905552
299,销户后是否上征信,0.9340753128147121
300,存款产品的资金可以用于好人贷还款吗,0.9339055611156806
301,微信号更换成功后何时可以正常使用,0.9338379743783566
302,滴水贷客服电话是多少,0.9338053643396311
303,页面为什么异常跳转,0.9337968733012596
304,申请好人贷需要公积金、社保吗？,0.9334633301823466
305,实际申请金额与放款金额不一致可否取消车贷,0.9333501040605543
306,存在迁户问题怎么处理,0.9331950605003626
307,好人贷申请是否可以使用临时身份证,0.9331218696039437
308,身份证更换期间会影响好人贷贷款吗,0.9330871129997378
309,京东存款的计息规则及计息公式,0.9330832804451357
310,页面为何无法打开,0.9330652663447239
311,"好人贷有回访电话吗""",0.9330557477756252
312,客户咨询其他平台催收问题,0.9328609609188834
313,可以查询个人信息资料吗？,0.9328378206234857
314,我行对客邮箱是多少,0.9327983599835463
315,新网二类户为何无法转入/转出,0.9327484142871331
316,关于客户个人信息安全问题,0.9327459190338708
317,结清贷款后什么时候可以开据结清证明,0.9325275005818474
318,新网二类户转入/转出有时间限制吗,0.9325159782828316
319,人脸识别使用的是照片还是视频,0.9323707816354604
320,逾期造成的影响是什么,0.9323582144271083
321,结清证明的发送方式有哪些,0.9323572233253385
322,他人可以使用本人信息申请好人贷吗,0.932306457190772
323,使用优惠券后提前还款利息如何计算,0.9322484173843553
324,公众号是否有还款提示,0.9322469660661012
325,申请好人贷后有没有回复,0.9322095237819233
326,京东存款为什么显示当日额度为什么已售罄？,0.9318874018908386
327,在线咨询是否支持客户发送语音,0.9318580720079256
328,如何查询其他平台扣款银行卡,0.9317810099014777
329,新网银行以什么名义放款,0.9317712469699558
330,申请好人贷使用的邮箱是公司邮箱还是个人邮箱,0.9315974695448308
331,审核电话内容是什么,0.9315746072587943
332,提前支取有限制吗,0.9314310810699272
333,好人贷扣款账户如何查看,0.9314000378093251
334,合作平台如何取消贷款,0.9313820506746766
335,好人贷借款时还会审核吗,0.9311605482128295
336,新网二类户可以升级为一类户吗？,0.9310073679664084
337,为何好人贷还款时提示“交易处理中”,0.9309667312346017
338,好人贷申请的渠道有哪些,0.9308362880509566
339,结清证明是否是还款记录证明,0.9308351609658779
340,客服是否是随机分配,0.9308001498229681
341,好人贷如何查看所支持的还款方式,0.9306017365113788
342,人工是否可操作扣款,0.9303214080744134
343,有额度不使用有什么影响吗,0.9300141542345711
344,好人贷有回访电话吗,0.9299949524033299
345,如何查看优惠券的使用情况,0.929934469364436
346,提前支取时为何显示存入,0.9299333577239863
347,好人贷需要面签吗,0.9299023620093836
348,为什么取消了提前部分还款,0.92964112140563
349,好人贷账户如何更换手机号码,0.9296294708894977
350,自动扣款如何操作,0.9296027797533015
351,申请好人贷需要哪些资料,0.9295196137191993
352,查询各类工单办理进度,0.9295116569240659
353,什么是单笔借据和多笔借据,0.9291731682256876
354,好人贷借款记录如何查询,0.9290524171992183
355,还款日当天是否自动扣款,0.9289839374423504
356,如何查看好人贷相关协议/合同？,0.9289600888939733
357,为什么收到美利车金融的短信,0.9289590792284826
358,如何修改新网随心存注册号码,0.9286914636688272
359,新网银行有几个网点,0.9283889355632998
360,忘记密码怎么办,0.9283369953659912
361,如何确保还款日当天会扣款成功,0.9282885796946339
362,好人贷利率为什么调高了,0.928169536269229
363,客户发送截图以及个人信息等,0.9281602089046864
364,好人贷可以重新申请吗,0.9281093287276948
365,还款日当天支持手动还款吗,0.9280526570841177
366,如何修改征信上的个人信息,0.9279626549380701
367,好人贷申请是否支持人工受理,0.9278431398862222
368,我们是四川新网银行吗,0.9276339122783712
369,随心存到期后何时到账,0.9276214949291025
370,申请好人贷后为何页面显示仍可提交申请,0.9276087437099174
371,好人贷还款记录如何查询,0.9275986707868576
372,如何查询存管账户流水,0.9275747108836614
373,逾期未还款如何处理,0.9275428096563872
374,为什么无法注册,0.92747972121581
375,为什么没有扣款,0.9274594515721523
376,提额会有通知吗,0.9274027051220404
377,好人贷上征信吗,0.9273392565972993
378,好人贷账户如何挂失,0.9273381247126746
379,好人贷借款如何上报征信,0.9271729884375121
380,如何更改其他平台的注册手机号码,0.9270909010221264
381,什么是风控审核中,0.9270709956986914
382,如何购买新网银行存款产品,0.9270159391660991
383,存管账户如何查询,0.9270108075538949
384,什么情况算逾期,0.9268841387914125
385,存款产品如何修改手机号,0.9267852588431399
386,好人贷部分提前还款规则,0.9267476858692766
387,修改手机号码的处理时间是多久,0.9267050181935809
388,好人贷收取哪些费用,0.9266258742948054
389,可否补充企业邮箱,0.926473594574411
390,好事贷收取哪些费用,0.926452885826823
391,好人贷额度为什么变低了,0.9263097661485232
392,令牌无效是什么,0.9262255703485336
393,好人贷额度必须一次性借完吗,0.9261367667107386
394,借款后如何判定下次还款日期,0.9260471600617616
395,好人贷申请必须使用身份证原件吗,0.9260372719396823
396,人脸拍摄规范,0.9259515699801097
397,在哪个平台操作提现,0.9258965417323435
398,还款日可以修改吗,0.925871722056769
399,月得利提前支取如何计息,0.9258589364776874
400,罚息能否减免,0.925719824865842
401,黑户/白户是否可以申请好人贷,0.9256448684668978
402,好人贷通过率多少,0.9255643884751146
403,抵押类贷款如何办理,0.9254467174350396
404,节假日可以操作各类存款吗,0.9253576597492301
405,随心存产品停售原因,0.9252881547346402
406,好人贷还款后额度何时恢复,0.9252382399550596
407,如何查看贷款合同,0.9251316978947296
408,系统繁忙是什么原因,0.9251294179102889
409,征信是什么,0.9249884777178177
410,车贷扣款支持的银行卡有哪些,0.9248719983083321
411,如何把注册用户与结算用户都注销,0.9248691922265552
412,如何查询申请相关的协议书,0.9247994432767498
413,下一次开放时间是什么意思,0.9246890988089996
414,五年定期存款的利率是多少,0.9246761995913128
415,随心存存款期限有哪些,0.9246156471325405
416,美团客服热线是多少,0.9245020626067709
417,申请创客贷需要什么条件,0.9244014047025202
418,好人贷与其他平台类似产品的区别是什么,0.9243869060341845
419,为何提示该证件已被使用,0.9243331325308447
420,结清证明会展示哪些信息,0.924258445430017
421,定期存款的利率是多少,0.9242376103981559
422,定期存款是否有存单,0.9241278391012847
423,提前还款有次数限制吗,0.9240894893877415
424,提前还款手续费是多少,0.9240524832020671
425,咨询可以发送图片吗？,0.9240432314790025
426,客户表示不满,0.9238357024708178
427,为何按期还款只能选择部分贷款期限,0.9237439799931129
428,客户表示还款成功,0.9236713157631055
429,好人贷贷款利息如何计算,0.9234373696451605
430,还款后为何未更新还款状态,0.9233065668959489
431,好人贷-云闪付如何更换收/还款银行卡,0.9231987231457603
432,优信客服电话是多少,0.9230015270766426
433,好人贷个人资料如何修改,0.9228996188660136
434,为何销户后还能看到好人贷信息,0.9228244709205453
435,贷款证明如何开据,0.9227912946319589
436,自动扣款时间段是多久,0.9227326410602168
437,怎样才能成功申请到额度,0.9227067311806487
438,好人贷为什么无法借款,0.9226524578733798
439,好人贷提前还款最低还多少,0.9224255206754624
440,销户后可以再开户吗,0.9224139773301061
441,客户表示没有问题了,0.9223996446417613
442,申请好人贷需要什么条件,0.92230620846103
443,车贷能否绑定他人银行卡,0.9221253574172541
444,好人贷能否人工操作提额,0.9220677385388755
445,按期还款和任性还款的区别是什么,0.9220497348715193
446,居住信息如何填写,0.9215012675146516
447,查询车贷的注册手机号码是什么,0.921400172150701
448,好人贷额度是否循环使用,0.9213715625171999
449,新网银行好事贷如何申请,0.9211103742991259
450,申请好人贷是否都有额度,0.9210762596131956
451,销户与否会产生什么影响,0.9209782237167286
452,如何退出微信公众号,0.9209732317851611
453,什么是我的额度和可借额度,0.9209303392995406
454,好人贷支持周末借款吗？,0.9208223032743094
455,征信上报周期及更新时间,0.9207766557876456
456,哪些渠道可以购买京东存款产品？,0.9207480499542587
457,如何获取线上核身链接,0.9205989824065958
458,周得利提前支取如何计息,0.9203004317519322
459,如何操作随心存大额存款,0.9202884480339979
460,结清证明开据时间是多久,0.9202039206986731
461,自助提额什么时候上线,0.9201646828325264
462,他行渠道汇入新网账户的到账时间是多久,0.9199285762289722
463,还款后页面显示等待中,0.9195998081196421
464,银行渠道维护时间一般是多久,0.9195931430527967
465,为何还款后额度恢复减少了,0.9192176341547186
466,新网账户之间能否互相转账,0.9189365998527114
467,如何查看好人贷还款计划,0.918934800636177
468,如何知晓已注销成功,0.918645804137773
469,周得利计息规则,0.9184356875127478
470,什么是分批次扣款,0.9184106107036171
471,一个身份证可以申请好人贷两次吗？,0.9184033295591053
472,还款记录如何查看,0.918376575288474
473,好人贷支持随时借款吗,0.9183045285142815
474,如何开据存款证明,0.9182540791109874
475,好人贷支持随借随还吗,0.9182169505126466
476,企业邮箱格式是什么,0.9177110399725106
477,新网诺诺发票贷如何申请,0.9177096380238422
478,随心存T+1是什么,0.9175121200605233
479,好人贷支持在国外发起借款吗,0.9175050420232009
480,如何关注新网银行公众号,0.9174456413210424
481,好人贷还款方式有哪些,0.91737994589742
482,线上转入新网银行账户到账时间是多久,0.917347982169974
483,随心存存入限额,0.9172903237913539
484,车贷合同为何无法查看,0.9171041384582952
485,如何查询好人贷借据收款银行卡,0.9170755583988385
486,好人贷利率为什么高,0.9169201833784719
487,如何开立存管账户,0.9166715810699873
488,如何激活新网二类户,0.9165738178798517
489,如何查询账户是否冻结,0.9163259872555615
490,新网银行人工客服服务时间,0.9160140314702864
491,为何页面出现多个新网银行账户,0.9159342557293736
492,车贷合同里的金额是否包含利息,0.9158565661962165
493,如何更换微信号,0.9158308520502805
494,好人贷如何实名认证,0.9157982902544819
495,什么是活体检测,0.9156527214873112
496,如何注销新网注册用户,0.9155642218721878
497,选择任性还款/按期还款利息如何计算,0.9150920702484938
498,如何查询征信报告,0.9150564305469912
499,如何解约快捷支付？,0.9150341106999935
500,存款产品支取通用路径,0.9149678241986748
501,客户提到投诉,0.9147898910925026
502,好人贷申请身份证可否添加水印,0.9147832696322041
503,注册规则是什么,0.9146051153724379
504,好人贷是否支持提前还款,0.9145164774129247
505,可以咨询吗,0.9142562339685719
506,新网银行账户是什么,0.9140370373945094
507,可以重新注册吗,0.9140116695842889
508,如何通过线下方式转入新网二类户,0.9136665515789624
509,额度占用问题,0.9133287591189007
510,存款利率是多少,0.9132905931797065
511,好人贷-云闪付如何提前还款,0.9132256720741774
512,好人贷额度是否会发生变化,0.9131554772537039
513,如何查询是否已申请好人贷,0.9130082410983054
514,好人贷是邀请制吗,0.9125777487360863
515,上传身份证时需填写的内容是什么,0.9123094053973515
516,随心存是什么,0.9120270207065545
517,如何绑定银行卡,0.9119732872480043
518,其他贷款怎么办理,0.9118531427395692
519,输入身份证号码时，为何无法输入字母,0.9118262391309288
520,新网银行APP下载,0.9118018287340741
521,如何查看开户结果,0.9114981609983198
522,好人贷如何降低利率,0.9108403148439281
523,选择任何还款方式都可以提前还款吗,0.910690420951616
524,退汇是什么意思,0.9106633098740425
525,能否让客服回电,0.9103278545843284
526,客户表示知道了,0.909952090599002
527,如何登录微信公众号,0.909950614110678
528,节假日可以借/还款吗,0.9097595939768157
529,如何更换好人贷默认还款账户,0.9097297275181713
530,好人贷当期能否最低还款,0.909667255003468
531,是否需要使用本人手机操作好人贷,0.9093690192521193
532,消费凭证有效期是多久,0.9091689777282123
533,好人贷有额度后如何进行贷款,0.9088396142196932
534,开通什么业务,0.9084979512509268
535,创客贷额度是多少,0.9078044464193483
536,好人贷电话回访时间,0.9077191876018373
537,好人贷额度他人能否使用,0.9076748743415844
538,公众号如何注册,0.9076738037062477
539,存管是什么,0.9074024120605562
540,如何更换借款收款银行卡,0.9072608019887348
541,身份证过期可以申请好人贷吗,0.9070291474769238
542,58车金融客服电话是多少,0.9068097003795708
543,如何查询当期车贷还款金额,0.9068025124557176
544,罚息介绍,0.90669777995223
545,开户是什么意思,0.9062613455260581
546,额度冻结是什么意思？,0.9060477288640912
547,如何办理好人卡？,0.9060348095466961
548,如何办理对公业务,0.9060044455532096
549,如何获得优惠券,0.9059523541917474
550,随心存如何计息,0.9058590153383749
551,如何录制活体检测,0.9053190143418103
552,车贷还款记录如何查询,0.90526211207659
553,有多少人获得好人贷额度,0.9047765140875231
554,如何换绑银行卡,0.9047386346045785
555,获取额度后多久可发起借款,0.9045541102330432
556,如何签署借款合同,0.9045026352437706
557,好人贷为什么额度低,0.904257388045696
558,五年定期存款是什么,0.9035872675449056
559,好人贷是否有临时额度,0.90321208443621
560,如何降低/关闭额度,0.9031974161410002
561,存款产品是否保本保息,0.9031762600022604
562,优惠券如何使用,0.9031635344900424
563,经侦是指什么,0.9030506758743664
564,好人贷借款合同有效期是多久,0.902741374679052
565,季得利如何计息,0.9026889016501248
566,好人贷年化利率是多少,0.902655339141579
567,存管账户如何注销,0.9025572802756073
568,新网银行简介,0.9025367947077514
569,身份证信息变更后如何更新,0.9024597543327306
570,迁户是什么意思,0.9023106074972267
571,好人贷为何无法还款,0.9021387828606866
572,好人贷如何试算利息,0.9020919668960511
573,任性还款是什么,0.9019479963963125
574,好人贷如何提高额度,0.9017959075057543
575,可以让别人代还款吗？,0.9017426281233772
576,什么是注册号码？,0.9017124310593189
577,车贷还款只扣除部分是什么原因,0.90169851001888
578,客户表示需要考虑,0.9016588999833092
579,如何查询还款日,0.901355196736466
580,什么是综合评估,0.901345854073034
581,客户要求发送相关模板,0.9010077036570476
582,按期还款是什么,0.9009282840433559
583,定期存款到期如何支取,0.9008966102298765
584,密码如何修改,0.9006832692358044
585,如何注销公众号,0.9005868627560812
586,好人贷月利率是多少,0.9001753314316246
587,什么是当期账单,0.8993818582715201
588,好人贷账户如何查询,0.8993124826371787
589,关于消费凭证,0.8984476254300001
590,手持身份证拍照的注意事项,0.898301960298737
591,如何在新网银行开户,0.8973914003133358
592,房产保证金是什么,0.896996855564217
593,新网有哪些产品,0.8961868616219485
594,客户称赞服务好,0.8955278123647632
595,如何解绑银行卡,0.8952009649022536
596,好人贷放款至什么账户,0.8949974791842685
597,如何进入好人贷页面,0.8947519978383061
598,如何冻结新网银行账户,0.8943481947715991
599,车贷如何修改注册手机号码,0.8940868730780663
600,客户表示稍等,0.8935311667557984
601,如何注销新网二类户,0.892991083443823
602,如何选择按期还款/任性还款,0.8928015355077185
603,车贷可以修改还款日吗,0.892007318392219
604,工新借是什么,0.8917221862809541
605,各还款方式如何进行还款,0.8912309363879869
606,车贷合同如何查看,0.8911021545784844
607,怎样用其他手机登录好人贷,0.8910945295002239
608,合作平台如何还款,0.891012675759409
609,好人贷如何审核,0.8905247966043727
610,好人贷审核时间是多久,0.8904666006178087
611,美利车联系电话,0.8902222662219454
612,车辆信息如何查询,0.8900674147671994
613,车贷如何解绑银行卡,0.8893471330097664
614,如何邀请好友申请好人贷,0.8889906675940498
615,批扣时间段是多久,0.8888108908518925
616,好人贷利率是多少,0.8882926462789169
617,季得利是什么,0.8882686775847928
618,如何查询车贷还款日,0.8877789592682591
619,为何无法申请好人贷,0.8877741714581681
620,为何无法销户,0.8859360921566439
621,车贷申请多久可以放款,0.8852669223654684
622,额度冻结怎么办,0.8847996496082222
623,好人贷还款后多久到账,0.8841938175593442
624,如何查询新网账户,0.8837171533318487
625,什么是一、二、三类户,0.8836414670734303
626,客户表示有合作意向,0.883142491541372
627,如何进入个人中心,0.8822359857849884
628,个人可以在新网开立几个账户,0.8820546904502108
629,车贷支持手动还款吗,0.8813099320426568
630,车贷收取哪些费用,0.8806213218821131
631,随心存如何登录,0.8799058264933938
632,工新借如何申请,0.8787650199026461
633,好人贷如何自助提额,0.8786242040929706
634,好人贷借款规则,0.8774383538354689
635,注销账户的处理时间,0.876985226836213
636,车贷如何办理解押手续,0.8764786588905168
637,好人贷的办理时间,0.8763448186938967
638,车贷利息是多少,0.8749452790979727
639,好人贷消费用途,0.8742165244740461
640,什么是登录密码,0.8714772190340732
641,车贷平台如何查询,0.8706747413967743
642,好人贷额度是多少,0.8699676496067182
643,季得利如何支取,0.8681988673812985
644,什么是还款日,0.8666569626832805
645,车贷如何更换还款银行卡,0.866583499859142
646,好人贷额度有效期是多久,0.8654076262226195
647,如何增加银行卡,0.8638605222462219
648,好人贷是什么,0.8637274590129983
649,好人贷贷款期限是多久,0.863725089042029
650,好人贷提额周期是多久,0.8637244726556274
651,可否对公还款,0.8633639083620837
652,客户提出建议,0.8618163131807203
653,好人贷如何提前还款,0.8609494452709278
654,可否延期还款,0.8565909475863671
655,车贷逾期如何还款,0.8559373660137612
656,好人贷如何主动还款,0.8546203511116295
657,如何删除身份证信息,0.8525413446678768
658,车贷如何还款？,0.8518215875947793
659,什么平台的贷款,0.8487198792931847
660,好人贷如何申请,0.843097113594697
661,车贷如何提前还款,0.8385468281078615
662,车贷如何申请,0.8323526980511718
663,好事贷如何还款,0.8313041999477628
664,好人贷借款多久到账,0.8252792268722978
665,好人贷账户如何注销,0.8233326859759355
666,好人贷如何还款,0.7917250669654861
